speech_id,date,title,word,count
vyp6JITYFM8,2026-07-24,Pidato Prabowo di Harlah PKB,kita,108
vyp6JITYFM8,2026-07-24,Pidato Prabowo di Harlah PKB,saya,106
vyp6JITYFM8,2026-07-24,Pidato Prabowo di Harlah PKB,yang,69
vyp6JITYFM8,2026-07-24,Pidato Prabowo di Harlah PKB,ini,61
vyp6JITYFM8,2026-07-24,Pidato Prabowo di Harlah PKB,itu,54
vyp6JITYFM8,2026-07-24,Pidato Prabowo di Harlah PKB,ya,41
vyp6JITYFM8,2026-07-24,Pidato Prabowo di Harlah PKB,dan,35
vyp6JITYFM8,2026-07-24,Pidato Prabowo di Harlah PKB,enggak,33
vyp6JITYFM8,2026-07-24,Pidato Prabowo di Harlah PKB,tidak,29
vyp6JITYFM8,2026-07-24,Pidato Prabowo di Harlah PKB,di,28
vyp6JITYFM8,2026-07-24,Pidato Prabowo di Harlah PKB,saudara,25
vyp6JITYFM8,2026-07-24,Pidato Prabowo di Harlah PKB,ada,23
vyp6JITYFM8,2026-07-24,Pidato Prabowo di Harlah PKB,indonesia,23
vyp6JITYFM8,2026-07-24,Pidato Prabowo di Harlah PKB,kan,23
vyp6JITYFM8,2026-07-24,Pidato Prabowo di Harlah PKB,kalau,21
vyp6JITYFM8,2026-07-24,Pidato Prabowo di Harlah PKB,ketua,21
vyp6JITYFM8,2026-07-24,Pidato Prabowo di Harlah PKB,kasih,20
vyp6JITYFM8,2026-07-24,Pidato Prabowo di Harlah PKB,adalah,18
vyp6JITYFM8,2026-07-24,Pidato Prabowo di Harlah PKB,bangsa,18
vyp6JITYFM8,2026-07-24,Pidato Prabowo di Harlah PKB,partai,18
vyp6JITYFM8,2026-07-24,Pidato Prabowo di Harlah PKB,lagi,17
vyp6JITYFM8,2026-07-24,Pidato Prabowo di Harlah PKB,pkb,17
vyp6JITYFM8,2026-07-24,Pidato Prabowo di Harlah PKB,tapi,17
vyp6JITYFM8,2026-07-24,Pidato Prabowo di Harlah PKB,jadi,16
vyp6JITYFM8,2026-07-24,Pidato Prabowo di Harlah PKB,sudah,16
vyp6JITYFM8,2026-07-24,Pidato Prabowo di Harlah PKB,mau,15
vyp6JITYFM8,2026-07-24,Pidato Prabowo di Harlah PKB,rakyat,15
vyp6JITYFM8,2026-07-24,Pidato Prabowo di Harlah PKB,akan,14
vyp6JITYFM8,2026-07-24,Pidato Prabowo di Harlah PKB,juga,14
vyp6JITYFM8,2026-07-24,Pidato Prabowo di Harlah PKB,apa,13
vyp6JITYFM8,2026-07-24,Pidato Prabowo di Harlah PKB,bisa,13
vyp6JITYFM8,2026-07-24,Pidato Prabowo di Harlah PKB,kepada,13
vyp6JITYFM8,2026-07-24,Pidato Prabowo di Harlah PKB,semua,13
vyp6JITYFM8,2026-07-24,Pidato Prabowo di Harlah PKB,tahun,13
vyp6JITYFM8,2026-07-24,Pidato Prabowo di Harlah PKB,terima,13
vyp6JITYFM8,2026-07-24,Pidato Prabowo di Harlah PKB,benar,12
vyp6JITYFM8,2026-07-24,Pidato Prabowo di Harlah PKB,luar,12
vyp6JITYFM8,2026-07-24,Pidato Prabowo di Harlah PKB,umum,12
vyp6JITYFM8,2026-07-24,Pidato Prabowo di Harlah PKB,boleh,11
vyp6JITYFM8,2026-07-24,Pidato Prabowo di Harlah PKB,dari,11
vyp6JITYFM8,2026-07-24,Pidato Prabowo di Harlah PKB,dia,11
vyp6JITYFM8,2026-07-24,Pidato Prabowo di Harlah PKB,negara,11
vyp6JITYFM8,2026-07-24,Pidato Prabowo di Harlah PKB,pakai,11
vyp6JITYFM8,2026-07-24,Pidato Prabowo di Harlah PKB,para,11
vyp6JITYFM8,2026-07-24,Pidato Prabowo di Harlah PKB,saudara-saudara,11
vyp6JITYFM8,2026-07-24,Pidato Prabowo di Harlah PKB,untuk,11
vyp6JITYFM8,2026-07-24,Pidato Prabowo di Harlah PKB,dalam,10
vyp6JITYFM8,2026-07-24,Pidato Prabowo di Harlah PKB,ekonomi,10
vyp6JITYFM8,2026-07-24,Pidato Prabowo di Harlah PKB,kekayaan,10
vyp6JITYFM8,2026-07-24,Pidato Prabowo di Harlah PKB,pasal,10
vyp6JITYFM8,2026-07-24,Pidato Prabowo di Harlah PKB,dapat,9
vyp6JITYFM8,2026-07-24,Pidato Prabowo di Harlah PKB,ee,9
vyp6JITYFM8,2026-07-24,Pidato Prabowo di Harlah PKB,hari,9
vyp6JITYFM8,2026-07-24,Pidato Prabowo di Harlah PKB,kok,9
vyp6JITYFM8,2026-07-24,Pidato Prabowo di Harlah PKB,mereka,9
vyp6JITYFM8,2026-07-24,Pidato Prabowo di Harlah PKB,baik,8
vyp6JITYFM8,2026-07-24,Pidato Prabowo di Harlah PKB,biasa,8
vyp6JITYFM8,2026-07-24,Pidato Prabowo di Harlah PKB,bulan,8
vyp6JITYFM8,2026-07-24,Pidato Prabowo di Harlah PKB,hadir,8
vyp6JITYFM8,2026-07-24,Pidato Prabowo di Harlah PKB,ibu-ibu,8
vyp6JITYFM8,2026-07-24,Pidato Prabowo di Harlah PKB,karena,8
vyp6JITYFM8,2026-07-24,Pidato Prabowo di Harlah PKB,lain,8
vyp6JITYFM8,2026-07-24,Pidato Prabowo di Harlah PKB,sama,8
vyp6JITYFM8,2026-07-24,Pidato Prabowo di Harlah PKB,ulama,8
vyp6JITYFM8,2026-07-24,Pidato Prabowo di Harlah PKB,aja,7
vyp6JITYFM8,2026-07-24,Pidato Prabowo di Harlah PKB,banyak,7
vyp6JITYFM8,2026-07-24,Pidato Prabowo di Harlah PKB,dolar,7
vyp6JITYFM8,2026-07-24,Pidato Prabowo di Harlah PKB,hormati,7
vyp6JITYFM8,2026-07-24,Pidato Prabowo di Harlah PKB,kekuatan,7
vyp6JITYFM8,2026-07-24,Pidato Prabowo di Harlah PKB,keyakinan,7
vyp6JITYFM8,2026-07-24,Pidato Prabowo di Harlah PKB,lebih,7
vyp6JITYFM8,2026-07-24,Pidato Prabowo di Harlah PKB,lihat,7
vyp6JITYFM8,2026-07-24,Pidato Prabowo di Harlah PKB,menteri,7
vyp6JITYFM8,2026-07-24,Pidato Prabowo di Harlah PKB,tadi,7
vyp6JITYFM8,2026-07-24,Pidato Prabowo di Harlah PKB,tahu,7
vyp6JITYFM8,2026-07-24,Pidato Prabowo di Harlah PKB,bapak,6
vyp6JITYFM8,2026-07-24,Pidato Prabowo di Harlah PKB,collaps,6
vyp6JITYFM8,2026-07-24,Pidato Prabowo di Harlah PKB,dasar,6
vyp6JITYFM8,2026-07-24,Pidato Prabowo di Harlah PKB,dewan,6
vyp6JITYFM8,2026-07-24,Pidato Prabowo di Harlah PKB,hanya,6
vyp6JITYFM8,2026-07-24,Pidato Prabowo di Harlah PKB,harus,6
vyp6JITYFM8,2026-07-24,Pidato Prabowo di Harlah PKB,ibu,6
vyp6JITYFM8,2026-07-24,Pidato Prabowo di Harlah PKB,ingin,6
vyp6JITYFM8,2026-07-24,Pidato Prabowo di Harlah PKB,mana,6
vyp6JITYFM8,2026-07-24,Pidato Prabowo di Harlah PKB,memang,6
vyp6JITYFM8,2026-07-24,Pidato Prabowo di Harlah PKB,merasa,6
vyp6JITYFM8,2026-07-24,Pidato Prabowo di Harlah PKB,mungkin,6
vyp6JITYFM8,2026-07-24,Pidato Prabowo di Harlah PKB,presiden,6
vyp6JITYFM8,2026-07-24,Pidato Prabowo di Harlah PKB,sebut,6
vyp6JITYFM8,2026-07-24,Pidato Prabowo di Harlah PKB,undang-undang,6
vyp6JITYFM8,2026-07-24,Pidato Prabowo di Harlah PKB,acara,5
vyp6JITYFM8,2026-07-24,Pidato Prabowo di Harlah PKB,artinya,5
vyp6JITYFM8,2026-07-24,Pidato Prabowo di Harlah PKB,atas,5
vyp6JITYFM8,2026-07-24,Pidato Prabowo di Harlah PKB,bahwa,5
vyp6JITYFM8,2026-07-24,Pidato Prabowo di Harlah PKB,baru,5
vyp6JITYFM8,2026-07-24,Pidato Prabowo di Harlah PKB,besar,5
vyp6JITYFM8,2026-07-24,Pidato Prabowo di Harlah PKB,dengan,5
vyp6JITYFM8,2026-07-24,Pidato Prabowo di Harlah PKB,habis,5
vyp6JITYFM8,2026-07-24,Pidato Prabowo di Harlah PKB,ilmu,5
vyp6JITYFM8,2026-07-24,Pidato Prabowo di Harlah PKB,iya,5
vyp6JITYFM8,2026-07-24,Pidato Prabowo di Harlah PKB,kebangkitan,5
vyp6JITYFM8,2026-07-24,Pidato Prabowo di Harlah PKB,kewajiban,5
vyp6JITYFM8,2026-07-24,Pidato Prabowo di Harlah PKB,kiai,5
vyp6JITYFM8,2026-07-24,Pidato Prabowo di Harlah PKB,masalah,5
vyp6JITYFM8,2026-07-24,Pidato Prabowo di Harlah PKB,masih,5
vyp6JITYFM8,2026-07-24,Pidato Prabowo di Harlah PKB,nanti,5
vyp6JITYFM8,2026-07-24,Pidato Prabowo di Harlah PKB,orang,5
vyp6JITYFM8,2026-07-24,Pidato Prabowo di Harlah PKB,perjuangan,5
vyp6JITYFM8,2026-07-24,Pidato Prabowo di Harlah PKB,pertahanan,5
vyp6JITYFM8,2026-07-24,Pidato Prabowo di Harlah PKB,prabowo,5
vyp6JITYFM8,2026-07-24,Pidato Prabowo di Harlah PKB,satu,5
vyp6JITYFM8,2026-07-24,Pidato Prabowo di Harlah PKB,sekarang,5
vyp6JITYFM8,2026-07-24,Pidato Prabowo di Harlah PKB,seluruh,5
vyp6JITYFM8,2026-07-24,Pidato Prabowo di Harlah PKB,terus,5
vyp6JITYFM8,2026-07-24,Pidato Prabowo di Harlah PKB,wartawan,5
vyp6JITYFM8,2026-07-24,Pidato Prabowo di Harlah PKB,amanat,4
vyp6JITYFM8,2026-07-24,Pidato Prabowo di Harlah PKB,berada,4
vyp6JITYFM8,2026-07-24,Pidato Prabowo di Harlah PKB,bersama,4
vyp6JITYFM8,2026-07-24,Pidato Prabowo di Harlah PKB,bocor,4
vyp6JITYFM8,2026-07-24,Pidato Prabowo di Harlah PKB,dpp,4
vyp6JITYFM8,2026-07-24,Pidato Prabowo di Harlah PKB,hah,4
vyp6JITYFM8,2026-07-24,Pidato Prabowo di Harlah PKB,hati,4
vyp6JITYFM8,2026-07-24,Pidato Prabowo di Harlah PKB,ingat,4
vyp6JITYFM8,2026-07-24,Pidato Prabowo di Harlah PKB,kalian,4
vyp6JITYFM8,2026-07-24,Pidato Prabowo di Harlah PKB,ke,4
vyp6JITYFM8,2026-07-24,Pidato Prabowo di Harlah PKB,koordinator,4
vyp6JITYFM8,2026-07-24,Pidato Prabowo di Harlah PKB,kopi,4
vyp6JITYFM8,2026-07-24,Pidato Prabowo di Harlah PKB,kritik,4
vyp6JITYFM8,2026-07-24,Pidato Prabowo di Harlah PKB,lu,4
vyp6JITYFM8,2026-07-24,Pidato Prabowo di Harlah PKB,malam,4
vyp6JITYFM8,2026-07-24,Pidato Prabowo di Harlah PKB,nasional,4
vyp6JITYFM8,2026-07-24,Pidato Prabowo di Harlah PKB,pada,4
vyp6JITYFM8,2026-07-24,Pidato Prabowo di Harlah PKB,pak,4
vyp6JITYFM8,2026-07-24,Pidato Prabowo di Harlah PKB,perintah,4
vyp6JITYFM8,2026-07-24,Pidato Prabowo di Harlah PKB,pertama,4
vyp6JITYFM8,2026-07-24,Pidato Prabowo di Harlah PKB,perwira,4
vyp6JITYFM8,2026-07-24,Pidato Prabowo di Harlah PKB,politik,4
vyp6JITYFM8,2026-07-24,Pidato Prabowo di Harlah PKB,sampai,4
vyp6JITYFM8,2026-07-24,Pidato Prabowo di Harlah PKB,sekaligus,4
vyp6JITYFM8,2026-07-24,Pidato Prabowo di Harlah PKB,sekolah,4
vyp6JITYFM8,2026-07-24,Pidato Prabowo di Harlah PKB,siapa,4
vyp6JITYFM8,2026-07-24,Pidato Prabowo di Harlah PKB,sini,4
vyp6JITYFM8,2026-07-24,Pidato Prabowo di Harlah PKB,timur,4
vyp6JITYFM8,2026-07-24,Pidato Prabowo di Harlah PKB,waduh,4
vyp6JITYFM8,2026-07-24,Pidato Prabowo di Harlah PKB,wakil,4
vyp6JITYFM8,2026-07-24,Pidato Prabowo di Harlah PKB,aduh,3
vyp6JITYFM8,2026-07-24,Pidato Prabowo di Harlah PKB,ahmad,3
vyp6JITYFM8,2026-07-24,Pidato Prabowo di Harlah PKB,anak,3
vyp6JITYFM8,2026-07-24,Pidato Prabowo di Harlah PKB,arah,3
vyp6JITYFM8,2026-07-24,Pidato Prabowo di Harlah PKB,bapak-bapak,3
vyp6JITYFM8,2026-07-24,Pidato Prabowo di Harlah PKB,begitu,3
vyp6JITYFM8,2026-07-24,Pidato Prabowo di Harlah PKB,belum,3
vyp6JITYFM8,2026-07-24,Pidato Prabowo di Harlah PKB,berapa,3
vyp6JITYFM8,2026-07-24,Pidato Prabowo di Harlah PKB,bersyukur,3
vyp6JITYFM8,2026-07-24,Pidato Prabowo di Harlah PKB,bertanding,3
vyp6JITYFM8,2026-07-24,Pidato Prabowo di Harlah PKB,betul,3
vyp6JITYFM8,2026-07-24,Pidato Prabowo di Harlah PKB,bikin,3
vyp6JITYFM8,2026-07-24,Pidato Prabowo di Harlah PKB,bukan,3
vyp6JITYFM8,2026-07-24,Pidato Prabowo di Harlah PKB,bung,3
vyp6JITYFM8,2026-07-24,Pidato Prabowo di Harlah PKB,coba,3
vyp6JITYFM8,2026-07-24,Pidato Prabowo di Harlah PKB,demokrat,3
vyp6JITYFM8,2026-07-24,Pidato Prabowo di Harlah PKB,dibacakan,3
vyp6JITYFM8,2026-07-24,Pidato Prabowo di Harlah PKB,dibawa,3
vyp6JITYFM8,2026-07-24,Pidato Prabowo di Harlah PKB,diberikan,3
vyp6JITYFM8,2026-07-24,Pidato Prabowo di Harlah PKB,drum,3
vyp6JITYFM8,2026-07-24,Pidato Prabowo di Harlah PKB,gagasan,3
vyp6JITYFM8,2026-07-24,Pidato Prabowo di Harlah PKB,galak,3
vyp6JITYFM8,2026-07-24,Pidato Prabowo di Harlah PKB,gelasmu,3
vyp6JITYFM8,2026-07-24,Pidato Prabowo di Harlah PKB,gerindra,3
vyp6JITYFM8,2026-07-24,Pidato Prabowo di Harlah PKB,gimana,3
vyp6JITYFM8,2026-07-24,Pidato Prabowo di Harlah PKB,golkar,3
vyp6JITYFM8,2026-07-24,Pidato Prabowo di Harlah PKB,gus,3
vyp6JITYFM8,2026-07-24,Pidato Prabowo di Harlah PKB,h,3
vyp6JITYFM8,2026-07-24,Pidato Prabowo di Harlah PKB,hadiah,3
vyp6JITYFM8,2026-07-24,Pidato Prabowo di Harlah PKB,ijtimah,3
vyp6JITYFM8,2026-07-24,Pidato Prabowo di Harlah PKB,ikor,3
vyp6JITYFM8,2026-07-24,Pidato Prabowo di Harlah PKB,jangan,3
vyp6JITYFM8,2026-07-24,Pidato Prabowo di Harlah PKB,jembatan,3
vyp6JITYFM8,2026-07-24,Pidato Prabowo di Harlah PKB,k,3
vyp6JITYFM8,2026-07-24,Pidato Prabowo di Harlah PKB,kadang-kadang,3
vyp6JITYFM8,2026-07-24,Pidato Prabowo di Harlah PKB,keluarkan,3
vyp6JITYFM8,2026-07-24,Pidato Prabowo di Harlah PKB,layak,3
vyp6JITYFM8,2026-07-24,Pidato Prabowo di Harlah PKB,maju,3
vyp6JITYFM8,2026-07-24,Pidato Prabowo di Harlah PKB,masuk,3
vyp6JITYFM8,2026-07-24,Pidato Prabowo di Harlah PKB,media,3
vyp6JITYFM8,2026-07-24,Pidato Prabowo di Harlah PKB,mempertahankan,3
vyp6JITYFM8,2026-07-24,Pidato Prabowo di Harlah PKB,negeri,3
vyp6JITYFM8,2026-07-24,Pidato Prabowo di Harlah PKB,ngomong,3
vyp6JITYFM8,2026-07-24,Pidato Prabowo di Harlah PKB,nunggu,3
vyp6JITYFM8,2026-07-24,Pidato Prabowo di Harlah PKB,nyebrang,3
vyp6JITYFM8,2026-07-24,Pidato Prabowo di Harlah PKB,oleh,3
vyp6JITYFM8,2026-07-24,Pidato Prabowo di Harlah PKB,pembangunan,3
vyp6JITYFM8,2026-07-24,Pidato Prabowo di Harlah PKB,pemerintah,3
vyp6JITYFM8,2026-07-24,Pidato Prabowo di Harlah PKB,pengakuan,3
vyp6JITYFM8,2026-07-24,Pidato Prabowo di Harlah PKB,pun,3
vyp6JITYFM8,2026-07-24,Pidato Prabowo di Harlah PKB,punya,3
vyp6JITYFM8,2026-07-24,Pidato Prabowo di Harlah PKB,rekomendasi,3
vyp6JITYFM8,2026-07-24,Pidato Prabowo di Harlah PKB,saja,3
vyp6JITYFM8,2026-07-24,Pidato Prabowo di Harlah PKB,saudari,3
vyp6JITYFM8,2026-07-24,Pidato Prabowo di Harlah PKB,sebetulnya,3
vyp6JITYFM8,2026-07-24,Pidato Prabowo di Harlah PKB,sedang,3
vyp6JITYFM8,2026-07-24,Pidato Prabowo di Harlah PKB,segala,3
vyp6JITYFM8,2026-07-24,Pidato Prabowo di Harlah PKB,sejahtera,3
vyp6JITYFM8,2026-07-24,Pidato Prabowo di Harlah PKB,sekalian,3
vyp6JITYFM8,2026-07-24,Pidato Prabowo di Harlah PKB,siap,3
vyp6JITYFM8,2026-07-24,Pidato Prabowo di Harlah PKB,situ,3
vyp6JITYFM8,2026-07-24,Pidato Prabowo di Harlah PKB,tadinya,3
vyp6JITYFM8,2026-07-24,Pidato Prabowo di Harlah PKB,tanpa,3
vyp6JITYFM8,2026-07-24,Pidato Prabowo di Harlah PKB,terhadap,3
vyp6JITYFM8,2026-07-24,Pidato Prabowo di Harlah PKB,terharu,3
vyp6JITYFM8,2026-07-24,Pidato Prabowo di Harlah PKB,triliun,3
vyp6JITYFM8,2026-07-24,Pidato Prabowo di Harlah PKB,ulang,3
vyp6JITYFM8,2026-07-24,Pidato Prabowo di Harlah PKB,yakin,3
vyp6JITYFM8,2026-07-24,Pidato Prabowo di Harlah PKB,agar,2
vyp6JITYFM8,2026-07-24,Pidato Prabowo di Harlah PKB,agus,2
vyp6JITYFM8,2026-07-24,Pidato Prabowo di Harlah PKB,agustus,2
vyp6JITYFM8,2026-07-24,Pidato Prabowo di Harlah PKB,air,2
vyp6JITYFM8,2026-07-24,Pidato Prabowo di Harlah PKB,akal-akalan,2
vyp6JITYFM8,2026-07-24,Pidato Prabowo di Harlah PKB,akhir,2
vyp6JITYFM8,2026-07-24,Pidato Prabowo di Harlah PKB,amin,2
vyp6JITYFM8,2026-07-24,Pidato Prabowo di Harlah PKB,anggota,2
vyp6JITYFM8,2026-07-24,Pidato Prabowo di Harlah PKB,apa-apa,2
vyp6JITYFM8,2026-07-24,Pidato Prabowo di Harlah PKB,april,2
vyp6JITYFM8,2026-07-24,Pidato Prabowo di Harlah PKB,ayo,2
vyp6JITYFM8,2026-07-24,Pidato Prabowo di Harlah PKB,baca,2
vyp6JITYFM8,2026-07-24,Pidato Prabowo di Harlah PKB,bagi,2
vyp6JITYFM8,2026-07-24,Pidato Prabowo di Harlah PKB,bahasa,2
vyp6JITYFM8,2026-07-24,Pidato Prabowo di Harlah PKB,bahlil,2
vyp6JITYFM8,2026-07-24,Pidato Prabowo di Harlah PKB,band,2
vyp6JITYFM8,2026-07-24,Pidato Prabowo di Harlah PKB,banget,2
vyp6JITYFM8,2026-07-24,Pidato Prabowo di Harlah PKB,bangun,2
vyp6JITYFM8,2026-07-24,Pidato Prabowo di Harlah PKB,bayar,2
vyp6JITYFM8,2026-07-24,Pidato Prabowo di Harlah PKB,beda,2
vyp6JITYFM8,2026-07-24,Pidato Prabowo di Harlah PKB,benar-benar,2
vyp6JITYFM8,2026-07-24,Pidato Prabowo di Harlah PKB,berjuang,2
vyp6JITYFM8,2026-07-24,Pidato Prabowo di Harlah PKB,berkumpul,2
vyp6JITYFM8,2026-07-24,Pidato Prabowo di Harlah PKB,bicara,2
vyp6JITYFM8,2026-07-24,Pidato Prabowo di Harlah PKB,cari,2
vyp6JITYFM8,2026-07-24,Pidato Prabowo di Harlah PKB,depan,2
vyp6JITYFM8,2026-07-24,Pidato Prabowo di Harlah PKB,diambil,2
vyp6JITYFM8,2026-07-24,Pidato Prabowo di Harlah PKB,dilantik,2
vyp6JITYFM8,2026-07-24,Pidato Prabowo di Harlah PKB,dosa,2
vyp6JITYFM8,2026-07-24,Pidato Prabowo di Harlah PKB,dua,2
vyp6JITYFM8,2026-07-24,Pidato Prabowo di Harlah PKB,duduk,2
vyp6JITYFM8,2026-07-24,Pidato Prabowo di Harlah PKB,dukungan,2
vyp6JITYFM8,2026-07-24,Pidato Prabowo di Harlah PKB,dulu,2
vyp6JITYFM8,2026-07-24,Pidato Prabowo di Harlah PKB,edi,2
vyp6JITYFM8,2026-07-24,Pidato Prabowo di Harlah PKB,efisien,2
vyp6JITYFM8,2026-07-24,Pidato Prabowo di Harlah PKB,energi,2
vyp6JITYFM8,2026-07-24,Pidato Prabowo di Harlah PKB,gak,2
vyp6JITYFM8,2026-07-24,Pidato Prabowo di Harlah PKB,gelas,2
vyp6JITYFM8,2026-07-24,Pidato Prabowo di Harlah PKB,gendeng,2
vyp6JITYFM8,2026-07-24,Pidato Prabowo di Harlah PKB,good,2
vyp6JITYFM8,2026-07-24,Pidato Prabowo di Harlah PKB,gunakan,2
vyp6JITYFM8,2026-07-24,Pidato Prabowo di Harlah PKB,harian,2
vyp6JITYFM8,2026-07-24,Pidato Prabowo di Harlah PKB,hasan,2
vyp6JITYFM8,2026-07-24,Pidato Prabowo di Harlah PKB,hati-hati,2
vyp6JITYFM8,2026-07-24,Pidato Prabowo di Harlah PKB,hatinya,2
vyp6JITYFM8,2026-07-24,Pidato Prabowo di Harlah PKB,hebat,2
vyp6JITYFM8,2026-07-24,Pidato Prabowo di Harlah PKB,hentikan,2
vyp6JITYFM8,2026-07-24,Pidato Prabowo di Harlah PKB,hidup,2
vyp6JITYFM8,2026-07-24,Pidato Prabowo di Harlah PKB,hormat,2
vyp6JITYFM8,2026-07-24,Pidato Prabowo di Harlah PKB,ibunya,2
vyp6JITYFM8,2026-07-24,Pidato Prabowo di Harlah PKB,ijtima,2
vyp6JITYFM8,2026-07-24,Pidato Prabowo di Harlah PKB,ilmunya,2
vyp6JITYFM8,2026-07-24,Pidato Prabowo di Harlah PKB,imin,2
vyp6JITYFM8,2026-07-24,Pidato Prabowo di Harlah PKB,ireng,2
vyp6JITYFM8,2026-07-24,Pidato Prabowo di Harlah PKB,iskandar,2
vyp6JITYFM8,2026-07-24,Pidato Prabowo di Harlah PKB,izinkan,2
vyp6JITYFM8,2026-07-24,Pidato Prabowo di Harlah PKB,jalan,2
vyp6JITYFM8,2026-07-24,Pidato Prabowo di Harlah PKB,jawa,2
vyp6JITYFM8,2026-07-24,Pidato Prabowo di Harlah PKB,jualan,2
vyp6JITYFM8,2026-07-24,Pidato Prabowo di Harlah PKB,kabinet,2
vyp6JITYFM8,2026-07-24,Pidato Prabowo di Harlah PKB,kaki,2
vyp6JITYFM8,2026-07-24,Pidato Prabowo di Harlah PKB,kalah,2
vyp6JITYFM8,2026-07-24,Pidato Prabowo di Harlah PKB,kali,2
vyp6JITYFM8,2026-07-24,Pidato Prabowo di Harlah PKB,kamu,2
vyp6JITYFM8,2026-07-24,Pidato Prabowo di Harlah PKB,kancil,2
vyp6JITYFM8,2026-07-24,Pidato Prabowo di Harlah PKB,kaos,2
vyp6JITYFM8,2026-07-24,Pidato Prabowo di Harlah PKB,karya,2
vyp6JITYFM8,2026-07-24,Pidato Prabowo di Harlah PKB,katanya,2
vyp6JITYFM8,2026-07-24,Pidato Prabowo di Harlah PKB,keadilan,2
vyp6JITYFM8,2026-07-24,Pidato Prabowo di Harlah PKB,keluar,2
vyp6JITYFM8,2026-07-24,Pidato Prabowo di Harlah PKB,kembali,2
vyp6JITYFM8,2026-07-24,Pidato Prabowo di Harlah PKB,kepadanyaalah,2
vyp6JITYFM8,2026-07-24,Pidato Prabowo di Harlah PKB,kesebelasan,2
vyp6JITYFM8,2026-07-24,Pidato Prabowo di Harlah PKB,kesepakatan,2
vyp6JITYFM8,2026-07-24,Pidato Prabowo di Harlah PKB,kira,2
vyp6JITYFM8,2026-07-24,Pidato Prabowo di Harlah PKB,koalisi,2
vyp6JITYFM8,2026-07-24,Pidato Prabowo di Harlah PKB,konstitusi,2
vyp6JITYFM8,2026-07-24,Pidato Prabowo di Harlah PKB,kuat,2
vyp6JITYFM8,2026-07-24,Pidato Prabowo di Harlah PKB,lalu,2
vyp6JITYFM8,2026-07-24,Pidato Prabowo di Harlah PKB,lo,2
vyp6JITYFM8,2026-07-24,Pidato Prabowo di Harlah PKB,loh,2
vyp6JITYFM8,2026-07-24,Pidato Prabowo di Harlah PKB,lsm,2
vyp6JITYFM8,2026-07-24,Pidato Prabowo di Harlah PKB,maha,2
vyp6JITYFM8,2026-07-24,Pidato Prabowo di Harlah PKB,mars,2
vyp6JITYFM8,2026-07-24,Pidato Prabowo di Harlah PKB,masa,2
vyp6JITYFM8,2026-07-24,Pidato Prabowo di Harlah PKB,mei,2
vyp6JITYFM8,2026-07-24,Pidato Prabowo di Harlah PKB,membangun,2
vyp6JITYFM8,2026-07-24,Pidato Prabowo di Harlah PKB,memberi,2
vyp6JITYFM8,2026-07-24,Pidato Prabowo di Harlah PKB,memperbaiki,2
vyp6JITYFM8,2026-07-24,Pidato Prabowo di Harlah PKB,mendukung,2
vyp6JITYFM8,2026-07-24,Pidato Prabowo di Harlah PKB,mengatakan,2
vyp6JITYFM8,2026-07-24,Pidato Prabowo di Harlah PKB,menguatkan,2
vyp6JITYFM8,2026-07-24,Pidato Prabowo di Harlah PKB,mengurangi,2
vyp6JITYFM8,2026-07-24,Pidato Prabowo di Harlah PKB,merah,2
vyp6JITYFM8,2026-07-24,Pidato Prabowo di Harlah PKB,merdeka,2
vyp6JITYFM8,2026-07-24,Pidato Prabowo di Harlah PKB,mewujudkan,2
vyp6JITYFM8,2026-07-24,Pidato Prabowo di Harlah PKB,muhaimin,2
vyp6JITYFM8,2026-07-24,Pidato Prabowo di Harlah PKB,muhammad,2
vyp6JITYFM8,2026-07-24,Pidato Prabowo di Harlah PKB,musim,2
vyp6JITYFM8,2026-07-24,Pidato Prabowo di Harlah PKB,ngerti,2
vyp6JITYFM8,2026-07-24,Pidato Prabowo di Harlah PKB,nyai,2
vyp6JITYFM8,2026-07-24,Pidato Prabowo di Harlah PKB,oh,2
vyp6JITYFM8,2026-07-24,Pidato Prabowo di Harlah PKB,padahal,2
vyp6JITYFM8,2026-07-24,Pidato Prabowo di Harlah PKB,palestina,2
vyp6JITYFM8,2026-07-24,Pidato Prabowo di Harlah PKB,paling,2
vyp6JITYFM8,2026-07-24,Pidato Prabowo di Harlah PKB,pancasila,2
vyp6JITYFM8,2026-07-24,Pidato Prabowo di Harlah PKB,pangan,2
vyp6JITYFM8,2026-07-24,Pidato Prabowo di Harlah PKB,pantas,2
vyp6JITYFM8,2026-07-24,Pidato Prabowo di Harlah PKB,partai-partai,2
vyp6JITYFM8,2026-07-24,Pidato Prabowo di Harlah PKB,parti,2
vyp6JITYFM8,2026-07-24,Pidato Prabowo di Harlah PKB,pasti,2
vyp6JITYFM8,2026-07-24,Pidato Prabowo di Harlah PKB,pbnu,2
vyp6JITYFM8,2026-07-24,Pidato Prabowo di Harlah PKB,pdp,2
vyp6JITYFM8,2026-07-24,Pidato Prabowo di Harlah PKB,pelajari,2
vyp6JITYFM8,2026-07-24,Pidato Prabowo di Harlah PKB,pendiri-pendiri,2
vyp6JITYFM8,2026-07-24,Pidato Prabowo di Harlah PKB,percaya,2
vyp6JITYFM8,2026-07-24,Pidato Prabowo di Harlah PKB,perintahnya,2
vyp6JITYFM8,2026-07-24,Pidato Prabowo di Harlah PKB,perlu,2
vyp6JITYFM8,2026-07-24,Pidato Prabowo di Harlah PKB,persatu,2
vyp6JITYFM8,2026-07-24,Pidato Prabowo di Harlah PKB,pertiwi,2
vyp6JITYFM8,2026-07-24,Pidato Prabowo di Harlah PKB,perwakilan,2
vyp6JITYFM8,2026-07-24,Pidato Prabowo di Harlah PKB,pidato,2
vyp6JITYFM8,2026-07-24,Pidato Prabowo di Harlah PKB,pimpin,2
vyp6JITYFM8,2026-07-24,Pidato Prabowo di Harlah PKB,podium,2
vyp6JITYFM8,2026-07-24,Pidato Prabowo di Harlah PKB,putih,2
vyp6JITYFM8,2026-07-24,Pidato Prabowo di Harlah PKB,rasa,2
vyp6JITYFM8,2026-07-24,Pidato Prabowo di Harlah PKB,republik,2
vyp6JITYFM8,2026-07-24,Pidato Prabowo di Harlah PKB,roboh,2
vyp6JITYFM8,2026-07-24,Pidato Prabowo di Harlah PKB,salam,2
vyp6JITYFM8,2026-07-24,Pidato Prabowo di Harlah PKB,sampaikan,2
vyp6JITYFM8,2026-07-24,Pidato Prabowo di Harlah PKB,sangat,2
vyp6JITYFM8,2026-07-24,Pidato Prabowo di Harlah PKB,sebagai,2
vyp6JITYFM8,2026-07-24,Pidato Prabowo di Harlah PKB,sekian,2
vyp6JITYFM8,2026-07-24,Pidato Prabowo di Harlah PKB,seperti,2
vyp6JITYFM8,2026-07-24,Pidato Prabowo di Harlah PKB,serta,2
vyp6JITYFM8,2026-07-24,Pidato Prabowo di Harlah PKB,setia,2
vyp6JITYFM8,2026-07-24,Pidato Prabowo di Harlah PKB,sopan,2
vyp6JITYFM8,2026-07-24,Pidato Prabowo di Harlah PKB,subianto,2
vyp6JITYFM8,2026-07-24,Pidato Prabowo di Harlah PKB,sujud,2
vyp6JITYFM8,2026-07-24,Pidato Prabowo di Harlah PKB,suporter,2
vyp6JITYFM8,2026-07-24,Pidato Prabowo di Harlah PKB,tahan,2
vyp6JITYFM8,2026-07-24,Pidato Prabowo di Harlah PKB,tanggal,2
vyp6JITYFM8,2026-07-24,Pidato Prabowo di Harlah PKB,teks,2
vyp6JITYFM8,2026-07-24,Pidato Prabowo di Harlah PKB,tetangga,2
vyp6JITYFM8,2026-07-24,Pidato Prabowo di Harlah PKB,tiga,2
vyp6JITYFM8,2026-07-24,Pidato Prabowo di Harlah PKB,tuhan,2
vyp6JITYFM8,2026-07-24,Pidato Prabowo di Harlah PKB,uangnya,2
vyp6JITYFM8,2026-07-24,Pidato Prabowo di Harlah PKB,ujungnya,2
vyp6JITYFM8,2026-07-24,Pidato Prabowo di Harlah PKB,untung,2
vyp6JITYFM8,2026-07-24,Pidato Prabowo di Harlah PKB,wabarakatuh,2
vyp6JITYFM8,2026-07-24,Pidato Prabowo di Harlah PKB,walaupun,2
vyp6JITYFM8,2026-07-24,Pidato Prabowo di Harlah PKB,warahmatullahi,2
vyp6JITYFM8,2026-07-24,Pidato Prabowo di Harlah PKB,warung,2
vyp6JITYFM8,2026-07-24,Pidato Prabowo di Harlah PKB,abcandra,1
vyp6JITYFM8,2026-07-24,Pidato Prabowo di Harlah PKB,abdul,1
vyp6JITYFM8,2026-07-24,Pidato Prabowo di Harlah PKB,abdullah,1
vyp6JITYFM8,2026-07-24,Pidato Prabowo di Harlah PKB,adal,1
vyp6JITYFM8,2026-07-24,Pidato Prabowo di Harlah PKB,adil,1
vyp6JITYFM8,2026-07-24,Pidato Prabowo di Harlah PKB,agama,1
vyp6JITYFM8,2026-07-24,Pidato Prabowo di Harlah PKB,agil,1
vyp6JITYFM8,2026-07-24,Pidato Prabowo di Harlah PKB,ah,1
vyp6JITYFM8,2026-07-24,Pidato Prabowo di Harlah PKB,aka,1
vyp6JITYFM8,2026-07-24,Pidato Prabowo di Harlah PKB,akal,1
vyp6JITYFM8,2026-07-24,Pidato Prabowo di Harlah PKB,akbar,1
vyp6JITYFM8,2026-07-24,Pidato Prabowo di Harlah PKB,aktif,1
vyp6JITYFM8,2026-07-24,Pidato Prabowo di Harlah PKB,aku,1
vyp6JITYFM8,2026-07-24,Pidato Prabowo di Harlah PKB,alam,1
vyp6JITYFM8,2026-07-24,Pidato Prabowo di Harlah PKB,alatari,1
vyp6JITYFM8,2026-07-24,Pidato Prabowo di Harlah PKB,allah,1
vyp6JITYFM8,2026-07-24,Pidato Prabowo di Harlah PKB,almuzamil,1
vyp6JITYFM8,2026-07-24,Pidato Prabowo di Harlah PKB,aman,1
vyp6JITYFM8,2026-07-24,Pidato Prabowo di Harlah PKB,angela,1
vyp6JITYFM8,2026-07-24,Pidato Prabowo di Harlah PKB,anggaran,1
vyp6JITYFM8,2026-07-24,Pidato Prabowo di Harlah PKB,angka,1
vyp6JITYFM8,2026-07-24,Pidato Prabowo di Harlah PKB,antikritik,1
vyp6JITYFM8,2026-07-24,Pidato Prabowo di Harlah PKB,arti,1
vyp6JITYFM8,2026-07-24,Pidato Prabowo di Harlah PKB,asalamualaikum,1
vyp6JITYFM8,2026-07-24,Pidato Prabowo di Harlah PKB,atasi,1
vyp6JITYFM8,2026-07-24,Pidato Prabowo di Harlah PKB,atau,1
vyp6JITYFM8,2026-07-24,Pidato Prabowo di Harlah PKB,bagaimana,1
vyp6JITYFM8,2026-07-24,Pidato Prabowo di Harlah PKB,bahagia,1
vyp6JITYFM8,2026-07-24,Pidato Prabowo di Harlah PKB,bahasanya,1
vyp6JITYFM8,2026-07-24,Pidato Prabowo di Harlah PKB,bahaya,1
vyp6JITYFM8,2026-07-24,Pidato Prabowo di Harlah PKB,bahkan,1
vyp6JITYFM8,2026-07-24,Pidato Prabowo di Harlah PKB,baju,1
vyp6JITYFM8,2026-07-24,Pidato Prabowo di Harlah PKB,bambang,1
vyp6JITYFM8,2026-07-24,Pidato Prabowo di Harlah PKB,banyumas,1
vyp6JITYFM8,2026-07-24,Pidato Prabowo di Harlah PKB,baskoro,1
vyp6JITYFM8,2026-07-24,Pidato Prabowo di Harlah PKB,be,1
vyp6JITYFM8,2026-07-24,Pidato Prabowo di Harlah PKB,bebas,1
vyp6JITYFM8,2026-07-24,Pidato Prabowo di Harlah PKB,beberapa,1
vyp6JITYFM8,2026-07-24,Pidato Prabowo di Harlah PKB,bekerja,1
vyp6JITYFM8,2026-07-24,Pidato Prabowo di Harlah PKB,belajar,1
vyp6JITYFM8,2026-07-24,Pidato Prabowo di Harlah PKB,belak-blakan,1
vyp6JITYFM8,2026-07-24,Pidato Prabowo di Harlah PKB,belanda,1
vyp6JITYFM8,2026-07-24,Pidato Prabowo di Harlah PKB,belas,1
vyp6JITYFM8,2026-07-24,Pidato Prabowo di Harlah PKB,berbakti,1
vyp6JITYFM8,2026-07-24,Pidato Prabowo di Harlah PKB,berdaulat,1
vyp6JITYFM8,2026-07-24,Pidato Prabowo di Harlah PKB,berdoa,1
vyp6JITYFM8,2026-07-24,Pidato Prabowo di Harlah PKB,bergizi,1
vyp6JITYFM8,2026-07-24,Pidato Prabowo di Harlah PKB,berjalan,1
vyp6JITYFM8,2026-07-24,Pidato Prabowo di Harlah PKB,berkah,1
vyp6JITYFM8,2026-07-24,Pidato Prabowo di Harlah PKB,berpisah,1
vyp6JITYFM8,2026-07-24,Pidato Prabowo di Harlah PKB,bersaing,1
vyp6JITYFM8,2026-07-24,Pidato Prabowo di Harlah PKB,bersifat,1
vyp6JITYFM8,2026-07-24,Pidato Prabowo di Harlah PKB,bertakwa,1
vyp6JITYFM8,2026-07-24,Pidato Prabowo di Harlah PKB,bertarung,1
vyp6JITYFM8,2026-07-24,Pidato Prabowo di Harlah PKB,bicaranya,1
vyp6JITYFM8,2026-07-24,Pidato Prabowo di Harlah PKB,bihi,1
vyp6JITYFM8,2026-07-24,Pidato Prabowo di Harlah PKB,bilang,1
vyp6JITYFM8,2026-07-24,Pidato Prabowo di Harlah PKB,bismillahirrahmanirrahim,1
vyp6JITYFM8,2026-07-24,Pidato Prabowo di Harlah PKB,bola,1
vyp6JITYFM8,2026-07-24,Pidato Prabowo di Harlah PKB,bos,1
vyp6JITYFM8,2026-07-24,Pidato Prabowo di Harlah PKB,buat,1
vyp6JITYFM8,2026-07-24,Pidato Prabowo di Harlah PKB,buddhaya,1
vyp6JITYFM8,2026-07-24,Pidato Prabowo di Harlah PKB,buka,1
vyp6JITYFM8,2026-07-24,Pidato Prabowo di Harlah PKB,bumi,1
vyp6JITYFM8,2026-07-24,Pidato Prabowo di Harlah PKB,cabang,1
vyp6JITYFM8,2026-07-24,Pidato Prabowo di Harlah PKB,caci,1
vyp6JITYFM8,2026-07-24,Pidato Prabowo di Harlah PKB,cangkir,1
vyp6JITYFM8,2026-07-24,Pidato Prabowo di Harlah PKB,capital,1
vyp6JITYFM8,2026-07-24,Pidato Prabowo di Harlah PKB,cek,1
vyp6JITYFM8,2026-07-24,Pidato Prabowo di Harlah PKB,cinta,1
vyp6JITYFM8,2026-07-24,Pidato Prabowo di Harlah PKB,cintanya,1
vyp6JITYFM8,2026-07-24,Pidato Prabowo di Harlah PKB,cita-cita,1
vyp6JITYFM8,2026-07-24,Pidato Prabowo di Harlah PKB,cium,1
vyp6JITYFM8,2026-07-24,Pidato Prabowo di Harlah PKB,collapse,1
vyp6JITYFM8,2026-07-24,Pidato Prabowo di Harlah PKB,cucun,1
vyp6JITYFM8,2026-07-24,Pidato Prabowo di Harlah PKB,cukup,1
vyp6JITYFM8,2026-07-24,Pidato Prabowo di Harlah PKB,daerah,1
vyp6JITYFM8,2026-07-24,Pidato Prabowo di Harlah PKB,dalamnya,1
vyp6JITYFM8,2026-07-24,Pidato Prabowo di Harlah PKB,daskco,1
vyp6JITYFM8,2026-07-24,Pidato Prabowo di Harlah PKB,dasko,1
vyp6JITYFM8,2026-07-24,Pidato Prabowo di Harlah PKB,daskoh,1
vyp6JITYFM8,2026-07-24,Pidato Prabowo di Harlah PKB,dasok,1
vyp6JITYFM8,2026-07-24,Pidato Prabowo di Harlah PKB,datang,1
vyp6JITYFM8,2026-07-24,Pidato Prabowo di Harlah PKB,daya,1
vyp6JITYFM8,2026-07-24,Pidato Prabowo di Harlah PKB,demi,1
vyp6JITYFM8,2026-07-24,Pidato Prabowo di Harlah PKB,demokrasi,1
vyp6JITYFM8,2026-07-24,Pidato Prabowo di Harlah PKB,depannya,1
vyp6JITYFM8,2026-07-24,Pidato Prabowo di Harlah PKB,desa,1
vyp6JITYFM8,2026-07-24,Pidato Prabowo di Harlah PKB,desember,1
vyp6JITYFM8,2026-07-24,Pidato Prabowo di Harlah PKB,dewa-dewa,1
vyp6JITYFM8,2026-07-24,Pidato Prabowo di Harlah PKB,dianggap,1
vyp6JITYFM8,2026-07-24,Pidato Prabowo di Harlah PKB,diganggu,1
vyp6JITYFM8,2026-07-24,Pidato Prabowo di Harlah PKB,digelembungkan,1
vyp6JITYFM8,2026-07-24,Pidato Prabowo di Harlah PKB,digelembungkannya,1
vyp6JITYFM8,2026-07-24,Pidato Prabowo di Harlah PKB,dihormati,1
vyp6JITYFM8,2026-07-24,Pidato Prabowo di Harlah PKB,dijual,1
vyp6JITYFM8,2026-07-24,Pidato Prabowo di Harlah PKB,dikritik,1
vyp6JITYFM8,2026-07-24,Pidato Prabowo di Harlah PKB,dimengerti,1
vyp6JITYFM8,2026-07-24,Pidato Prabowo di Harlah PKB,dinikmati,1
vyp6JITYFM8,2026-07-24,Pidato Prabowo di Harlah PKB,dipahami,1
vyp6JITYFM8,2026-07-24,Pidato Prabowo di Harlah PKB,diperbaiki,1
vyp6JITYFM8,2026-07-24,Pidato Prabowo di Harlah PKB,diperkuat,1
vyp6JITYFM8,2026-07-24,Pidato Prabowo di Harlah PKB,dipimpin,1
vyp6JITYFM8,2026-07-24,Pidato Prabowo di Harlah PKB,disambut,1
vyp6JITYFM8,2026-07-24,Pidato Prabowo di Harlah PKB,disebut,1
vyp6JITYFM8,2026-07-24,Pidato Prabowo di Harlah PKB,disentuh,1
vyp6JITYFM8,2026-07-24,Pidato Prabowo di Harlah PKB,disiapkan,1
vyp6JITYFM8,2026-07-24,Pidato Prabowo di Harlah PKB,disimpan,1
vyp6JITYFM8,2026-07-24,Pidato Prabowo di Harlah PKB,ditabung,1
vyp6JITYFM8,2026-07-24,Pidato Prabowo di Harlah PKB,ditabung-tabung,1
vyp6JITYFM8,2026-07-24,Pidato Prabowo di Harlah PKB,ditaruh,1
vyp6JITYFM8,2026-07-24,Pidato Prabowo di Harlah PKB,ditunggu,1
vyp6JITYFM8,2026-07-24,Pidato Prabowo di Harlah PKB,diundang,1
vyp6JITYFM8,2026-07-24,Pidato Prabowo di Harlah PKB,diwakili,1
vyp6JITYFM8,2026-07-24,Pidato Prabowo di Harlah PKB,dong,1
vyp6JITYFM8,2026-07-24,Pidato Prabowo di Harlah PKB,dunia,1
vyp6JITYFM8,2026-07-24,Pidato Prabowo di Harlah PKB,dur,1
vyp6JITYFM8,2026-07-24,Pidato Prabowo di Harlah PKB,duta,1
vyp6JITYFM8,2026-07-24,Pidato Prabowo di Harlah PKB,dwianto,1
vyp6JITYFM8,2026-07-24,Pidato Prabowo di Harlah PKB,e,1
vyp6JITYFM8,2026-07-24,Pidato Prabowo di Harlah PKB,eh,1
vyp6JITYFM8,2026-07-24,Pidato Prabowo di Harlah PKB,ekonominya,1
vyp6JITYFM8,2026-07-24,Pidato Prabowo di Harlah PKB,engkau,1
vyp6JITYFM8,2026-07-24,Pidato Prabowo di Harlah PKB,esdm,1
vyp6JITYFM8,2026-07-24,Pidato Prabowo di Harlah PKB,fattah,1
vyp6JITYFM8,2026-07-24,Pidato Prabowo di Harlah PKB,fitnah,1
vyp6JITYFM8,2026-07-24,Pidato Prabowo di Harlah PKB,foto,1
vyp6JITYFM8,2026-07-24,Pidato Prabowo di Harlah PKB,gabung,1
vyp6JITYFM8,2026-07-24,Pidato Prabowo di Harlah PKB,gag,1
vyp6JITYFM8,2026-07-24,Pidato Prabowo di Harlah PKB,gaji,1
vyp6JITYFM8,2026-07-24,Pidato Prabowo di Harlah PKB,gali,1
vyp6JITYFM8,2026-07-24,Pidato Prabowo di Harlah PKB,ganggu,1
vyp6JITYFM8,2026-07-24,Pidato Prabowo di Harlah PKB,ganteng,1
vyp6JITYFM8,2026-07-24,Pidato Prabowo di Harlah PKB,gentar,1
vyp6JITYFM8,2026-07-24,Pidato Prabowo di Harlah PKB,gerinda,1
vyp6JITYFM8,2026-07-24,Pidato Prabowo di Harlah PKB,gibran,1
vyp6JITYFM8,2026-07-24,Pidato Prabowo di Harlah PKB,gila-gilaan,1
vyp6JITYFM8,2026-07-24,Pidato Prabowo di Harlah PKB,gitu,1
vyp6JITYFM8,2026-07-24,Pidato Prabowo di Harlah PKB,gol,1
vyp6JITYFM8,2026-07-24,Pidato Prabowo di Harlah PKB,golongan,1
vyp6JITYFM8,2026-07-24,Pidato Prabowo di Harlah PKB,goyah,1
vyp6JITYFM8,2026-07-24,Pidato Prabowo di Harlah PKB,gue,1
vyp6JITYFM8,2026-07-24,Pidato Prabowo di Harlah PKB,gusimin,1
vyp6JITYFM8,2026-07-24,Pidato Prabowo di Harlah PKB,hadirin,1
vyp6JITYFM8,2026-07-24,Pidato Prabowo di Harlah PKB,halaman,1
vyp6JITYFM8,2026-07-24,Pidato Prabowo di Harlah PKB,handphone-emu,1
vyp6JITYFM8,2026-07-24,Pidato Prabowo di Harlah PKB,harganya,1
vyp6JITYFM8,2026-07-24,Pidato Prabowo di Harlah PKB,harimurti,1
vyp6JITYFM8,2026-07-24,Pidato Prabowo di Harlah PKB,harlah-haralah,1
vyp6JITYFM8,2026-07-24,Pidato Prabowo di Harlah PKB,harlahnya,1
vyp6JITYFM8,2026-07-24,Pidato Prabowo di Harlah PKB,hatta,1
vyp6JITYFM8,2026-07-24,Pidato Prabowo di Harlah PKB,hemat,1
vyp6JITYFM8,2026-07-24,Pidato Prabowo di Harlah PKB,henti-henti,1
vyp6JITYFM8,2026-07-24,Pidato Prabowo di Harlah PKB,hermawi,1
vyp6JITYFM8,2026-07-24,Pidato Prabowo di Harlah PKB,hidayah,1
vyp6JITYFM8,2026-07-24,Pidato Prabowo di Harlah PKB,hidayat,1
vyp6JITYFM8,2026-07-24,Pidato Prabowo di Harlah PKB,hilisasi,1
vyp6JITYFM8,2026-07-24,Pidato Prabowo di Harlah PKB,hitung,1
vyp6JITYFM8,2026-07-24,Pidato Prabowo di Harlah PKB,ikut,1
vyp6JITYFM8,2026-07-24,Pidato Prabowo di Harlah PKB,incremental,1
vyp6JITYFM8,2026-07-24,Pidato Prabowo di Harlah PKB,industrialisasi,1
vyp6JITYFM8,2026-07-24,Pidato Prabowo di Harlah PKB,infrastruktur,1
vyp6JITYFM8,2026-07-24,Pidato Prabowo di Harlah PKB,insan,1
vyp6JITYFM8,2026-07-24,Pidato Prabowo di Harlah PKB,insting,1
vyp6JITYFM8,2026-07-24,Pidato Prabowo di Harlah PKB,instruksikan,1
vyp6JITYFM8,2026-07-24,Pidato Prabowo di Harlah PKB,intinya,1
vyp6JITYFM8,2026-07-24,Pidato Prabowo di Harlah PKB,introspeksi,1
vyp6JITYFM8,2026-07-24,Pidato Prabowo di Harlah PKB,izin,1
vyp6JITYFM8,2026-07-24,Pidato Prabowo di Harlah PKB,jabo,1
vyp6JITYFM8,2026-07-24,Pidato Prabowo di Harlah PKB,jam,1
vyp6JITYFM8,2026-07-24,Pidato Prabowo di Harlah PKB,jangan-jangan,1
vyp6JITYFM8,2026-07-24,Pidato Prabowo di Harlah PKB,jangankan,1
vyp6JITYFM8,2026-07-24,Pidato Prabowo di Harlah PKB,jarot,1
vyp6JITYFM8,2026-07-24,Pidato Prabowo di Harlah PKB,jenderal,1
vyp6JITYFM8,2026-07-24,Pidato Prabowo di Harlah PKB,juli,1
vyp6JITYFM8,2026-07-24,Pidato Prabowo di Harlah PKB,juliati,1
vyp6JITYFM8,2026-07-24,Pidato Prabowo di Harlah PKB,juni,1
vyp6JITYFM8,2026-07-24,Pidato Prabowo di Harlah PKB,jurnalis,1
vyp6JITYFM8,2026-07-24,Pidato Prabowo di Harlah PKB,kader,1
vyp6JITYFM8,2026-07-24,Pidato Prabowo di Harlah PKB,kafah,1
vyp6JITYFM8,2026-07-24,Pidato Prabowo di Harlah PKB,kaget,1
vyp6JITYFM8,2026-07-24,Pidato Prabowo di Harlah PKB,kampanye,1
vyp6JITYFM8,2026-07-24,Pidato Prabowo di Harlah PKB,karno,1
vyp6JITYFM8,2026-07-24,Pidato Prabowo di Harlah PKB,karunia,1
vyp6JITYFM8,2026-07-24,Pidato Prabowo di Harlah PKB,kata,1
vyp6JITYFM8,2026-07-24,Pidato Prabowo di Harlah PKB,kata-kata,1
vyp6JITYFM8,2026-07-24,Pidato Prabowo di Harlah PKB,katakan,1
vyp6JITYFM8,2026-07-24,Pidato Prabowo di Harlah PKB,kau,1
vyp6JITYFM8,2026-07-24,Pidato Prabowo di Harlah PKB,kaya,1
vyp6JITYFM8,2026-07-24,Pidato Prabowo di Harlah PKB,ke-28,1
vyp6JITYFM8,2026-07-24,Pidato Prabowo di Harlah PKB,kebaikan,1
vyp6JITYFM8,2026-07-24,Pidato Prabowo di Harlah PKB,kebajikan,1
vyp6JITYFM8,2026-07-24,Pidato Prabowo di Harlah PKB,kebenaran,1
vyp6JITYFM8,2026-07-24,Pidato Prabowo di Harlah PKB,kecapekan,1
vyp6JITYFM8,2026-07-24,Pidato Prabowo di Harlah PKB,kecil,1
vyp6JITYFM8,2026-07-24,Pidato Prabowo di Harlah PKB,kedamaian,1
vyp6JITYFM8,2026-07-24,Pidato Prabowo di Harlah PKB,kedaulatan,1
vyp6JITYFM8,2026-07-24,Pidato Prabowo di Harlah PKB,kedaulatannya,1
vyp6JITYFM8,2026-07-24,Pidato Prabowo di Harlah PKB,kediri,1
vyp6JITYFM8,2026-07-24,Pidato Prabowo di Harlah PKB,kehadirat,1
vyp6JITYFM8,2026-07-24,Pidato Prabowo di Harlah PKB,kehidupan,1
vyp6JITYFM8,2026-07-24,Pidato Prabowo di Harlah PKB,kehormatan,1
vyp6JITYFM8,2026-07-24,Pidato Prabowo di Harlah PKB,kekayaannya,1
vyp6JITYFM8,2026-07-24,Pidato Prabowo di Harlah PKB,kelebihan-kelebihan,1
vyp6JITYFM8,2026-07-24,Pidato Prabowo di Harlah PKB,kelenengan,1
vyp6JITYFM8,2026-07-24,Pidato Prabowo di Harlah PKB,keliru,1
vyp6JITYFM8,2026-07-24,Pidato Prabowo di Harlah PKB,kelola,1
vyp6JITYFM8,2026-07-24,Pidato Prabowo di Harlah PKB,kemakmuran,1
vyp6JITYFM8,2026-07-24,Pidato Prabowo di Harlah PKB,kemandirian,1
vyp6JITYFM8,2026-07-24,Pidato Prabowo di Harlah PKB,kemarin,1
vyp6JITYFM8,2026-07-24,Pidato Prabowo di Harlah PKB,kemerdekaan,1
vyp6JITYFM8,2026-07-24,Pidato Prabowo di Harlah PKB,kemerdekaannya,1
vyp6JITYFM8,2026-07-24,Pidato Prabowo di Harlah PKB,kenapa,1
vyp6JITYFM8,2026-07-24,Pidato Prabowo di Harlah PKB,kendalikan,1
vyp6JITYFM8,2026-07-24,Pidato Prabowo di Harlah PKB,kesehatan,1
vyp6JITYFM8,2026-07-24,Pidato Prabowo di Harlah PKB,ketahanan,1
vyp6JITYFM8,2026-07-24,Pidato Prabowo di Harlah PKB,ketegasan,1
vyp6JITYFM8,2026-07-24,Pidato Prabowo di Harlah PKB,ketiga,1
vyp6JITYFM8,2026-07-24,Pidato Prabowo di Harlah PKB,kewilayahan,1
vyp6JITYFM8,2026-07-24,Pidato Prabowo di Harlah PKB,khawatir,1
vyp6JITYFM8,2026-07-24,Pidato Prabowo di Harlah PKB,kiai-kiai,1
vyp6JITYFM8,2026-07-24,Pidato Prabowo di Harlah PKB,kirana,1
vyp6JITYFM8,2026-07-24,Pidato Prabowo di Harlah PKB,komitmen,1
vyp6JITYFM8,2026-07-24,Pidato Prabowo di Harlah PKB,konflik,1
vyp6JITYFM8,2026-07-24,Pidato Prabowo di Harlah PKB,koridor,1
vyp6JITYFM8,2026-07-24,Pidato Prabowo di Harlah PKB,kotak-kotak,1
vyp6JITYFM8,2026-07-24,Pidato Prabowo di Harlah PKB,kualitas,1
vyp6JITYFM8,2026-07-24,Pidato Prabowo di Harlah PKB,kuasa,1
vyp6JITYFM8,2026-07-24,Pidato Prabowo di Harlah PKB,kuasai,1
vyp6JITYFM8,2026-07-24,Pidato Prabowo di Harlah PKB,kurang,1
vyp6JITYFM8,2026-07-24,Pidato Prabowo di Harlah PKB,lagu,1
vyp6JITYFM8,2026-07-24,Pidato Prabowo di Harlah PKB,lagunya,1
vyp6JITYFM8,2026-07-24,Pidato Prabowo di Harlah PKB,lahadia,1
vyp6JITYFM8,2026-07-24,Pidato Prabowo di Harlah PKB,laksanakan,1
vyp6JITYFM8,2026-07-24,Pidato Prabowo di Harlah PKB,lama-lama,1
vyp6JITYFM8,2026-07-24,Pidato Prabowo di Harlah PKB,langkah-langkah,1
vyp6JITYFM8,2026-07-24,Pidato Prabowo di Harlah PKB,langsung,1
vyp6JITYFM8,2026-07-24,Pidato Prabowo di Harlah PKB,lapangan,1
vyp6JITYFM8,2026-07-24,Pidato Prabowo di Harlah PKB,lawan,1
vyp6JITYFM8,2026-07-24,Pidato Prabowo di Harlah PKB,lembaga,1
vyp6JITYFM8,2026-07-24,Pidato Prabowo di Harlah PKB,lewat,1
vyp6JITYFM8,2026-07-24,Pidato Prabowo di Harlah PKB,lirboyo,1
vyp6JITYFM8,2026-07-24,Pidato Prabowo di Harlah PKB,listrikmu,1
vyp6JITYFM8,2026-07-24,Pidato Prabowo di Harlah PKB,liwat,1
vyp6JITYFM8,2026-07-24,Pidato Prabowo di Harlah PKB,lond-londo,1
vyp6JITYFM8,2026-07-24,Pidato Prabowo di Harlah PKB,londo,1
vyp6JITYFM8,2026-07-24,Pidato Prabowo di Harlah PKB,lumayan,1
vyp6JITYFM8,2026-07-24,Pidato Prabowo di Harlah PKB,macam,1
vyp6JITYFM8,2026-07-24,Pidato Prabowo di Harlah PKB,mahrus,1
vyp6JITYFM8,2026-07-24,Pidato Prabowo di Harlah PKB,main,1
vyp6JITYFM8,2026-07-24,Pidato Prabowo di Harlah PKB,majelis,1
vyp6JITYFM8,2026-07-24,Pidato Prabowo di Harlah PKB,makai,1
vyp6JITYFM8,2026-07-24,Pidato Prabowo di Harlah PKB,makan,1
vyp6JITYFM8,2026-07-24,Pidato Prabowo di Harlah PKB,maki,1
vyp6JITYFM8,2026-07-24,Pidato Prabowo di Harlah PKB,makmur,1
vyp6JITYFM8,2026-07-24,Pidato Prabowo di Harlah PKB,manarul,1
vyp6JITYFM8,2026-07-24,Pidato Prabowo di Harlah PKB,manfaatkan,1
vyp6JITYFM8,2026-07-24,Pidato Prabowo di Harlah PKB,mantan,1
vyp6JITYFM8,2026-07-24,Pidato Prabowo di Harlah PKB,manusia,1
vyp6JITYFM8,2026-07-24,Pidato Prabowo di Harlah PKB,mar'ruf,1
vyp6JITYFM8,2026-07-24,Pidato Prabowo di Harlah PKB,mardiono,1
vyp6JITYFM8,2026-07-24,Pidato Prabowo di Harlah PKB,mari,1
vyp6JITYFM8,2026-07-24,Pidato Prabowo di Harlah PKB,marilah,1
vyp6JITYFM8,2026-07-24,Pidato Prabowo di Harlah PKB,maruf,1
vyp6JITYFM8,2026-07-24,Pidato Prabowo di Harlah PKB,mas,1
vyp6JITYFM8,2026-07-24,Pidato Prabowo di Harlah PKB,masyaallah,1
vyp6JITYFM8,2026-07-24,Pidato Prabowo di Harlah PKB,masyarakat,1
vyp6JITYFM8,2026-07-24,Pidato Prabowo di Harlah PKB,mata,1
vyp6JITYFM8,2026-07-24,Pidato Prabowo di Harlah PKB,mbg,1
vyp6JITYFM8,2026-07-24,Pidato Prabowo di Harlah PKB,media-media,1
vyp6JITYFM8,2026-07-24,Pidato Prabowo di Harlah PKB,memakai,1
vyp6JITYFM8,2026-07-24,Pidato Prabowo di Harlah PKB,memanjatkan,1
vyp6JITYFM8,2026-07-24,Pidato Prabowo di Harlah PKB,memastikan,1
vyp6JITYFM8,2026-07-24,Pidato Prabowo di Harlah PKB,membela,1
vyp6JITYFM8,2026-07-24,Pidato Prabowo di Harlah PKB,membiarkan,1
vyp6JITYFM8,2026-07-24,Pidato Prabowo di Harlah PKB,memiliki,1
vyp6JITYFM8,2026-07-24,Pidato Prabowo di Harlah PKB,memohon,1
vyp6JITYFM8,2026-07-24,Pidato Prabowo di Harlah PKB,mempercepat,1
vyp6JITYFM8,2026-07-24,Pidato Prabowo di Harlah PKB,memperkuat,1
vyp6JITYFM8,2026-07-24,Pidato Prabowo di Harlah PKB,mempertaruhkan,1
vyp6JITYFM8,2026-07-24,Pidato Prabowo di Harlah PKB,menangkap,1
vyp6JITYFM8,2026-07-24,Pidato Prabowo di Harlah PKB,menata,1
vyp6JITYFM8,2026-07-24,Pidato Prabowo di Harlah PKB,menegakkan,1
vyp6JITYFM8,2026-07-24,Pidato Prabowo di Harlah PKB,meneguhkan,1
vyp6JITYFM8,2026-07-24,Pidato Prabowo di Harlah PKB,mengabdi,1
vyp6JITYFM8,2026-07-24,Pidato Prabowo di Harlah PKB,mengakui,1
vyp6JITYFM8,2026-07-24,Pidato Prabowo di Harlah PKB,mengembalikan,1
vyp6JITYFM8,2026-07-24,Pidato Prabowo di Harlah PKB,mengerti,1
vyp6JITYFM8,2026-07-24,Pidato Prabowo di Harlah PKB,menghadapi,1
vyp6JITYFM8,2026-07-24,Pidato Prabowo di Harlah PKB,mengharukan,1
vyp6JITYFM8,2026-07-24,Pidato Prabowo di Harlah PKB,menghemat,1
vyp6JITYFM8,2026-07-24,Pidato Prabowo di Harlah PKB,mengingatkan,1
vyp6JITYFM8,2026-07-24,Pidato Prabowo di Harlah PKB,menginginkan,1
vyp6JITYFM8,2026-07-24,Pidato Prabowo di Harlah PKB,menikmati,1
vyp6JITYFM8,2026-07-24,Pidato Prabowo di Harlah PKB,meningkatkan,1
vyp6JITYFM8,2026-07-24,Pidato Prabowo di Harlah PKB,menjadi,1
vyp6JITYFM8,2026-07-24,Pidato Prabowo di Harlah PKB,menjalankan,1
vyp6JITYFM8,2026-07-24,Pidato Prabowo di Harlah PKB,menyakiti,1
vyp6JITYFM8,2026-07-24,Pidato Prabowo di Harlah PKB,menyampaikan,1
vyp6JITYFM8,2026-07-24,Pidato Prabowo di Harlah PKB,menyelamatkan,1
vyp6JITYFM8,2026-07-24,Pidato Prabowo di Harlah PKB,mereka-mereka,1
vyp6JITYFM8,2026-07-24,Pidato Prabowo di Harlah PKB,mewakili,1
vyp6JITYFM8,2026-07-24,Pidato Prabowo di Harlah PKB,miliar,1
vyp6JITYFM8,2026-07-24,Pidato Prabowo di Harlah PKB,milik,1
vyp6JITYFM8,2026-07-24,Pidato Prabowo di Harlah PKB,mimpin,1
vyp6JITYFM8,2026-07-24,Pidato Prabowo di Harlah PKB,minta,1
vyp6JITYFM8,2026-07-24,Pidato Prabowo di Harlah PKB,minum,1
vyp6JITYFM8,2026-07-24,Pidato Prabowo di Harlah PKB,modalnya,1
vyp6JITYFM8,2026-07-24,Pidato Prabowo di Harlah PKB,moril,1
vyp6JITYFM8,2026-07-24,Pidato Prabowo di Harlah PKB,mpr,1
vyp6JITYFM8,2026-07-24,Pidato Prabowo di Harlah PKB,muda,1
vyp6JITYFM8,2026-07-24,Pidato Prabowo di Harlah PKB,muka,1
vyp6JITYFM8,2026-07-24,Pidato Prabowo di Harlah PKB,mulia,1
vyp6JITYFM8,2026-07-24,Pidato Prabowo di Harlah PKB,muliakan,1
vyp6JITYFM8,2026-07-24,Pidato Prabowo di Harlah PKB,mustasyar,1
vyp6JITYFM8,2026-07-24,Pidato Prabowo di Harlah PKB,musuh,1
vyp6JITYFM8,2026-07-24,Pidato Prabowo di Harlah PKB,muzani,1
vyp6JITYFM8,2026-07-24,Pidato Prabowo di Harlah PKB,nafas,1
vyp6JITYFM8,2026-07-24,Pidato Prabowo di Harlah PKB,nama,1
vyp6JITYFM8,2026-07-24,Pidato Prabowo di Harlah PKB,nambah,1
vyp6JITYFM8,2026-07-24,Pidato Prabowo di Harlah PKB,namo,1
vyp6JITYFM8,2026-07-24,Pidato Prabowo di Harlah PKB,narik,1
vyp6JITYFM8,2026-07-24,Pidato Prabowo di Harlah PKB,nasdem,1
vyp6JITYFM8,2026-07-24,Pidato Prabowo di Harlah PKB,negaranya,1
vyp6JITYFM8,2026-07-24,Pidato Prabowo di Harlah PKB,neighbor,1
vyp6JITYFM8,2026-07-24,Pidato Prabowo di Harlah PKB,neighbors,1
vyp6JITYFM8,2026-07-24,Pidato Prabowo di Harlah PKB,ngeri,1
vyp6JITYFM8,2026-07-24,Pidato Prabowo di Harlah PKB,ngundang,1
vyp6JITYFM8,2026-07-24,Pidato Prabowo di Harlah PKB,ni,1
vyp6JITYFM8,2026-07-24,Pidato Prabowo di Harlah PKB,niat,1
vyp6JITYFM8,2026-07-24,Pidato Prabowo di Harlah PKB,nih,1
vyp6JITYFM8,2026-07-24,Pidato Prabowo di Harlah PKB,nilai,1
vyp6JITYFM8,2026-07-24,Pidato Prabowo di Harlah PKB,nomix,1
vyp6JITYFM8,2026-07-24,Pidato Prabowo di Harlah PKB,nonblok,1
vyp6JITYFM8,2026-07-24,Pidato Prabowo di Harlah PKB,nu,1
vyp6JITYFM8,2026-07-24,Pidato Prabowo di Harlah PKB,nurani,1
vyp6JITYFM8,2026-07-24,Pidato Prabowo di Harlah PKB,nurunkan,1
vyp6JITYFM8,2026-07-24,Pidato Prabowo di Harlah PKB,nyambut,1
vyp6JITYFM8,2026-07-24,Pidato Prabowo di Harlah PKB,nyampikan,1
vyp6JITYFM8,2026-07-24,Pidato Prabowo di Harlah PKB,nyawa,1
vyp6JITYFM8,2026-07-24,Pidato Prabowo di Harlah PKB,oktober,1
vyp6JITYFM8,2026-07-24,Pidato Prabowo di Harlah PKB,om,1
vyp6JITYFM8,2026-07-24,Pidato Prabowo di Harlah PKB,orang-orang,1
vyp6JITYFM8,2026-07-24,Pidato Prabowo di Harlah PKB,output,1
vyp6JITYFM8,2026-07-24,Pidato Prabowo di Harlah PKB,paham,1
vyp6JITYFM8,2026-07-24,Pidato Prabowo di Harlah PKB,pakar,1
vyp6JITYFM8,2026-07-24,Pidato Prabowo di Harlah PKB,pan,1
vyp6JITYFM8,2026-07-24,Pidato Prabowo di Harlah PKB,patriot,1
vyp6JITYFM8,2026-07-24,Pidato Prabowo di Harlah PKB,pdi,1
vyp6JITYFM8,2026-07-24,Pidato Prabowo di Harlah PKB,pdip,1
vyp6JITYFM8,2026-07-24,Pidato Prabowo di Harlah PKB,pekerjaan,1
vyp6JITYFM8,2026-07-24,Pidato Prabowo di Harlah PKB,pelantikan,1
vyp6JITYFM8,2026-07-24,Pidato Prabowo di Harlah PKB,pembelian,1
vyp6JITYFM8,2026-07-24,Pidato Prabowo di Harlah PKB,pemberdayaan,1
vyp6JITYFM8,2026-07-24,Pidato Prabowo di Harlah PKB,pembina,1
vyp6JITYFM8,2026-07-24,Pidato Prabowo di Harlah PKB,pemimpin,1
vyp6JITYFM8,2026-07-24,Pidato Prabowo di Harlah PKB,penasihat,1
vyp6JITYFM8,2026-07-24,Pidato Prabowo di Harlah PKB,pendiri,1
vyp6JITYFM8,2026-07-24,Pidato Prabowo di Harlah PKB,pengamat,1
vyp6JITYFM8,2026-07-24,Pidato Prabowo di Harlah PKB,pengasuh,1
vyp6JITYFM8,2026-07-24,Pidato Prabowo di Harlah PKB,penghargaan,1
vyp6JITYFM8,2026-07-24,Pidato Prabowo di Harlah PKB,penghormatan,1
vyp6JITYFM8,2026-07-24,Pidato Prabowo di Harlah PKB,pengurus,1
vyp6JITYFM8,2026-07-24,Pidato Prabowo di Harlah PKB,penuh,1
vyp6JITYFM8,2026-07-24,Pidato Prabowo di Harlah PKB,peperangan,1
vyp6JITYFM8,2026-07-24,Pidato Prabowo di Harlah PKB,per6,1
vyp6JITYFM8,2026-07-24,Pidato Prabowo di Harlah PKB,perang,1
vyp6JITYFM8,2026-07-24,Pidato Prabowo di Harlah PKB,perbaiki,1
vyp6JITYFM8,2026-07-24,Pidato Prabowo di Harlah PKB,perempuan,1
vyp6JITYFM8,2026-07-24,Pidato Prabowo di Harlah PKB,perindo,1
vyp6JITYFM8,2026-07-24,Pidato Prabowo di Harlah PKB,perintah-perintah,1
vyp6JITYFM8,2026-07-24,Pidato Prabowo di Harlah PKB,perlawanan,1
vyp6JITYFM8,2026-07-24,Pidato Prabowo di Harlah PKB,permusatan,1
vyp6JITYFM8,2026-07-24,Pidato Prabowo di Harlah PKB,pers,1
vyp6JITYFM8,2026-07-24,Pidato Prabowo di Harlah PKB,persatuan,1
vyp6JITYFM8,2026-07-24,Pidato Prabowo di Harlah PKB,pertama-tama,1
vyp6JITYFM8,2026-07-24,Pidato Prabowo di Harlah PKB,pertikaian,1
vyp6JITYFM8,2026-07-24,Pidato Prabowo di Harlah PKB,pertolongan,1
vyp6JITYFM8,2026-07-24,Pidato Prabowo di Harlah PKB,pesantren,1
vyp6JITYFM8,2026-07-24,Pidato Prabowo di Harlah PKB,pgb,1
vyp6JITYFM8,2026-07-24,Pidato Prabowo di Harlah PKB,pihak,1
vyp6JITYFM8,2026-07-24,Pidato Prabowo di Harlah PKB,pilih,1
vyp6JITYFM8,2026-07-24,Pidato Prabowo di Harlah PKB,pilihan,1
vyp6JITYFM8,2026-07-24,Pidato Prabowo di Harlah PKB,pimpinan,1
vyp6JITYFM8,2026-07-24,Pidato Prabowo di Harlah PKB,policy,1
vyp6JITYFM8,2026-07-24,Pidato Prabowo di Harlah PKB,pondok,1
vyp6JITYFM8,2026-07-24,Pidato Prabowo di Harlah PKB,priono,1
vyp6JITYFM8,2026-07-24,Pidato Prabowo di Harlah PKB,prof,1
vyp6JITYFM8,2026-07-24,Pidato Prabowo di Harlah PKB,profesor,1
vyp6JITYFM8,2026-07-24,Pidato Prabowo di Harlah PKB,proklamasi,1
vyp6JITYFM8,2026-07-24,Pidato Prabowo di Harlah PKB,provokator,1
vyp6JITYFM8,2026-07-24,Pidato Prabowo di Harlah PKB,puji,1
vyp6JITYFM8,2026-07-24,Pidato Prabowo di Harlah PKB,puluhan,1
vyp6JITYFM8,2026-07-24,Pidato Prabowo di Harlah PKB,punawiran,1
vyp6JITYFM8,2026-07-24,Pidato Prabowo di Harlah PKB,pusat,1
vyp6JITYFM8,2026-07-24,Pidato Prabowo di Harlah PKB,r1,1
vyp6JITYFM8,2026-07-24,Pidato Prabowo di Harlah PKB,rahayu-rahayu,1
vyp6JITYFM8,2026-07-24,Pidato Prabowo di Harlah PKB,raka,1
vyp6JITYFM8,2026-07-24,Pidato Prabowo di Harlah PKB,rakabuming,1
vyp6JITYFM8,2026-07-24,Pidato Prabowo di Harlah PKB,rasakan,1
vyp6JITYFM8,2026-07-24,Pidato Prabowo di Harlah PKB,ratio,1
vyp6JITYFM8,2026-07-24,Pidato Prabowo di Harlah PKB,ratusan,1
vyp6JITYFM8,2026-07-24,Pidato Prabowo di Harlah PKB,rekan-rekan,1
vyp6JITYFM8,2026-07-24,Pidato Prabowo di Harlah PKB,rendah,1
vyp6JITYFM8,2026-07-24,Pidato Prabowo di Harlah PKB,repot,1
vyp6JITYFM8,2026-07-24,Pidato Prabowo di Harlah PKB,ri,1
vyp6JITYFM8,2026-07-24,Pidato Prabowo di Harlah PKB,roh,1
vyp6JITYFM8,2026-07-24,Pidato Prabowo di Harlah PKB,rp1,1
vyp6JITYFM8,2026-07-24,Pidato Prabowo di Harlah PKB,rp6,1
vyp6JITYFM8,2026-07-24,Pidato Prabowo di Harlah PKB,rusdi,1
vyp6JITYFM8,2026-07-24,Pidato Prabowo di Harlah PKB,rustini,1
vyp6JITYFM8,2026-07-24,Pidato Prabowo di Harlah PKB,saatnya,1
vyp6JITYFM8,2026-07-24,Pidato Prabowo di Harlah PKB,said,1
vyp6JITYFM8,2026-07-24,Pidato Prabowo di Harlah PKB,saiful,1
vyp6JITYFM8,2026-07-24,Pidato Prabowo di Harlah PKB,salve,1
vyp6JITYFM8,2026-07-24,Pidato Prabowo di Harlah PKB,sambut,1
vyp6JITYFM8,2026-07-24,Pidato Prabowo di Harlah PKB,sambutan,1
vyp6JITYFM8,2026-07-24,Pidato Prabowo di Harlah PKB,samsal,1
vyp6JITYFM8,2026-07-24,Pidato Prabowo di Harlah PKB,sari,1
vyp6JITYFM8,2026-07-24,Pidato Prabowo di Harlah PKB,sebelum,1
vyp6JITYFM8,2026-07-24,Pidato Prabowo di Harlah PKB,sebesar-besarnya,1
vyp6JITYFM8,2026-07-24,Pidato Prabowo di Harlah PKB,sebutkan,1
vyp6JITYFM8,2026-07-24,Pidato Prabowo di Harlah PKB,sebutlah,1
vyp6JITYFM8,2026-07-24,Pidato Prabowo di Harlah PKB,sederhana,1
vyp6JITYFM8,2026-07-24,Pidato Prabowo di Harlah PKB,sehari-hari,1
vyp6JITYFM8,2026-07-24,Pidato Prabowo di Harlah PKB,sehingga,1
vyp6JITYFM8,2026-07-24,Pidato Prabowo di Harlah PKB,sejak,1
vyp6JITYFM8,2026-07-24,Pidato Prabowo di Harlah PKB,sejiwa,1
vyp6JITYFM8,2026-07-24,Pidato Prabowo di Harlah PKB,sekali,1
vyp6JITYFM8,2026-07-24,Pidato Prabowo di Harlah PKB,sekjen,1
vyp6JITYFM8,2026-07-24,Pidato Prabowo di Harlah PKB,sekolah-sekolah,1
vyp6JITYFM8,2026-07-24,Pidato Prabowo di Harlah PKB,sekuat,1
vyp6JITYFM8,2026-07-24,Pidato Prabowo di Harlah PKB,selalu,1
vyp6JITYFM8,2026-07-24,Pidato Prabowo di Harlah PKB,selama,1
vyp6JITYFM8,2026-07-24,Pidato Prabowo di Harlah PKB,selamat,1
vyp6JITYFM8,2026-07-24,Pidato Prabowo di Harlah PKB,selisih,1
vyp6JITYFM8,2026-07-24,Pidato Prabowo di Harlah PKB,selisihnya,1
vyp6JITYFM8,2026-07-24,Pidato Prabowo di Harlah PKB,semangat,1
vyp6JITYFM8,2026-07-24,Pidato Prabowo di Harlah PKB,semesta,1
vyp6JITYFM8,2026-07-24,Pidato Prabowo di Harlah PKB,sempat,1
vyp6JITYFM8,2026-07-24,Pidato Prabowo di Harlah PKB,senafas,1
vyp6JITYFM8,2026-07-24,Pidato Prabowo di Harlah PKB,senang,1
vyp6JITYFM8,2026-07-24,Pidato Prabowo di Harlah PKB,sepak,1
vyp6JITYFM8,2026-07-24,Pidato Prabowo di Harlah PKB,sepertiga,1
vyp6JITYFM8,2026-07-24,Pidato Prabowo di Harlah PKB,september,1
vyp6JITYFM8,2026-07-24,Pidato Prabowo di Harlah PKB,sesuai,1
vyp6JITYFM8,2026-07-24,Pidato Prabowo di Harlah PKB,sesuatu,1
vyp6JITYFM8,2026-07-24,Pidato Prabowo di Harlah PKB,sesungguhnya,1
vyp6JITYFM8,2026-07-24,Pidato Prabowo di Harlah PKB,setiap,1
vyp6JITYFM8,2026-07-24,Pidato Prabowo di Harlah PKB,shalom,1
vyp6JITYFM8,2026-07-24,Pidato Prabowo di Harlah PKB,siapapun,1
vyp6JITYFM8,2026-07-24,Pidato Prabowo di Harlah PKB,sih,1
vyp6JITYFM8,2026-07-24,Pidato Prabowo di Harlah PKB,singkatan,1
vyp6JITYFM8,2026-07-24,Pidato Prabowo di Harlah PKB,siraj,1
vyp6JITYFM8,2026-07-24,Pidato Prabowo di Harlah PKB,sok,1
vyp6JITYFM8,2026-07-24,Pidato Prabowo di Harlah PKB,sononya,1
vyp6JITYFM8,2026-07-24,Pidato Prabowo di Harlah PKB,sor,1
vyp6JITYFM8,2026-07-24,Pidato Prabowo di Harlah PKB,stimah,1
vyp6JITYFM8,2026-07-24,Pidato Prabowo di Harlah PKB,strategis,1
vyp6JITYFM8,2026-07-24,Pidato Prabowo di Harlah PKB,subhanahu,1
vyp6JITYFM8,2026-07-24,Pidato Prabowo di Harlah PKB,sudibo,1
vyp6JITYFM8,2026-07-24,Pidato Prabowo di Harlah PKB,sugifi,1
vyp6JITYFM8,2026-07-24,Pidato Prabowo di Harlah PKB,sumber,1
vyp6JITYFM8,2026-07-24,Pidato Prabowo di Harlah PKB,sumi,1
vyp6JITYFM8,2026-07-24,Pidato Prabowo di Harlah PKB,sungguh,1
vyp6JITYFM8,2026-07-24,Pidato Prabowo di Harlah PKB,suparno,1
vyp6JITYFM8,2026-07-24,Pidato Prabowo di Harlah PKB,support,1
vyp6JITYFM8,2026-07-24,Pidato Prabowo di Harlah PKB,supratman,1
vyp6JITYFM8,2026-07-24,Pidato Prabowo di Harlah PKB,suro,1
vyp6JITYFM8,2026-07-24,Pidato Prabowo di Harlah PKB,suruh,1
vyp6JITYFM8,2026-07-24,Pidato Prabowo di Harlah PKB,suryah,1
vyp6JITYFM8,2026-07-24,Pidato Prabowo di Harlah PKB,susah,1
vyp6JITYFM8,2026-07-24,Pidato Prabowo di Harlah PKB,swastiastu,1
vyp6JITYFM8,2026-07-24,Pidato Prabowo di Harlah PKB,syukur,1
vyp6JITYFM8,2026-07-24,Pidato Prabowo di Harlah PKB,taala,1
vyp6JITYFM8,2026-07-24,Pidato Prabowo di Harlah PKB,tahulah,1
vyp6JITYFM8,2026-07-24,Pidato Prabowo di Harlah PKB,tahunan,1
vyp6JITYFM8,2026-07-24,Pidato Prabowo di Harlah PKB,tahunmu,1
vyp6JITYFM8,2026-07-24,Pidato Prabowo di Harlah PKB,tahunnya,1
vyp6JITYFM8,2026-07-24,Pidato Prabowo di Harlah PKB,tak,1
vyp6JITYFM8,2026-07-24,Pidato Prabowo di Harlah PKB,tali,1
vyp6JITYFM8,2026-07-24,Pidato Prabowo di Harlah PKB,tanu,1
vyp6JITYFM8,2026-07-24,Pidato Prabowo di Harlah PKB,tanya,1
vyp6JITYFM8,2026-07-24,Pidato Prabowo di Harlah PKB,tanya-tanya,1
vyp6JITYFM8,2026-07-24,Pidato Prabowo di Harlah PKB,taruh,1
vyp6JITYFM8,2026-07-24,Pidato Prabowo di Harlah PKB,taslim,1
vyp6JITYFM8,2026-07-24,Pidato Prabowo di Harlah PKB,tata,1
vyp6JITYFM8,2026-07-24,Pidato Prabowo di Harlah PKB,tawar-menawar,1
vyp6JITYFM8,2026-07-24,Pidato Prabowo di Harlah PKB,tegas,1
vyp6JITYFM8,2026-07-24,Pidato Prabowo di Harlah PKB,tenaga,1
vyp6JITYFM8,2026-07-24,Pidato Prabowo di Harlah PKB,tenang,1
vyp6JITYFM8,2026-07-24,Pidato Prabowo di Harlah PKB,tengah,1
vyp6JITYFM8,2026-07-24,Pidato Prabowo di Harlah PKB,tentunya,1
vyp6JITYFM8,2026-07-24,Pidato Prabowo di Harlah PKB,terang,1
vyp6JITYFM8,2026-07-24,Pidato Prabowo di Harlah PKB,terjadi,1
vyp6JITYFM8,2026-07-24,Pidato Prabowo di Harlah PKB,terkandung,1
vyp6JITYFM8,2026-07-24,Pidato Prabowo di Harlah PKB,tersebut,1
vyp6JITYFM8,2026-07-24,Pidato Prabowo di Harlah PKB,tersentuh,1
vyp6JITYFM8,2026-07-24,Pidato Prabowo di Harlah PKB,terusan,1
vyp6JITYFM8,2026-07-24,Pidato Prabowo di Harlah PKB,terusang,1
vyp6JITYFM8,2026-07-24,Pidato Prabowo di Harlah PKB,terusik,1
vyp6JITYFM8,2026-07-24,Pidato Prabowo di Harlah PKB,terutama,1
vyp6JITYFM8,2026-07-24,Pidato Prabowo di Harlah PKB,tetap,1
vyp6JITYFM8,2026-07-24,Pidato Prabowo di Harlah PKB,the,1
vyp6JITYFM8,2026-07-24,Pidato Prabowo di Harlah PKB,tiap,1
vyp6JITYFM8,2026-07-24,Pidato Prabowo di Harlah PKB,tidur,1
vyp6JITYFM8,2026-07-24,Pidato Prabowo di Harlah PKB,tni,1
vyp6JITYFM8,2026-07-24,Pidato Prabowo di Harlah PKB,to,1
vyp6JITYFM8,2026-07-24,Pidato Prabowo di Harlah PKB,tokoh,1
vyp6JITYFM8,2026-07-24,Pidato Prabowo di Harlah PKB,tutup,1
vyp6JITYFM8,2026-07-24,Pidato Prabowo di Harlah PKB,tv,1
vyp6JITYFM8,2026-07-24,Pidato Prabowo di Harlah PKB,ucapan,1
vyp6JITYFM8,2026-07-24,Pidato Prabowo di Harlah PKB,udah,1
vyp6JITYFM8,2026-07-24,Pidato Prabowo di Harlah PKB,ulul,1
vyp6JITYFM8,2026-07-24,Pidato Prabowo di Harlah PKB,umat,1
vyp6JITYFM8,2026-07-24,Pidato Prabowo di Harlah PKB,umpamanya,1
vyp6JITYFM8,2026-07-24,Pidato Prabowo di Harlah PKB,umumkan,1
vyp6JITYFM8,2026-07-24,Pidato Prabowo di Harlah PKB,undangan,1
vyp6JITYFM8,2026-07-24,Pidato Prabowo di Harlah PKB,usaha,1
vyp6JITYFM8,2026-07-24,Pidato Prabowo di Harlah PKB,wa,1
vyp6JITYFM8,2026-07-24,Pidato Prabowo di Harlah PKB,waalaikumsalam,1
vyp6JITYFM8,2026-07-24,Pidato Prabowo di Harlah PKB,wah,1
vyp6JITYFM8,2026-07-24,Pidato Prabowo di Harlah PKB,waktu,1
vyp6JITYFM8,2026-07-24,Pidato Prabowo di Harlah PKB,want,1
vyp6JITYFM8,2026-07-24,Pidato Prabowo di Harlah PKB,wasalamualaikum,1
vyp6JITYFM8,2026-07-24,Pidato Prabowo di Harlah PKB,we,1
vyp6JITYFM8,2026-07-24,Pidato Prabowo di Harlah PKB,wilayah,1
vyp6JITYFM8,2026-07-24,Pidato Prabowo di Harlah PKB,wuh,1
vyp6JITYFM8,2026-07-24,Pidato Prabowo di Harlah PKB,wurianto,1
vyp6JITYFM8,2026-07-24,Pidato Prabowo di Harlah PKB,ye,1
vyp6JITYFM8,2026-07-24,Pidato Prabowo di Harlah PKB,yodoyono,1
vyp6JITYFM8,2026-07-24,Pidato Prabowo di Harlah PKB,yudoyono,1
vyp6JITYFM8,2026-07-24,Pidato Prabowo di Harlah PKB,yusuf,1
vyp6JITYFM8,2026-07-24,Pidato Prabowo di Harlah PKB,zulkifli,1
xK61ktEglpc,2026-06-28,Pidato Penutupan Sarasehan Kebangsaan KSTI 2026,kita,38
xK61ktEglpc,2026-06-28,Pidato Penutupan Sarasehan Kebangsaan KSTI 2026,saya,38
xK61ktEglpc,2026-06-28,Pidato Penutupan Sarasehan Kebangsaan KSTI 2026,ee,27
xK61ktEglpc,2026-06-28,Pidato Penutupan Sarasehan Kebangsaan KSTI 2026,ini,27
xK61ktEglpc,2026-06-28,Pidato Penutupan Sarasehan Kebangsaan KSTI 2026,yang,26
xK61ktEglpc,2026-06-28,Pidato Penutupan Sarasehan Kebangsaan KSTI 2026,dan,23
xK61ktEglpc,2026-06-28,Pidato Penutupan Sarasehan Kebangsaan KSTI 2026,di,20
xK61ktEglpc,2026-06-28,Pidato Penutupan Sarasehan Kebangsaan KSTI 2026,itu,17
xK61ktEglpc,2026-06-28,Pidato Penutupan Sarasehan Kebangsaan KSTI 2026,ya,17
xK61ktEglpc,2026-06-28,Pidato Penutupan Sarasehan Kebangsaan KSTI 2026,saudara-saudara,15
xK61ktEglpc,2026-06-28,Pidato Penutupan Sarasehan Kebangsaan KSTI 2026,sekarang,14
xK61ktEglpc,2026-06-28,Pidato Penutupan Sarasehan Kebangsaan KSTI 2026,sudah,14
xK61ktEglpc,2026-06-28,Pidato Penutupan Sarasehan Kebangsaan KSTI 2026,untuk,14
xK61ktEglpc,2026-06-28,Pidato Penutupan Sarasehan Kebangsaan KSTI 2026,ada,12
xK61ktEglpc,2026-06-28,Pidato Penutupan Sarasehan Kebangsaan KSTI 2026,jadi,12
xK61ktEglpc,2026-06-28,Pidato Penutupan Sarasehan Kebangsaan KSTI 2026,ai,10
xK61ktEglpc,2026-06-28,Pidato Penutupan Sarasehan Kebangsaan KSTI 2026,dari,10
xK61ktEglpc,2026-06-28,Pidato Penutupan Sarasehan Kebangsaan KSTI 2026,satu,10
xK61ktEglpc,2026-06-28,Pidato Penutupan Sarasehan Kebangsaan KSTI 2026,akan,9
xK61ktEglpc,2026-06-28,Pidato Penutupan Sarasehan Kebangsaan KSTI 2026,harus,9
xK61ktEglpc,2026-06-28,Pidato Penutupan Sarasehan Kebangsaan KSTI 2026,terima,9
xK61ktEglpc,2026-06-28,Pidato Penutupan Sarasehan Kebangsaan KSTI 2026,kasih,8
xK61ktEglpc,2026-06-28,Pidato Penutupan Sarasehan Kebangsaan KSTI 2026,lebih,8
xK61ktEglpc,2026-06-28,Pidato Penutupan Sarasehan Kebangsaan KSTI 2026,sangat,8
xK61ktEglpc,2026-06-28,Pidato Penutupan Sarasehan Kebangsaan KSTI 2026,semua,8
xK61ktEglpc,2026-06-28,Pidato Penutupan Sarasehan Kebangsaan KSTI 2026,tapi,8
xK61ktEglpc,2026-06-28,Pidato Penutupan Sarasehan Kebangsaan KSTI 2026,usul,8
xK61ktEglpc,2026-06-28,Pidato Penutupan Sarasehan Kebangsaan KSTI 2026,bahwa,7
xK61ktEglpc,2026-06-28,Pidato Penutupan Sarasehan Kebangsaan KSTI 2026,banyak,7
xK61ktEglpc,2026-06-28,Pidato Penutupan Sarasehan Kebangsaan KSTI 2026,bisa,7
xK61ktEglpc,2026-06-28,Pidato Penutupan Sarasehan Kebangsaan KSTI 2026,kesulitan,7
xK61ktEglpc,2026-06-28,Pidato Penutupan Sarasehan Kebangsaan KSTI 2026,atau,6
xK61ktEglpc,2026-06-28,Pidato Penutupan Sarasehan Kebangsaan KSTI 2026,dalam,6
xK61ktEglpc,2026-06-28,Pidato Penutupan Sarasehan Kebangsaan KSTI 2026,dengan,5
xK61ktEglpc,2026-06-28,Pidato Penutupan Sarasehan Kebangsaan KSTI 2026,indonesia,5
xK61ktEglpc,2026-06-28,Pidato Penutupan Sarasehan Kebangsaan KSTI 2026,kan,5
xK61ktEglpc,2026-06-28,Pidato Penutupan Sarasehan Kebangsaan KSTI 2026,karena,5
xK61ktEglpc,2026-06-28,Pidato Penutupan Sarasehan Kebangsaan KSTI 2026,manusia,5
xK61ktEglpc,2026-06-28,Pidato Penutupan Sarasehan Kebangsaan KSTI 2026,negara,5
xK61ktEglpc,2026-06-28,Pidato Penutupan Sarasehan Kebangsaan KSTI 2026,sebagai,5
xK61ktEglpc,2026-06-28,Pidato Penutupan Sarasehan Kebangsaan KSTI 2026,tadi,5
xK61ktEglpc,2026-06-28,Pidato Penutupan Sarasehan Kebangsaan KSTI 2026,tidak,5
xK61ktEglpc,2026-06-28,Pidato Penutupan Sarasehan Kebangsaan KSTI 2026,adalah,4
xK61ktEglpc,2026-06-28,Pidato Penutupan Sarasehan Kebangsaan KSTI 2026,adu,4
xK61ktEglpc,2026-06-28,Pidato Penutupan Sarasehan Kebangsaan KSTI 2026,apa,4
xK61ktEglpc,2026-06-28,Pidato Penutupan Sarasehan Kebangsaan KSTI 2026,bagi,4
xK61ktEglpc,2026-06-28,Pidato Penutupan Sarasehan Kebangsaan KSTI 2026,bangsa,4
xK61ktEglpc,2026-06-28,Pidato Penutupan Sarasehan Kebangsaan KSTI 2026,berani,4
xK61ktEglpc,2026-06-28,Pidato Penutupan Sarasehan Kebangsaan KSTI 2026,berapa,4
xK61ktEglpc,2026-06-28,Pidato Penutupan Sarasehan Kebangsaan KSTI 2026,besar,4
xK61ktEglpc,2026-06-28,Pidato Penutupan Sarasehan Kebangsaan KSTI 2026,inilah,4
xK61ktEglpc,2026-06-28,Pidato Penutupan Sarasehan Kebangsaan KSTI 2026,juga,4
xK61ktEglpc,2026-06-28,Pidato Penutupan Sarasehan Kebangsaan KSTI 2026,juta,4
xK61ktEglpc,2026-06-28,Pidato Penutupan Sarasehan Kebangsaan KSTI 2026,ke,4
xK61ktEglpc,2026-06-28,Pidato Penutupan Sarasehan Kebangsaan KSTI 2026,mereka,4
xK61ktEglpc,2026-06-28,Pidato Penutupan Sarasehan Kebangsaan KSTI 2026,nanti,4
xK61ktEglpc,2026-06-28,Pidato Penutupan Sarasehan Kebangsaan KSTI 2026,nuklir,4
xK61ktEglpc,2026-06-28,Pidato Penutupan Sarasehan Kebangsaan KSTI 2026,pak,4
xK61ktEglpc,2026-06-28,Pidato Penutupan Sarasehan Kebangsaan KSTI 2026,para,4
xK61ktEglpc,2026-06-28,Pidato Penutupan Sarasehan Kebangsaan KSTI 2026,profesor,4
xK61ktEglpc,2026-06-28,Pidato Penutupan Sarasehan Kebangsaan KSTI 2026,rakyat,4
xK61ktEglpc,2026-06-28,Pidato Penutupan Sarasehan Kebangsaan KSTI 2026,sekalian,4
xK61ktEglpc,2026-06-28,Pidato Penutupan Sarasehan Kebangsaan KSTI 2026,sendiri,4
xK61ktEglpc,2026-06-28,Pidato Penutupan Sarasehan Kebangsaan KSTI 2026,teknologi,4
xK61ktEglpc,2026-06-28,Pidato Penutupan Sarasehan Kebangsaan KSTI 2026,agent,3
xK61ktEglpc,2026-06-28,Pidato Penutupan Sarasehan Kebangsaan KSTI 2026,atas,3
xK61ktEglpc,2026-06-28,Pidato Penutupan Sarasehan Kebangsaan KSTI 2026,baik,3
xK61ktEglpc,2026-06-28,Pidato Penutupan Sarasehan Kebangsaan KSTI 2026,benar,3
xK61ktEglpc,2026-06-28,Pidato Penutupan Sarasehan Kebangsaan KSTI 2026,bumn,3
xK61ktEglpc,2026-06-28,Pidato Penutupan Sarasehan Kebangsaan KSTI 2026,kalau,3
xK61ktEglpc,2026-06-28,Pidato Penutupan Sarasehan Kebangsaan KSTI 2026,kampus,3
xK61ktEglpc,2026-06-28,Pidato Penutupan Sarasehan Kebangsaan KSTI 2026,kemarin,3
xK61ktEglpc,2026-06-28,Pidato Penutupan Sarasehan Kebangsaan KSTI 2026,kira,3
xK61ktEglpc,2026-06-28,Pidato Penutupan Sarasehan Kebangsaan KSTI 2026,langsung,3
xK61ktEglpc,2026-06-28,Pidato Penutupan Sarasehan Kebangsaan KSTI 2026,luar,3
xK61ktEglpc,2026-06-28,Pidato Penutupan Sarasehan Kebangsaan KSTI 2026,mana,3
xK61ktEglpc,2026-06-28,Pidato Penutupan Sarasehan Kebangsaan KSTI 2026,menjadi,3
xK61ktEglpc,2026-06-28,Pidato Penutupan Sarasehan Kebangsaan KSTI 2026,mulai,3
xK61ktEglpc,2026-06-28,Pidato Penutupan Sarasehan Kebangsaan KSTI 2026,namanya,3
xK61ktEglpc,2026-06-28,Pidato Penutupan Sarasehan Kebangsaan KSTI 2026,organisasi,3
xK61ktEglpc,2026-06-28,Pidato Penutupan Sarasehan Kebangsaan KSTI 2026,pandangan,3
xK61ktEglpc,2026-06-28,Pidato Penutupan Sarasehan Kebangsaan KSTI 2026,perhatikan,3
xK61ktEglpc,2026-06-28,Pidato Penutupan Sarasehan Kebangsaan KSTI 2026,positif,3
xK61ktEglpc,2026-06-28,Pidato Penutupan Sarasehan Kebangsaan KSTI 2026,proses,3
xK61ktEglpc,2026-06-28,Pidato Penutupan Sarasehan Kebangsaan KSTI 2026,pun,3
xK61ktEglpc,2026-06-28,Pidato Penutupan Sarasehan Kebangsaan KSTI 2026,riset,3
xK61ktEglpc,2026-06-28,Pidato Penutupan Sarasehan Kebangsaan KSTI 2026,sama,3
xK61ktEglpc,2026-06-28,Pidato Penutupan Sarasehan Kebangsaan KSTI 2026,segala,3
xK61ktEglpc,2026-06-28,Pidato Penutupan Sarasehan Kebangsaan KSTI 2026,semakin,3
xK61ktEglpc,2026-06-28,Pidato Penutupan Sarasehan Kebangsaan KSTI 2026,situ,3
xK61ktEglpc,2026-06-28,Pidato Penutupan Sarasehan Kebangsaan KSTI 2026,suasana,3
xK61ktEglpc,2026-06-28,Pidato Penutupan Sarasehan Kebangsaan KSTI 2026,suatu,3
xK61ktEglpc,2026-06-28,Pidato Penutupan Sarasehan Kebangsaan KSTI 2026,swasta,3
xK61ktEglpc,2026-06-28,Pidato Penutupan Sarasehan Kebangsaan KSTI 2026,tahun,3
xK61ktEglpc,2026-06-28,Pidato Penutupan Sarasehan Kebangsaan KSTI 2026,tempat,3
xK61ktEglpc,2026-06-28,Pidato Penutupan Sarasehan Kebangsaan KSTI 2026,tiap,3
xK61ktEglpc,2026-06-28,Pidato Penutupan Sarasehan Kebangsaan KSTI 2026,tindak,3
xK61ktEglpc,2026-06-28,Pidato Penutupan Sarasehan Kebangsaan KSTI 2026,waktu,3
xK61ktEglpc,2026-06-28,Pidato Penutupan Sarasehan Kebangsaan KSTI 2026,academic,2
xK61ktEglpc,2026-06-28,Pidato Penutupan Sarasehan Kebangsaan KSTI 2026,bagaimana,2
xK61ktEglpc,2026-06-28,Pidato Penutupan Sarasehan Kebangsaan KSTI 2026,bagus,2
xK61ktEglpc,2026-06-28,Pidato Penutupan Sarasehan Kebangsaan KSTI 2026,bandung,2
xK61ktEglpc,2026-06-28,Pidato Penutupan Sarasehan Kebangsaan KSTI 2026,bapak,2
xK61ktEglpc,2026-06-28,Pidato Penutupan Sarasehan Kebangsaan KSTI 2026,bekerja,2
xK61ktEglpc,2026-06-28,Pidato Penutupan Sarasehan Kebangsaan KSTI 2026,belum,2
xK61ktEglpc,2026-06-28,Pidato Penutupan Sarasehan Kebangsaan KSTI 2026,berada,2
xK61ktEglpc,2026-06-28,Pidato Penutupan Sarasehan Kebangsaan KSTI 2026,berusaha,2
xK61ktEglpc,2026-06-28,Pidato Penutupan Sarasehan Kebangsaan KSTI 2026,biasa,2
xK61ktEglpc,2026-06-28,Pidato Penutupan Sarasehan Kebangsaan KSTI 2026,bikin,2
xK61ktEglpc,2026-06-28,Pidato Penutupan Sarasehan Kebangsaan KSTI 2026,botak,2
xK61ktEglpc,2026-06-28,Pidato Penutupan Sarasehan Kebangsaan KSTI 2026,bulan,2
xK61ktEglpc,2026-06-28,Pidato Penutupan Sarasehan Kebangsaan KSTI 2026,catur,2
xK61ktEglpc,2026-06-28,Pidato Penutupan Sarasehan Kebangsaan KSTI 2026,daftar,2
xK61ktEglpc,2026-06-28,Pidato Penutupan Sarasehan Kebangsaan KSTI 2026,dengar,2
xK61ktEglpc,2026-06-28,Pidato Penutupan Sarasehan Kebangsaan KSTI 2026,desa,2
xK61ktEglpc,2026-06-28,Pidato Penutupan Sarasehan Kebangsaan KSTI 2026,dihadapi,2
xK61ktEglpc,2026-06-28,Pidato Penutupan Sarasehan Kebangsaan KSTI 2026,dipanggil,2
xK61ktEglpc,2026-06-28,Pidato Penutupan Sarasehan Kebangsaan KSTI 2026,dulu,2
xK61ktEglpc,2026-06-28,Pidato Penutupan Sarasehan Kebangsaan KSTI 2026,efisien,2
xK61ktEglpc,2026-06-28,Pidato Penutupan Sarasehan Kebangsaan KSTI 2026,energi,2
xK61ktEglpc,2026-06-28,Pidato Penutupan Sarasehan Kebangsaan KSTI 2026,freedom,2
xK61ktEglpc,2026-06-28,Pidato Penutupan Sarasehan Kebangsaan KSTI 2026,i,2
xK61ktEglpc,2026-06-28,Pidato Penutupan Sarasehan Kebangsaan KSTI 2026,inovasi,2
xK61ktEglpc,2026-06-28,Pidato Penutupan Sarasehan Kebangsaan KSTI 2026,jakarta,2
xK61ktEglpc,2026-06-28,Pidato Penutupan Sarasehan Kebangsaan KSTI 2026,juara,2
xK61ktEglpc,2026-06-28,Pidato Penutupan Sarasehan Kebangsaan KSTI 2026,kabarnya,2
xK61ktEglpc,2026-06-28,Pidato Penutupan Sarasehan Kebangsaan KSTI 2026,kali,2
xK61ktEglpc,2026-06-28,Pidato Penutupan Sarasehan Kebangsaan KSTI 2026,kampus-kampus,2
xK61ktEglpc,2026-06-28,Pidato Penutupan Sarasehan Kebangsaan KSTI 2026,katanya,2
xK61ktEglpc,2026-06-28,Pidato Penutupan Sarasehan Kebangsaan KSTI 2026,kayak,2
xK61ktEglpc,2026-06-28,Pidato Penutupan Sarasehan Kebangsaan KSTI 2026,kebebasan,2
xK61ktEglpc,2026-06-28,Pidato Penutupan Sarasehan Kebangsaan KSTI 2026,kemudian,2
xK61ktEglpc,2026-06-28,Pidato Penutupan Sarasehan Kebangsaan KSTI 2026,kepada,2
xK61ktEglpc,2026-06-28,Pidato Penutupan Sarasehan Kebangsaan KSTI 2026,kerja,2
xK61ktEglpc,2026-06-28,Pidato Penutupan Sarasehan Kebangsaan KSTI 2026,ketemu,2
xK61ktEglpc,2026-06-28,Pidato Penutupan Sarasehan Kebangsaan KSTI 2026,konon,2
xK61ktEglpc,2026-06-28,Pidato Penutupan Sarasehan Kebangsaan KSTI 2026,laba,2
xK61ktEglpc,2026-06-28,Pidato Penutupan Sarasehan Kebangsaan KSTI 2026,lakukan,2
xK61ktEglpc,2026-06-28,Pidato Penutupan Sarasehan Kebangsaan KSTI 2026,lanjuti,2
xK61ktEglpc,2026-06-28,Pidato Penutupan Sarasehan Kebangsaan KSTI 2026,lewat,2
xK61ktEglpc,2026-06-28,Pidato Penutupan Sarasehan Kebangsaan KSTI 2026,lihat,2
xK61ktEglpc,2026-06-28,Pidato Penutupan Sarasehan Kebangsaan KSTI 2026,mandat,2
xK61ktEglpc,2026-06-28,Pidato Penutupan Sarasehan Kebangsaan KSTI 2026,masalahnya,2
xK61ktEglpc,2026-06-28,Pidato Penutupan Sarasehan Kebangsaan KSTI 2026,masih,2
xK61ktEglpc,2026-06-28,Pidato Penutupan Sarasehan Kebangsaan KSTI 2026,masyarakat,2
xK61ktEglpc,2026-06-28,Pidato Penutupan Sarasehan Kebangsaan KSTI 2026,mau,2
xK61ktEglpc,2026-06-28,Pidato Penutupan Sarasehan Kebangsaan KSTI 2026,memang,2
xK61ktEglpc,2026-06-28,Pidato Penutupan Sarasehan Kebangsaan KSTI 2026,memberi,2
xK61ktEglpc,2026-06-28,Pidato Penutupan Sarasehan Kebangsaan KSTI 2026,membiayai,2
xK61ktEglpc,2026-06-28,Pidato Penutupan Sarasehan Kebangsaan KSTI 2026,mencari,2
xK61ktEglpc,2026-06-28,Pidato Penutupan Sarasehan Kebangsaan KSTI 2026,mengikuti,2
xK61ktEglpc,2026-06-28,Pidato Penutupan Sarasehan Kebangsaan KSTI 2026,menit,2
xK61ktEglpc,2026-06-28,Pidato Penutupan Sarasehan Kebangsaan KSTI 2026,menuju,2
xK61ktEglpc,2026-06-28,Pidato Penutupan Sarasehan Kebangsaan KSTI 2026,mesin,2
xK61ktEglpc,2026-06-28,Pidato Penutupan Sarasehan Kebangsaan KSTI 2026,nah,2
xK61ktEglpc,2026-06-28,Pidato Penutupan Sarasehan Kebangsaan KSTI 2026,orang,2
xK61ktEglpc,2026-06-28,Pidato Penutupan Sarasehan Kebangsaan KSTI 2026,pengolahan,2
xK61ktEglpc,2026-06-28,Pidato Penutupan Sarasehan Kebangsaan KSTI 2026,pertama,2
xK61ktEglpc,2026-06-28,Pidato Penutupan Sarasehan Kebangsaan KSTI 2026,punya,2
xK61ktEglpc,2026-06-28,Pidato Penutupan Sarasehan Kebangsaan KSTI 2026,rambutnya,2
xK61ktEglpc,2026-06-28,Pidato Penutupan Sarasehan Kebangsaan KSTI 2026,sains,2
xK61ktEglpc,2026-06-28,Pidato Penutupan Sarasehan Kebangsaan KSTI 2026,saja,2
xK61ktEglpc,2026-06-28,Pidato Penutupan Sarasehan Kebangsaan KSTI 2026,sampai,2
xK61ktEglpc,2026-06-28,Pidato Penutupan Sarasehan Kebangsaan KSTI 2026,saudara,2
xK61ktEglpc,2026-06-28,Pidato Penutupan Sarasehan Kebangsaan KSTI 2026,sedang,2
xK61ktEglpc,2026-06-28,Pidato Penutupan Sarasehan Kebangsaan KSTI 2026,segera,2
xK61ktEglpc,2026-06-28,Pidato Penutupan Sarasehan Kebangsaan KSTI 2026,sekali,2
xK61ktEglpc,2026-06-28,Pidato Penutupan Sarasehan Kebangsaan KSTI 2026,selalu,2
xK61ktEglpc,2026-06-28,Pidato Penutupan Sarasehan Kebangsaan KSTI 2026,selesaikan,2
xK61ktEglpc,2026-06-28,Pidato Penutupan Sarasehan Kebangsaan KSTI 2026,subsidi,2
xK61ktEglpc,2026-06-28,Pidato Penutupan Sarasehan Kebangsaan KSTI 2026,terus,2
xK61ktEglpc,2026-06-28,Pidato Penutupan Sarasehan Kebangsaan KSTI 2026,tinggal,2
xK61ktEglpc,2026-06-28,Pidato Penutupan Sarasehan Kebangsaan KSTI 2026,tutup,2
xK61ktEglpc,2026-06-28,Pidato Penutupan Sarasehan Kebangsaan KSTI 2026,uang,2
xK61ktEglpc,2026-06-28,Pidato Penutupan Sarasehan Kebangsaan KSTI 2026,ujungnya,2
xK61ktEglpc,2026-06-28,Pidato Penutupan Sarasehan Kebangsaan KSTI 2026,universitas,2
xK61ktEglpc,2026-06-28,Pidato Penutupan Sarasehan Kebangsaan KSTI 2026,wartawan,2
xK61ktEglpc,2026-06-28,Pidato Penutupan Sarasehan Kebangsaan KSTI 2026,agar,1
xK61ktEglpc,2026-06-28,Pidato Penutupan Sarasehan Kebangsaan KSTI 2026,agen,1
xK61ktEglpc,2026-06-28,Pidato Penutupan Sarasehan Kebangsaan KSTI 2026,akademis,1
xK61ktEglpc,2026-06-28,Pidato Penutupan Sarasehan Kebangsaan KSTI 2026,akal,1
xK61ktEglpc,2026-06-28,Pidato Penutupan Sarasehan Kebangsaan KSTI 2026,akhir,1
xK61ktEglpc,2026-06-28,Pidato Penutupan Sarasehan Kebangsaan KSTI 2026,aktif,1
xK61ktEglpc,2026-06-28,Pidato Penutupan Sarasehan Kebangsaan KSTI 2026,aku,1
xK61ktEglpc,2026-06-28,Pidato Penutupan Sarasehan Kebangsaan KSTI 2026,alasan,1
xK61ktEglpc,2026-06-28,Pidato Penutupan Sarasehan Kebangsaan KSTI 2026,alokasi,1
xK61ktEglpc,2026-06-28,Pidato Penutupan Sarasehan Kebangsaan KSTI 2026,anak,1
xK61ktEglpc,2026-06-28,Pidato Penutupan Sarasehan Kebangsaan KSTI 2026,apa-apa,1
xK61ktEglpc,2026-06-28,Pidato Penutupan Sarasehan Kebangsaan KSTI 2026,apalagi,1
xK61ktEglpc,2026-06-28,Pidato Penutupan Sarasehan Kebangsaan KSTI 2026,arah,1
xK61ktEglpc,2026-06-28,Pidato Penutupan Sarasehan Kebangsaan KSTI 2026,artificial,1
xK61ktEglpc,2026-06-28,Pidato Penutupan Sarasehan Kebangsaan KSTI 2026,asalamualaikum,1
xK61ktEglpc,2026-06-28,Pidato Penutupan Sarasehan Kebangsaan KSTI 2026,awal,1
xK61ktEglpc,2026-06-28,Pidato Penutupan Sarasehan Kebangsaan KSTI 2026,baca,1
xK61ktEglpc,2026-06-28,Pidato Penutupan Sarasehan Kebangsaan KSTI 2026,bahan,1
xK61ktEglpc,2026-06-28,Pidato Penutupan Sarasehan Kebangsaan KSTI 2026,bahasa,1
xK61ktEglpc,2026-06-28,Pidato Penutupan Sarasehan Kebangsaan KSTI 2026,baku,1
xK61ktEglpc,2026-06-28,Pidato Penutupan Sarasehan Kebangsaan KSTI 2026,bapak-bapak,1
xK61ktEglpc,2026-06-28,Pidato Penutupan Sarasehan Kebangsaan KSTI 2026,bayangkan,1
xK61ktEglpc,2026-06-28,Pidato Penutupan Sarasehan Kebangsaan KSTI 2026,bayar,1
xK61ktEglpc,2026-06-28,Pidato Penutupan Sarasehan Kebangsaan KSTI 2026,bbm,1
xK61ktEglpc,2026-06-28,Pidato Penutupan Sarasehan Kebangsaan KSTI 2026,beasiswa,1
xK61ktEglpc,2026-06-28,Pidato Penutupan Sarasehan Kebangsaan KSTI 2026,begitu,1
xK61ktEglpc,2026-06-28,Pidato Penutupan Sarasehan Kebangsaan KSTI 2026,belahan,1
xK61ktEglpc,2026-06-28,Pidato Penutupan Sarasehan Kebangsaan KSTI 2026,belasan,1
xK61ktEglpc,2026-06-28,Pidato Penutupan Sarasehan Kebangsaan KSTI 2026,ben,1
xK61ktEglpc,2026-06-28,Pidato Penutupan Sarasehan Kebangsaan KSTI 2026,benar-benar,1
xK61ktEglpc,2026-06-28,Pidato Penutupan Sarasehan Kebangsaan KSTI 2026,bengkulu,1
xK61ktEglpc,2026-06-28,Pidato Penutupan Sarasehan Kebangsaan KSTI 2026,berbeda,1
xK61ktEglpc,2026-06-28,Pidato Penutupan Sarasehan Kebangsaan KSTI 2026,berbicara,1
xK61ktEglpc,2026-06-28,Pidato Penutupan Sarasehan Kebangsaan KSTI 2026,berbuat,1
xK61ktEglpc,2026-06-28,Pidato Penutupan Sarasehan Kebangsaan KSTI 2026,berkarya,1
xK61ktEglpc,2026-06-28,Pidato Penutupan Sarasehan Kebangsaan KSTI 2026,berkeyakinan,1
xK61ktEglpc,2026-06-28,Pidato Penutupan Sarasehan Kebangsaan KSTI 2026,bermusuhan,1
xK61ktEglpc,2026-06-28,Pidato Penutupan Sarasehan Kebangsaan KSTI 2026,bernegara,1
xK61ktEglpc,2026-06-28,Pidato Penutupan Sarasehan Kebangsaan KSTI 2026,berpengaruh,1
xK61ktEglpc,2026-06-28,Pidato Penutupan Sarasehan Kebangsaan KSTI 2026,berperan,1
xK61ktEglpc,2026-06-28,Pidato Penutupan Sarasehan Kebangsaan KSTI 2026,bersama,1
xK61ktEglpc,2026-06-28,Pidato Penutupan Sarasehan Kebangsaan KSTI 2026,bersatu,1
xK61ktEglpc,2026-06-28,Pidato Penutupan Sarasehan Kebangsaan KSTI 2026,bersih,1
xK61ktEglpc,2026-06-28,Pidato Penutupan Sarasehan Kebangsaan KSTI 2026,bersihkan,1
xK61ktEglpc,2026-06-28,Pidato Penutupan Sarasehan Kebangsaan KSTI 2026,bertek,1
xK61ktEglpc,2026-06-28,Pidato Penutupan Sarasehan Kebangsaan KSTI 2026,biarlah,1
xK61ktEglpc,2026-06-28,Pidato Penutupan Sarasehan Kebangsaan KSTI 2026,biaya,1
xK61ktEglpc,2026-06-28,Pidato Penutupan Sarasehan Kebangsaan KSTI 2026,bidang,1
xK61ktEglpc,2026-06-28,Pidato Penutupan Sarasehan Kebangsaan KSTI 2026,bismillahirrahmanirrahim,1
xK61ktEglpc,2026-06-28,Pidato Penutupan Sarasehan Kebangsaan KSTI 2026,bolak-balik,1
xK61ktEglpc,2026-06-28,Pidato Penutupan Sarasehan Kebangsaan KSTI 2026,brian,1
xK61ktEglpc,2026-06-28,Pidato Penutupan Sarasehan Kebangsaan KSTI 2026,buddhaya,1
xK61ktEglpc,2026-06-28,Pidato Penutupan Sarasehan Kebangsaan KSTI 2026,buemen-boomen,1
xK61ktEglpc,2026-06-28,Pidato Penutupan Sarasehan Kebangsaan KSTI 2026,buka,1
xK61ktEglpc,2026-06-28,Pidato Penutupan Sarasehan Kebangsaan KSTI 2026,bukan,1
xK61ktEglpc,2026-06-28,Pidato Penutupan Sarasehan Kebangsaan KSTI 2026,bukti,1
xK61ktEglpc,2026-06-28,Pidato Penutupan Sarasehan Kebangsaan KSTI 2026,buktikan,1
xK61ktEglpc,2026-06-28,Pidato Penutupan Sarasehan Kebangsaan KSTI 2026,bumi,1
xK61ktEglpc,2026-06-28,Pidato Penutupan Sarasehan Kebangsaan KSTI 2026,bumn-bomn,1
xK61ktEglpc,2026-06-28,Pidato Penutupan Sarasehan Kebangsaan KSTI 2026,butuh,1
xK61ktEglpc,2026-06-28,Pidato Penutupan Sarasehan Kebangsaan KSTI 2026,catatan,1
xK61ktEglpc,2026-06-28,Pidato Penutupan Sarasehan Kebangsaan KSTI 2026,chat,1
xK61ktEglpc,2026-06-28,Pidato Penutupan Sarasehan Kebangsaan KSTI 2026,cita-citakan,1
xK61ktEglpc,2026-06-28,Pidato Penutupan Sarasehan Kebangsaan KSTI 2026,contoh,1
xK61ktEglpc,2026-06-28,Pidato Penutupan Sarasehan Kebangsaan KSTI 2026,cukup,1
xK61ktEglpc,2026-06-28,Pidato Penutupan Sarasehan Kebangsaan KSTI 2026,daerah,1
xK61ktEglpc,2026-06-28,Pidato Penutupan Sarasehan Kebangsaan KSTI 2026,dampaknya,1
xK61ktEglpc,2026-06-28,Pidato Penutupan Sarasehan Kebangsaan KSTI 2026,danantara,1
xK61ktEglpc,2026-06-28,Pidato Penutupan Sarasehan Kebangsaan KSTI 2026,dapat,1
xK61ktEglpc,2026-06-28,Pidato Penutupan Sarasehan Kebangsaan KSTI 2026,diadu,1
xK61ktEglpc,2026-06-28,Pidato Penutupan Sarasehan Kebangsaan KSTI 2026,diberi,1
xK61ktEglpc,2026-06-28,Pidato Penutupan Sarasehan Kebangsaan KSTI 2026,dilantik,1
xK61ktEglpc,2026-06-28,Pidato Penutupan Sarasehan Kebangsaan KSTI 2026,direksi,1
xK61ktEglpc,2026-06-28,Pidato Penutupan Sarasehan Kebangsaan KSTI 2026,disampaikan,1
xK61ktEglpc,2026-06-28,Pidato Penutupan Sarasehan Kebangsaan KSTI 2026,disebut,1
xK61ktEglpc,2026-06-28,Pidato Penutupan Sarasehan Kebangsaan KSTI 2026,diusulkan,1
xK61ktEglpc,2026-06-28,Pidato Penutupan Sarasehan Kebangsaan KSTI 2026,doktor,1
xK61ktEglpc,2026-06-28,Pidato Penutupan Sarasehan Kebangsaan KSTI 2026,doni,1
xK61ktEglpc,2026-06-28,Pidato Penutupan Sarasehan Kebangsaan KSTI 2026,dosen,1
xK61ktEglpc,2026-06-28,Pidato Penutupan Sarasehan Kebangsaan KSTI 2026,dunia,1
xK61ktEglpc,2026-06-28,Pidato Penutupan Sarasehan Kebangsaan KSTI 2026,empat,1
xK61ktEglpc,2026-06-28,Pidato Penutupan Sarasehan Kebangsaan KSTI 2026,enggak,1
xK61ktEglpc,2026-06-28,Pidato Penutupan Sarasehan Kebangsaan KSTI 2026,filosofi,1
xK61ktEglpc,2026-06-28,Pidato Penutupan Sarasehan Kebangsaan KSTI 2026,gagasan,1
xK61ktEglpc,2026-06-28,Pidato Penutupan Sarasehan Kebangsaan KSTI 2026,gagasan-gagasan,1
xK61ktEglpc,2026-06-28,Pidato Penutupan Sarasehan Kebangsaan KSTI 2026,gajinya,1
xK61ktEglpc,2026-06-28,Pidato Penutupan Sarasehan Kebangsaan KSTI 2026,gak,1
xK61ktEglpc,2026-06-28,Pidato Penutupan Sarasehan Kebangsaan KSTI 2026,garis,1
xK61ktEglpc,2026-06-28,Pidato Penutupan Sarasehan Kebangsaan KSTI 2026,guru,1
xK61ktEglpc,2026-06-28,Pidato Penutupan Sarasehan Kebangsaan KSTI 2026,hadapi,1
xK61ktEglpc,2026-06-28,Pidato Penutupan Sarasehan Kebangsaan KSTI 2026,hampir,1
xK61ktEglpc,2026-06-28,Pidato Penutupan Sarasehan Kebangsaan KSTI 2026,handphone,1
xK61ktEglpc,2026-06-28,Pidato Penutupan Sarasehan Kebangsaan KSTI 2026,hanya,1
xK61ktEglpc,2026-06-28,Pidato Penutupan Sarasehan Kebangsaan KSTI 2026,hebat,1
xK61ktEglpc,2026-06-28,Pidato Penutupan Sarasehan Kebangsaan KSTI 2026,hidup,1
xK61ktEglpc,2026-06-28,Pidato Penutupan Sarasehan Kebangsaan KSTI 2026,hormat,1
xK61ktEglpc,2026-06-28,Pidato Penutupan Sarasehan Kebangsaan KSTI 2026,indust,1
xK61ktEglpc,2026-06-28,Pidato Penutupan Sarasehan Kebangsaan KSTI 2026,ingin,1
xK61ktEglpc,2026-06-28,Pidato Penutupan Sarasehan Kebangsaan KSTI 2026,inginkan,1
xK61ktEglpc,2026-06-28,Pidato Penutupan Sarasehan Kebangsaan KSTI 2026,inisiatif,1
xK61ktEglpc,2026-06-28,Pidato Penutupan Sarasehan Kebangsaan KSTI 2026,institusi,1
xK61ktEglpc,2026-06-28,Pidato Penutupan Sarasehan Kebangsaan KSTI 2026,insyaallah,1
xK61ktEglpc,2026-06-28,Pidato Penutupan Sarasehan Kebangsaan KSTI 2026,intelligence,1
xK61ktEglpc,2026-06-28,Pidato Penutupan Sarasehan Kebangsaan KSTI 2026,jalannya,1
xK61ktEglpc,2026-06-28,Pidato Penutupan Sarasehan Kebangsaan KSTI 2026,jam,1
xK61ktEglpc,2026-06-28,Pidato Penutupan Sarasehan Kebangsaan KSTI 2026,jangankan,1
xK61ktEglpc,2026-06-28,Pidato Penutupan Sarasehan Kebangsaan KSTI 2026,janji,1
xK61ktEglpc,2026-06-28,Pidato Penutupan Sarasehan Kebangsaan KSTI 2026,jumat,1
xK61ktEglpc,2026-06-28,Pidato Penutupan Sarasehan Kebangsaan KSTI 2026,jumpa,1
xK61ktEglpc,2026-06-28,Pidato Penutupan Sarasehan Kebangsaan KSTI 2026,kalah,1
xK61ktEglpc,2026-06-28,Pidato Penutupan Sarasehan Kebangsaan KSTI 2026,kapal,1
xK61ktEglpc,2026-06-28,Pidato Penutupan Sarasehan Kebangsaan KSTI 2026,karya-karya,1
xK61ktEglpc,2026-06-28,Pidato Penutupan Sarasehan Kebangsaan KSTI 2026,kasihan,1
xK61ktEglpc,2026-06-28,Pidato Penutupan Sarasehan Kebangsaan KSTI 2026,katakan,1
xK61ktEglpc,2026-06-28,Pidato Penutupan Sarasehan Kebangsaan KSTI 2026,katakanlah,1
xK61ktEglpc,2026-06-28,Pidato Penutupan Sarasehan Kebangsaan KSTI 2026,keadaan,1
xK61ktEglpc,2026-06-28,Pidato Penutupan Sarasehan Kebangsaan KSTI 2026,kebaikan,1
xK61ktEglpc,2026-06-28,Pidato Penutupan Sarasehan Kebangsaan KSTI 2026,kecil,1
xK61ktEglpc,2026-06-28,Pidato Penutupan Sarasehan Kebangsaan KSTI 2026,kehidupan,1
xK61ktEglpc,2026-06-28,Pidato Penutupan Sarasehan Kebangsaan KSTI 2026,keinginan,1
xK61ktEglpc,2026-06-28,Pidato Penutupan Sarasehan Kebangsaan KSTI 2026,kejadian,1
xK61ktEglpc,2026-06-28,Pidato Penutupan Sarasehan Kebangsaan KSTI 2026,kekurangan,1
xK61ktEglpc,2026-06-28,Pidato Penutupan Sarasehan Kebangsaan KSTI 2026,kelangsungan,1
xK61ktEglpc,2026-06-28,Pidato Penutupan Sarasehan Kebangsaan KSTI 2026,kelompok,1
xK61ktEglpc,2026-06-28,Pidato Penutupan Sarasehan Kebangsaan KSTI 2026,kena,1
xK61ktEglpc,2026-06-28,Pidato Penutupan Sarasehan Kebangsaan KSTI 2026,kendali,1
xK61ktEglpc,2026-06-28,Pidato Penutupan Sarasehan Kebangsaan KSTI 2026,keras,1
xK61ktEglpc,2026-06-28,Pidato Penutupan Sarasehan Kebangsaan KSTI 2026,keterangan,1
xK61ktEglpc,2026-06-28,Pidato Penutupan Sarasehan Kebangsaan KSTI 2026,ketinggalan,1
xK61ktEglpc,2026-06-28,Pidato Penutupan Sarasehan Kebangsaan KSTI 2026,keyakinan,1
xK61ktEglpc,2026-06-28,Pidato Penutupan Sarasehan Kebangsaan KSTI 2026,kilometer,1
xK61ktEglpc,2026-06-28,Pidato Penutupan Sarasehan Kebangsaan KSTI 2026,kode,1
xK61ktEglpc,2026-06-28,Pidato Penutupan Sarasehan Kebangsaan KSTI 2026,komisaris,1
xK61ktEglpc,2026-06-28,Pidato Penutupan Sarasehan Kebangsaan KSTI 2026,kopi,1
xK61ktEglpc,2026-06-28,Pidato Penutupan Sarasehan Kebangsaan KSTI 2026,korporasi,1
xK61ktEglpc,2026-06-28,Pidato Penutupan Sarasehan Kebangsaan KSTI 2026,labanya,1
xK61ktEglpc,2026-06-28,Pidato Penutupan Sarasehan Kebangsaan KSTI 2026,lah,1
xK61ktEglpc,2026-06-28,Pidato Penutupan Sarasehan Kebangsaan KSTI 2026,lain,1
xK61ktEglpc,2026-06-28,Pidato Penutupan Sarasehan Kebangsaan KSTI 2026,lain-lain,1
xK61ktEglpc,2026-06-28,Pidato Penutupan Sarasehan Kebangsaan KSTI 2026,lalu,1
xK61ktEglpc,2026-06-28,Pidato Penutupan Sarasehan Kebangsaan KSTI 2026,lama,1
xK61ktEglpc,2026-06-28,Pidato Penutupan Sarasehan Kebangsaan KSTI 2026,lanjut,1
xK61ktEglpc,2026-06-28,Pidato Penutupan Sarasehan Kebangsaan KSTI 2026,laporan,1
xK61ktEglpc,2026-06-28,Pidato Penutupan Sarasehan Kebangsaan KSTI 2026,lembaga,1
xK61ktEglpc,2026-06-28,Pidato Penutupan Sarasehan Kebangsaan KSTI 2026,listrik,1
xK61ktEglpc,2026-06-28,Pidato Penutupan Sarasehan Kebangsaan KSTI 2026,makin,1
xK61ktEglpc,2026-06-28,Pidato Penutupan Sarasehan Kebangsaan KSTI 2026,malam,1
xK61ktEglpc,2026-06-28,Pidato Penutupan Sarasehan Kebangsaan KSTI 2026,mandi,1
xK61ktEglpc,2026-06-28,Pidato Penutupan Sarasehan Kebangsaan KSTI 2026,manfaat,1
xK61ktEglpc,2026-06-28,Pidato Penutupan Sarasehan Kebangsaan KSTI 2026,masalah,1
xK61ktEglpc,2026-06-28,Pidato Penutupan Sarasehan Kebangsaan KSTI 2026,masuk,1
xK61ktEglpc,2026-06-28,Pidato Penutupan Sarasehan Kebangsaan KSTI 2026,masukan,1
xK61ktEglpc,2026-06-28,Pidato Penutupan Sarasehan Kebangsaan KSTI 2026,maupun,1
xK61ktEglpc,2026-06-28,Pidato Penutupan Sarasehan Kebangsaan KSTI 2026,medis,1
xK61ktEglpc,2026-06-28,Pidato Penutupan Sarasehan Kebangsaan KSTI 2026,melalui,1
xK61ktEglpc,2026-06-28,Pidato Penutupan Sarasehan Kebangsaan KSTI 2026,melibatkan,1
xK61ktEglpc,2026-06-28,Pidato Penutupan Sarasehan Kebangsaan KSTI 2026,membantu,1
xK61ktEglpc,2026-06-28,Pidato Penutupan Sarasehan Kebangsaan KSTI 2026,membuat,1
xK61ktEglpc,2026-06-28,Pidato Penutupan Sarasehan Kebangsaan KSTI 2026,membutuhkan,1
xK61ktEglpc,2026-06-28,Pidato Penutupan Sarasehan Kebangsaan KSTI 2026,menciptakan,1
xK61ktEglpc,2026-06-28,Pidato Penutupan Sarasehan Kebangsaan KSTI 2026,mendalami,1
xK61ktEglpc,2026-06-28,Pidato Penutupan Sarasehan Kebangsaan KSTI 2026,mendikti,1
xK61ktEglpc,2026-06-28,Pidato Penutupan Sarasehan Kebangsaan KSTI 2026,mengakui,1
xK61ktEglpc,2026-06-28,Pidato Penutupan Sarasehan Kebangsaan KSTI 2026,mengalokasikan,1
xK61ktEglpc,2026-06-28,Pidato Penutupan Sarasehan Kebangsaan KSTI 2026,mengatasinya,1
xK61ktEglpc,2026-06-28,Pidato Penutupan Sarasehan Kebangsaan KSTI 2026,mengejar,1
xK61ktEglpc,2026-06-28,Pidato Penutupan Sarasehan Kebangsaan KSTI 2026,mengeluarkan,1
xK61ktEglpc,2026-06-28,Pidato Penutupan Sarasehan Kebangsaan KSTI 2026,mengerti,1
xK61ktEglpc,2026-06-28,Pidato Penutupan Sarasehan Kebangsaan KSTI 2026,mengetahui,1
xK61ktEglpc,2026-06-28,Pidato Penutupan Sarasehan Kebangsaan KSTI 2026,menggeluti,1
xK61ktEglpc,2026-06-28,Pidato Penutupan Sarasehan Kebangsaan KSTI 2026,menghabiskan,1
xK61ktEglpc,2026-06-28,Pidato Penutupan Sarasehan Kebangsaan KSTI 2026,menghadapi,1
xK61ktEglpc,2026-06-28,Pidato Penutupan Sarasehan Kebangsaan KSTI 2026,mengundang,1
xK61ktEglpc,2026-06-28,Pidato Penutupan Sarasehan Kebangsaan KSTI 2026,menikmati,1
xK61ktEglpc,2026-06-28,Pidato Penutupan Sarasehan Kebangsaan KSTI 2026,menteri,1
xK61ktEglpc,2026-06-28,Pidato Penutupan Sarasehan Kebangsaan KSTI 2026,menurut,1
xK61ktEglpc,2026-06-28,Pidato Penutupan Sarasehan Kebangsaan KSTI 2026,menyampaikan,1
xK61ktEglpc,2026-06-28,Pidato Penutupan Sarasehan Kebangsaan KSTI 2026,minggu,1
xK61ktEglpc,2026-06-28,Pidato Penutupan Sarasehan Kebangsaan KSTI 2026,minta,1
xK61ktEglpc,2026-06-28,Pidato Penutupan Sarasehan Kebangsaan KSTI 2026,minum,1
xK61ktEglpc,2026-06-28,Pidato Penutupan Sarasehan Kebangsaan KSTI 2026,mohon,1
xK61ktEglpc,2026-06-28,Pidato Penutupan Sarasehan Kebangsaan KSTI 2026,monitor,1
xK61ktEglpc,2026-06-28,Pidato Penutupan Sarasehan Kebangsaan KSTI 2026,mungkin,1
xK61ktEglpc,2026-06-28,Pidato Penutupan Sarasehan Kebangsaan KSTI 2026,murah,1
xK61ktEglpc,2026-06-28,Pidato Penutupan Sarasehan Kebangsaan KSTI 2026,nahqoda,1
xK61ktEglpc,2026-06-28,Pidato Penutupan Sarasehan Kebangsaan KSTI 2026,namo,1
xK61ktEglpc,2026-06-28,Pidato Penutupan Sarasehan Kebangsaan KSTI 2026,nantinya,1
xK61ktEglpc,2026-06-28,Pidato Penutupan Sarasehan Kebangsaan KSTI 2026,negeri,1
xK61ktEglpc,2026-06-28,Pidato Penutupan Sarasehan Kebangsaan KSTI 2026,nias,1
xK61ktEglpc,2026-06-28,Pidato Penutupan Sarasehan Kebangsaan KSTI 2026,nkri,1
xK61ktEglpc,2026-06-28,Pidato Penutupan Sarasehan Kebangsaan KSTI 2026,nukleir,1
xK61ktEglpc,2026-06-28,Pidato Penutupan Sarasehan Kebangsaan KSTI 2026,om,1
xK61ktEglpc,2026-06-28,Pidato Penutupan Sarasehan Kebangsaan KSTI 2026,orang-orang,1
xK61ktEglpc,2026-06-28,Pidato Penutupan Sarasehan Kebangsaan KSTI 2026,osar,1
xK61ktEglpc,2026-06-28,Pidato Penutupan Sarasehan Kebangsaan KSTI 2026,overhead,1
xK61ktEglpc,2026-06-28,Pidato Penutupan Sarasehan Kebangsaan KSTI 2026,overhead-nya,1
xK61ktEglpc,2026-06-28,Pidato Penutupan Sarasehan Kebangsaan KSTI 2026,pada,1
xK61ktEglpc,2026-06-28,Pidato Penutupan Sarasehan Kebangsaan KSTI 2026,padat,1
xK61ktEglpc,2026-06-28,Pidato Penutupan Sarasehan Kebangsaan KSTI 2026,pagi,1
xK61ktEglpc,2026-06-28,Pidato Penutupan Sarasehan Kebangsaan KSTI 2026,pembantu,1
xK61ktEglpc,2026-06-28,Pidato Penutupan Sarasehan Kebangsaan KSTI 2026,pemegang,1
xK61ktEglpc,2026-06-28,Pidato Penutupan Sarasehan Kebangsaan KSTI 2026,pemikiran,1
xK61ktEglpc,2026-06-28,Pidato Penutupan Sarasehan Kebangsaan KSTI 2026,pemikiranem,1
xK61ktEglpc,2026-06-28,Pidato Penutupan Sarasehan Kebangsaan KSTI 2026,penciptaan,1
xK61ktEglpc,2026-06-28,Pidato Penutupan Sarasehan Kebangsaan KSTI 2026,pendidikan,1
xK61ktEglpc,2026-06-28,Pidato Penutupan Sarasehan Kebangsaan KSTI 2026,penemu,1
xK61ktEglpc,2026-06-28,Pidato Penutupan Sarasehan Kebangsaan KSTI 2026,penting,1
xK61ktEglpc,2026-06-28,Pidato Penutupan Sarasehan Kebangsaan KSTI 2026,penutupan,1
xK61ktEglpc,2026-06-28,Pidato Penutupan Sarasehan Kebangsaan KSTI 2026,peradaban,1
xK61ktEglpc,2026-06-28,Pidato Penutupan Sarasehan Kebangsaan KSTI 2026,perang,1
xK61ktEglpc,2026-06-28,Pidato Penutupan Sarasehan Kebangsaan KSTI 2026,perguruan,1
xK61ktEglpc,2026-06-28,Pidato Penutupan Sarasehan Kebangsaan KSTI 2026,perhatian,1
xK61ktEglpc,2026-06-28,Pidato Penutupan Sarasehan Kebangsaan KSTI 2026,perlu,1
xK61ktEglpc,2026-06-28,Pidato Penutupan Sarasehan Kebangsaan KSTI 2026,pertanian,1
xK61ktEglpc,2026-06-28,Pidato Penutupan Sarasehan Kebangsaan KSTI 2026,pertanyaan,1
xK61ktEglpc,2026-06-28,Pidato Penutupan Sarasehan Kebangsaan KSTI 2026,pertentangan,1
xK61ktEglpc,2026-06-28,Pidato Penutupan Sarasehan Kebangsaan KSTI 2026,perusahaan,1
xK61ktEglpc,2026-06-28,Pidato Penutupan Sarasehan Kebangsaan KSTI 2026,pihak,1
xK61ktEglpc,2026-06-28,Pidato Penutupan Sarasehan Kebangsaan KSTI 2026,pintar,1
xK61ktEglpc,2026-06-28,Pidato Penutupan Sarasehan Kebangsaan KSTI 2026,planet,1
xK61ktEglpc,2026-06-28,Pidato Penutupan Sarasehan Kebangsaan KSTI 2026,potensi,1
xK61ktEglpc,2026-06-28,Pidato Penutupan Sarasehan Kebangsaan KSTI 2026,presiden,1
xK61ktEglpc,2026-06-28,Pidato Penutupan Sarasehan Kebangsaan KSTI 2026,produk,1
xK61ktEglpc,2026-06-28,Pidato Penutupan Sarasehan Kebangsaan KSTI 2026,rasional,1
xK61ktEglpc,2026-06-28,Pidato Penutupan Sarasehan Kebangsaan KSTI 2026,rektor,1
xK61ktEglpc,2026-06-28,Pidato Penutupan Sarasehan Kebangsaan KSTI 2026,relatif,1
xK61ktEglpc,2026-06-28,Pidato Penutupan Sarasehan Kebangsaan KSTI 2026,repot,1
xK61ktEglpc,2026-06-28,Pidato Penutupan Sarasehan Kebangsaan KSTI 2026,ribu,1
xK61ktEglpc,2026-06-28,Pidato Penutupan Sarasehan Kebangsaan KSTI 2026,room,1
xK61ktEglpc,2026-06-28,Pidato Penutupan Sarasehan Kebangsaan KSTI 2026,root,1
xK61ktEglpc,2026-06-28,Pidato Penutupan Sarasehan Kebangsaan KSTI 2026,saat,1
xK61ktEglpc,2026-06-28,Pidato Penutupan Sarasehan Kebangsaan KSTI 2026,salam,1
xK61ktEglpc,2026-06-28,Pidato Penutupan Sarasehan Kebangsaan KSTI 2026,salasihan,1
xK61ktEglpc,2026-06-28,Pidato Penutupan Sarasehan Kebangsaan KSTI 2026,salve,1
xK61ktEglpc,2026-06-28,Pidato Penutupan Sarasehan Kebangsaan KSTI 2026,sampaikan,1
xK61ktEglpc,2026-06-28,Pidato Penutupan Sarasehan Kebangsaan KSTI 2026,sarasehan,1
xK61ktEglpc,2026-06-28,Pidato Penutupan Sarasehan Kebangsaan KSTI 2026,sarsakan,1
xK61ktEglpc,2026-06-28,Pidato Penutupan Sarasehan Kebangsaan KSTI 2026,satu-satu,1
xK61ktEglpc,2026-06-28,Pidato Penutupan Sarasehan Kebangsaan KSTI 2026,sebagain,1
xK61ktEglpc,2026-06-28,Pidato Penutupan Sarasehan Kebangsaan KSTI 2026,sebagian,1
xK61ktEglpc,2026-06-28,Pidato Penutupan Sarasehan Kebangsaan KSTI 2026,secara,1
xK61ktEglpc,2026-06-28,Pidato Penutupan Sarasehan Kebangsaan KSTI 2026,sejahtera,1
xK61ktEglpc,2026-06-28,Pidato Penutupan Sarasehan Kebangsaan KSTI 2026,sekaligus,1
xK61ktEglpc,2026-06-28,Pidato Penutupan Sarasehan Kebangsaan KSTI 2026,sekitar,1
xK61ktEglpc,2026-06-28,Pidato Penutupan Sarasehan Kebangsaan KSTI 2026,sektor,1
xK61ktEglpc,2026-06-28,Pidato Penutupan Sarasehan Kebangsaan KSTI 2026,selamat,1
xK61ktEglpc,2026-06-28,Pidato Penutupan Sarasehan Kebangsaan KSTI 2026,selesai,1
xK61ktEglpc,2026-06-28,Pidato Penutupan Sarasehan Kebangsaan KSTI 2026,seluruh,1
xK61ktEglpc,2026-06-28,Pidato Penutupan Sarasehan Kebangsaan KSTI 2026,sementara,1
xK61ktEglpc,2026-06-28,Pidato Penutupan Sarasehan Kebangsaan KSTI 2026,sepintas,1
xK61ktEglpc,2026-06-28,Pidato Penutupan Sarasehan Kebangsaan KSTI 2026,sesi,1
xK61ktEglpc,2026-06-28,Pidato Penutupan Sarasehan Kebangsaan KSTI 2026,sesuatu,1
xK61ktEglpc,2026-06-28,Pidato Penutupan Sarasehan Kebangsaan KSTI 2026,setelah,1
xK61ktEglpc,2026-06-28,Pidato Penutupan Sarasehan Kebangsaan KSTI 2026,shalom,1
xK61ktEglpc,2026-06-28,Pidato Penutupan Sarasehan Kebangsaan KSTI 2026,siapa,1
xK61ktEglpc,2026-06-28,Pidato Penutupan Sarasehan Kebangsaan KSTI 2026,singkat,1
xK61ktEglpc,2026-06-28,Pidato Penutupan Sarasehan Kebangsaan KSTI 2026,situlah,1
xK61ktEglpc,2026-06-28,Pidato Penutupan Sarasehan Kebangsaan KSTI 2026,solusi,1
xK61ktEglpc,2026-06-28,Pidato Penutupan Sarasehan Kebangsaan KSTI 2026,strategi,1
xK61ktEglpc,2026-06-28,Pidato Penutupan Sarasehan Kebangsaan KSTI 2026,sukses,1
xK61ktEglpc,2026-06-28,Pidato Penutupan Sarasehan Kebangsaan KSTI 2026,survival,1
xK61ktEglpc,2026-06-28,Pidato Penutupan Sarasehan Kebangsaan KSTI 2026,swastiastu,1
xK61ktEglpc,2026-06-28,Pidato Penutupan Sarasehan Kebangsaan KSTI 2026,tahu,1
xK61ktEglpc,2026-06-28,Pidato Penutupan Sarasehan Kebangsaan KSTI 2026,tahulah,1
xK61ktEglpc,2026-06-28,Pidato Penutupan Sarasehan Kebangsaan KSTI 2026,tentang,1
xK61ktEglpc,2026-06-28,Pidato Penutupan Sarasehan Kebangsaan KSTI 2026,tentu,1
xK61ktEglpc,2026-06-28,Pidato Penutupan Sarasehan Kebangsaan KSTI 2026,terakhir,1
xK61ktEglpc,2026-06-28,Pidato Penutupan Sarasehan Kebangsaan KSTI 2026,terhadap,1
xK61ktEglpc,2026-06-28,Pidato Penutupan Sarasehan Kebangsaan KSTI 2026,tertibkan,1
xK61ktEglpc,2026-06-28,Pidato Penutupan Sarasehan Kebangsaan KSTI 2026,tiktok,1
xK61ktEglpc,2026-06-28,Pidato Penutupan Sarasehan Kebangsaan KSTI 2026,tinggi,1
xK61ktEglpc,2026-06-28,Pidato Penutupan Sarasehan Kebangsaan KSTI 2026,transparan,1
xK61ktEglpc,2026-06-28,Pidato Penutupan Sarasehan Kebangsaan KSTI 2026,tuh,1
xK61ktEglpc,2026-06-28,Pidato Penutupan Sarasehan Kebangsaan KSTI 2026,tukar-menukar,1
xK61ktEglpc,2026-06-28,Pidato Penutupan Sarasehan Kebangsaan KSTI 2026,tukun,1
xK61ktEglpc,2026-06-28,Pidato Penutupan Sarasehan Kebangsaan KSTI 2026,umum,1
xK61ktEglpc,2026-06-28,Pidato Penutupan Sarasehan Kebangsaan KSTI 2026,untung,1
xK61ktEglpc,2026-06-28,Pidato Penutupan Sarasehan Kebangsaan KSTI 2026,upaya,1
xK61ktEglpc,2026-06-28,Pidato Penutupan Sarasehan Kebangsaan KSTI 2026,usaha,1
xK61ktEglpc,2026-06-28,Pidato Penutupan Sarasehan Kebangsaan KSTI 2026,usul-usul,1
xK61ktEglpc,2026-06-28,Pidato Penutupan Sarasehan Kebangsaan KSTI 2026,usulan,1
xK61ktEglpc,2026-06-28,Pidato Penutupan Sarasehan Kebangsaan KSTI 2026,wabarakatuh,1
xK61ktEglpc,2026-06-28,Pidato Penutupan Sarasehan Kebangsaan KSTI 2026,warahmatullahi,1
xK61ktEglpc,2026-06-28,Pidato Penutupan Sarasehan Kebangsaan KSTI 2026,warning,1
xK61ktEglpc,2026-06-28,Pidato Penutupan Sarasehan Kebangsaan KSTI 2026,wush,1
hJybE-uF_qE,2026-06-26,Pembukaan Sarasehan Kebangsaan KSTI 2026,saya,75
hJybE-uF_qE,2026-06-26,Pembukaan Sarasehan Kebangsaan KSTI 2026,yang,72
hJybE-uF_qE,2026-06-26,Pembukaan Sarasehan Kebangsaan KSTI 2026,kita,63
hJybE-uF_qE,2026-06-26,Pembukaan Sarasehan Kebangsaan KSTI 2026,di,37
hJybE-uF_qE,2026-06-26,Pembukaan Sarasehan Kebangsaan KSTI 2026,dan,30
hJybE-uF_qE,2026-06-26,Pembukaan Sarasehan Kebangsaan KSTI 2026,itu,24
hJybE-uF_qE,2026-06-26,Pembukaan Sarasehan Kebangsaan KSTI 2026,indonesia,23
hJybE-uF_qE,2026-06-26,Pembukaan Sarasehan Kebangsaan KSTI 2026,saudara-saudara,20
hJybE-uF_qE,2026-06-26,Pembukaan Sarasehan Kebangsaan KSTI 2026,adalah,19
hJybE-uF_qE,2026-06-26,Pembukaan Sarasehan Kebangsaan KSTI 2026,dari,19
hJybE-uF_qE,2026-06-26,Pembukaan Sarasehan Kebangsaan KSTI 2026,ini,19
hJybE-uF_qE,2026-06-26,Pembukaan Sarasehan Kebangsaan KSTI 2026,para,18
hJybE-uF_qE,2026-06-26,Pembukaan Sarasehan Kebangsaan KSTI 2026,ada,16
hJybE-uF_qE,2026-06-26,Pembukaan Sarasehan Kebangsaan KSTI 2026,tidak,15
hJybE-uF_qE,2026-06-26,Pembukaan Sarasehan Kebangsaan KSTI 2026,sebagai,14
hJybE-uF_qE,2026-06-26,Pembukaan Sarasehan Kebangsaan KSTI 2026,kalau,13
hJybE-uF_qE,2026-06-26,Pembukaan Sarasehan Kebangsaan KSTI 2026,bangsa,12
hJybE-uF_qE,2026-06-26,Pembukaan Sarasehan Kebangsaan KSTI 2026,harus,12
hJybE-uF_qE,2026-06-26,Pembukaan Sarasehan Kebangsaan KSTI 2026,berbeda,11
hJybE-uF_qE,2026-06-26,Pembukaan Sarasehan Kebangsaan KSTI 2026,bisa,11
hJybE-uF_qE,2026-06-26,Pembukaan Sarasehan Kebangsaan KSTI 2026,dengan,11
hJybE-uF_qE,2026-06-26,Pembukaan Sarasehan Kebangsaan KSTI 2026,untuk,11
hJybE-uF_qE,2026-06-26,Pembukaan Sarasehan Kebangsaan KSTI 2026,besar,10
hJybE-uF_qE,2026-06-26,Pembukaan Sarasehan Kebangsaan KSTI 2026,jadi,10
hJybE-uF_qE,2026-06-26,Pembukaan Sarasehan Kebangsaan KSTI 2026,karena,10
hJybE-uF_qE,2026-06-26,Pembukaan Sarasehan Kebangsaan KSTI 2026,mau,10
hJybE-uF_qE,2026-06-26,Pembukaan Sarasehan Kebangsaan KSTI 2026,negara,10
hJybE-uF_qE,2026-06-26,Pembukaan Sarasehan Kebangsaan KSTI 2026,apa,9
hJybE-uF_qE,2026-06-26,Pembukaan Sarasehan Kebangsaan KSTI 2026,perang,9
hJybE-uF_qE,2026-06-26,Pembukaan Sarasehan Kebangsaan KSTI 2026,punya,9
hJybE-uF_qE,2026-06-26,Pembukaan Sarasehan Kebangsaan KSTI 2026,sama,8
hJybE-uF_qE,2026-06-26,Pembukaan Sarasehan Kebangsaan KSTI 2026,sudah,8
hJybE-uF_qE,2026-06-26,Pembukaan Sarasehan Kebangsaan KSTI 2026,tapi,8
hJybE-uF_qE,2026-06-26,Pembukaan Sarasehan Kebangsaan KSTI 2026,kenapa,7
hJybE-uF_qE,2026-06-26,Pembukaan Sarasehan Kebangsaan KSTI 2026,baik,6
hJybE-uF_qE,2026-06-26,Pembukaan Sarasehan Kebangsaan KSTI 2026,dalam,6
hJybE-uF_qE,2026-06-26,Pembukaan Sarasehan Kebangsaan KSTI 2026,kali,6
hJybE-uF_qE,2026-06-26,Pembukaan Sarasehan Kebangsaan KSTI 2026,lihat,6
hJybE-uF_qE,2026-06-26,Pembukaan Sarasehan Kebangsaan KSTI 2026,minta,6
hJybE-uF_qE,2026-06-26,Pembukaan Sarasehan Kebangsaan KSTI 2026,mobil,6
hJybE-uF_qE,2026-06-26,Pembukaan Sarasehan Kebangsaan KSTI 2026,rakyat,6
hJybE-uF_qE,2026-06-26,Pembukaan Sarasehan Kebangsaan KSTI 2026,rektor,6
hJybE-uF_qE,2026-06-26,Pembukaan Sarasehan Kebangsaan KSTI 2026,satu,6
hJybE-uF_qE,2026-06-26,Pembukaan Sarasehan Kebangsaan KSTI 2026,selalu,6
hJybE-uF_qE,2026-06-26,Pembukaan Sarasehan Kebangsaan KSTI 2026,setiap,6
hJybE-uF_qE,2026-06-26,Pembukaan Sarasehan Kebangsaan KSTI 2026,atas,5
hJybE-uF_qE,2026-06-26,Pembukaan Sarasehan Kebangsaan KSTI 2026,buatan,5
hJybE-uF_qE,2026-06-26,Pembukaan Sarasehan Kebangsaan KSTI 2026,dunia,5
hJybE-uF_qE,2026-06-26,Pembukaan Sarasehan Kebangsaan KSTI 2026,ee,5
hJybE-uF_qE,2026-06-26,Pembukaan Sarasehan Kebangsaan KSTI 2026,guru,5
hJybE-uF_qE,2026-06-26,Pembukaan Sarasehan Kebangsaan KSTI 2026,hari,5
hJybE-uF_qE,2026-06-26,Pembukaan Sarasehan Kebangsaan KSTI 2026,hormati,5
hJybE-uF_qE,2026-06-26,Pembukaan Sarasehan Kebangsaan KSTI 2026,kalah,5
hJybE-uF_qE,2026-06-26,Pembukaan Sarasehan Kebangsaan KSTI 2026,kasih,5
hJybE-uF_qE,2026-06-26,Pembukaan Sarasehan Kebangsaan KSTI 2026,menteri,5
hJybE-uF_qE,2026-06-26,Pembukaan Sarasehan Kebangsaan KSTI 2026,menuju,5
hJybE-uF_qE,2026-06-26,Pembukaan Sarasehan Kebangsaan KSTI 2026,presiden,5
hJybE-uF_qE,2026-06-26,Pembukaan Sarasehan Kebangsaan KSTI 2026,saudara,5
hJybE-uF_qE,2026-06-26,Pembukaan Sarasehan Kebangsaan KSTI 2026,sejarah,5
hJybE-uF_qE,2026-06-26,Pembukaan Sarasehan Kebangsaan KSTI 2026,sekalian,5
hJybE-uF_qE,2026-06-26,Pembukaan Sarasehan Kebangsaan KSTI 2026,semua,5
hJybE-uF_qE,2026-06-26,Pembukaan Sarasehan Kebangsaan KSTI 2026,tahun,5
hJybE-uF_qE,2026-06-26,Pembukaan Sarasehan Kebangsaan KSTI 2026,the,5
hJybE-uF_qE,2026-06-26,Pembukaan Sarasehan Kebangsaan KSTI 2026,tiap,5
hJybE-uF_qE,2026-06-26,Pembukaan Sarasehan Kebangsaan KSTI 2026,tinggi,5
hJybE-uF_qE,2026-06-26,Pembukaan Sarasehan Kebangsaan KSTI 2026,bagi,4
hJybE-uF_qE,2026-06-26,Pembukaan Sarasehan Kebangsaan KSTI 2026,bernegara,4
hJybE-uF_qE,2026-06-26,Pembukaan Sarasehan Kebangsaan KSTI 2026,gaduh,4
hJybE-uF_qE,2026-06-26,Pembukaan Sarasehan Kebangsaan KSTI 2026,juga,4
hJybE-uF_qE,2026-06-26,Pembukaan Sarasehan Kebangsaan KSTI 2026,ke,4
hJybE-uF_qE,2026-06-26,Pembukaan Sarasehan Kebangsaan KSTI 2026,kepada,4
hJybE-uF_qE,2026-06-26,Pembukaan Sarasehan Kebangsaan KSTI 2026,manusia,4
hJybE-uF_qE,2026-06-26,Pembukaan Sarasehan Kebangsaan KSTI 2026,paling,4
hJybE-uF_qE,2026-06-26,Pembukaan Sarasehan Kebangsaan KSTI 2026,pemimpin,4
hJybE-uF_qE,2026-06-26,Pembukaan Sarasehan Kebangsaan KSTI 2026,sampai,4
hJybE-uF_qE,2026-06-26,Pembukaan Sarasehan Kebangsaan KSTI 2026,segala,4
hJybE-uF_qE,2026-06-26,Pembukaan Sarasehan Kebangsaan KSTI 2026,seluruh,4
hJybE-uF_qE,2026-06-26,Pembukaan Sarasehan Kebangsaan KSTI 2026,tanya,4
hJybE-uF_qE,2026-06-26,Pembukaan Sarasehan Kebangsaan KSTI 2026,teknologi,4
hJybE-uF_qE,2026-06-26,Pembukaan Sarasehan Kebangsaan KSTI 2026,terima,4
hJybE-uF_qE,2026-06-26,Pembukaan Sarasehan Kebangsaan KSTI 2026,terpintar,4
hJybE-uF_qE,2026-06-26,Pembukaan Sarasehan Kebangsaan KSTI 2026,ya,4
hJybE-uF_qE,2026-06-26,Pembukaan Sarasehan Kebangsaan KSTI 2026,ahli,3
hJybE-uF_qE,2026-06-26,Pembukaan Sarasehan Kebangsaan KSTI 2026,anak,3
hJybE-uF_qE,2026-06-26,Pembukaan Sarasehan Kebangsaan KSTI 2026,bahwa,3
hJybE-uF_qE,2026-06-26,Pembukaan Sarasehan Kebangsaan KSTI 2026,banyak,3
hJybE-uF_qE,2026-06-26,Pembukaan Sarasehan Kebangsaan KSTI 2026,berpendapat,3
hJybE-uF_qE,2026-06-26,Pembukaan Sarasehan Kebangsaan KSTI 2026,bicara,3
hJybE-uF_qE,2026-06-26,Pembukaan Sarasehan Kebangsaan KSTI 2026,brian,3
hJybE-uF_qE,2026-06-26,Pembukaan Sarasehan Kebangsaan KSTI 2026,bukankah,3
hJybE-uF_qE,2026-06-26,Pembukaan Sarasehan Kebangsaan KSTI 2026,empat,3
hJybE-uF_qE,2026-06-26,Pembukaan Sarasehan Kebangsaan KSTI 2026,hadir,3
hJybE-uF_qE,2026-06-26,Pembukaan Sarasehan Kebangsaan KSTI 2026,hati,3
hJybE-uF_qE,2026-06-26,Pembukaan Sarasehan Kebangsaan KSTI 2026,hormat,3
hJybE-uF_qE,2026-06-26,Pembukaan Sarasehan Kebangsaan KSTI 2026,insinyur,3
hJybE-uF_qE,2026-06-26,Pembukaan Sarasehan Kebangsaan KSTI 2026,is,3
hJybE-uF_qE,2026-06-26,Pembukaan Sarasehan Kebangsaan KSTI 2026,it,3
hJybE-uF_qE,2026-06-26,Pembukaan Sarasehan Kebangsaan KSTI 2026,keempat,3
hJybE-uF_qE,2026-06-26,Pembukaan Sarasehan Kebangsaan KSTI 2026,kerja,3
hJybE-uF_qE,2026-06-26,Pembukaan Sarasehan Kebangsaan KSTI 2026,kesejahteraan,3
hJybE-uF_qE,2026-06-26,Pembukaan Sarasehan Kebangsaan KSTI 2026,kira,3
hJybE-uF_qE,2026-06-26,Pembukaan Sarasehan Kebangsaan KSTI 2026,lain,3
hJybE-uF_qE,2026-06-26,Pembukaan Sarasehan Kebangsaan KSTI 2026,lebih,3
hJybE-uF_qE,2026-06-26,Pembukaan Sarasehan Kebangsaan KSTI 2026,maaf,3
hJybE-uF_qE,2026-06-26,Pembukaan Sarasehan Kebangsaan KSTI 2026,mandat,3
hJybE-uF_qE,2026-06-26,Pembukaan Sarasehan Kebangsaan KSTI 2026,masih,3
hJybE-uF_qE,2026-06-26,Pembukaan Sarasehan Kebangsaan KSTI 2026,memang,3
hJybE-uF_qE,2026-06-26,Pembukaan Sarasehan Kebangsaan KSTI 2026,mencari,3
hJybE-uF_qE,2026-06-26,Pembukaan Sarasehan Kebangsaan KSTI 2026,mengerti,3
hJybE-uF_qE,2026-06-26,Pembukaan Sarasehan Kebangsaan KSTI 2026,mulai,3
hJybE-uF_qE,2026-06-26,Pembukaan Sarasehan Kebangsaan KSTI 2026,mungkin,3
hJybE-uF_qE,2026-06-26,Pembukaan Sarasehan Kebangsaan KSTI 2026,negeri,3
hJybE-uF_qE,2026-06-26,Pembukaan Sarasehan Kebangsaan KSTI 2026,oleh,3
hJybE-uF_qE,2026-06-26,Pembukaan Sarasehan Kebangsaan KSTI 2026,orang-orang,3
hJybE-uF_qE,2026-06-26,Pembukaan Sarasehan Kebangsaan KSTI 2026,pemilihan,3
hJybE-uF_qE,2026-06-26,Pembukaan Sarasehan Kebangsaan KSTI 2026,perguruan,3
hJybE-uF_qE,2026-06-26,Pembukaan Sarasehan Kebangsaan KSTI 2026,republik,3
hJybE-uF_qE,2026-06-26,Pembukaan Sarasehan Kebangsaan KSTI 2026,ribut,3
hJybE-uF_qE,2026-06-26,Pembukaan Sarasehan Kebangsaan KSTI 2026,sains,3
hJybE-uF_qE,2026-06-26,Pembukaan Sarasehan Kebangsaan KSTI 2026,sangat,3
hJybE-uF_qE,2026-06-26,Pembukaan Sarasehan Kebangsaan KSTI 2026,sebuah,3
hJybE-uF_qE,2026-06-26,Pembukaan Sarasehan Kebangsaan KSTI 2026,sekarang,3
hJybE-uF_qE,2026-06-26,Pembukaan Sarasehan Kebangsaan KSTI 2026,sendiri,3
hJybE-uF_qE,2026-06-26,Pembukaan Sarasehan Kebangsaan KSTI 2026,seorang,3
hJybE-uF_qE,2026-06-26,Pembukaan Sarasehan Kebangsaan KSTI 2026,sini,3
hJybE-uF_qE,2026-06-26,Pembukaan Sarasehan Kebangsaan KSTI 2026,universitas,3
hJybE-uF_qE,2026-06-26,Pembukaan Sarasehan Kebangsaan KSTI 2026,wartawan,3
hJybE-uF_qE,2026-06-26,Pembukaan Sarasehan Kebangsaan KSTI 2026,alternatifnya,2
hJybE-uF_qE,2026-06-26,Pembukaan Sarasehan Kebangsaan KSTI 2026,antara,2
hJybE-uF_qE,2026-06-26,Pembukaan Sarasehan Kebangsaan KSTI 2026,atau,2
hJybE-uF_qE,2026-06-26,Pembukaan Sarasehan Kebangsaan KSTI 2026,bangkit,2
hJybE-uF_qE,2026-06-26,Pembukaan Sarasehan Kebangsaan KSTI 2026,belakang,2
hJybE-uF_qE,2026-06-26,Pembukaan Sarasehan Kebangsaan KSTI 2026,beli,2
hJybE-uF_qE,2026-06-26,Pembukaan Sarasehan Kebangsaan KSTI 2026,belum,2
hJybE-uF_qE,2026-06-26,Pembukaan Sarasehan Kebangsaan KSTI 2026,berdiri,2
hJybE-uF_qE,2026-06-26,Pembukaan Sarasehan Kebangsaan KSTI 2026,beri,2
hJybE-uF_qE,2026-06-26,Pembukaan Sarasehan Kebangsaan KSTI 2026,bersyukur,2
hJybE-uF_qE,2026-06-26,Pembukaan Sarasehan Kebangsaan KSTI 2026,bidang,2
hJybE-uF_qE,2026-06-26,Pembukaan Sarasehan Kebangsaan KSTI 2026,bocor,2
hJybE-uF_qE,2026-06-26,Pembukaan Sarasehan Kebangsaan KSTI 2026,cinta,2
hJybE-uF_qE,2026-06-26,Pembukaan Sarasehan Kebangsaan KSTI 2026,dapat,2
hJybE-uF_qE,2026-06-26,Pembukaan Sarasehan Kebangsaan KSTI 2026,datang,2
hJybE-uF_qE,2026-06-26,Pembukaan Sarasehan Kebangsaan KSTI 2026,demikian,2
hJybE-uF_qE,2026-06-26,Pembukaan Sarasehan Kebangsaan KSTI 2026,demokrasi,2
hJybE-uF_qE,2026-06-26,Pembukaan Sarasehan Kebangsaan KSTI 2026,diberi,2
hJybE-uF_qE,2026-06-26,Pembukaan Sarasehan Kebangsaan KSTI 2026,diberikan,2
hJybE-uF_qE,2026-06-26,Pembukaan Sarasehan Kebangsaan KSTI 2026,direktur,2
hJybE-uF_qE,2026-06-26,Pembukaan Sarasehan Kebangsaan KSTI 2026,elitnya,2
hJybE-uF_qE,2026-06-26,Pembukaan Sarasehan Kebangsaan KSTI 2026,energi,2
hJybE-uF_qE,2026-06-26,Pembukaan Sarasehan Kebangsaan KSTI 2026,equipment,2
hJybE-uF_qE,2026-06-26,Pembukaan Sarasehan Kebangsaan KSTI 2026,gandum,2
hJybE-uF_qE,2026-06-26,Pembukaan Sarasehan Kebangsaan KSTI 2026,gaza,2
hJybE-uF_qE,2026-06-26,Pembukaan Sarasehan Kebangsaan KSTI 2026,guru-guru,2
hJybE-uF_qE,2026-06-26,Pembukaan Sarasehan Kebangsaan KSTI 2026,hadapan,2
hJybE-uF_qE,2026-06-26,Pembukaan Sarasehan Kebangsaan KSTI 2026,handal,2
hJybE-uF_qE,2026-06-26,Pembukaan Sarasehan Kebangsaan KSTI 2026,hanya,2
hJybE-uF_qE,2026-06-26,Pembukaan Sarasehan Kebangsaan KSTI 2026,hujan,2
hJybE-uF_qE,2026-06-26,Pembukaan Sarasehan Kebangsaan KSTI 2026,ilmuwan,2
hJybE-uF_qE,2026-06-26,Pembukaan Sarasehan Kebangsaan KSTI 2026,ingin,2
hJybE-uF_qE,2026-06-26,Pembukaan Sarasehan Kebangsaan KSTI 2026,insan,2
hJybE-uF_qE,2026-06-26,Pembukaan Sarasehan Kebangsaan KSTI 2026,kabinet,2
hJybE-uF_qE,2026-06-26,Pembukaan Sarasehan Kebangsaan KSTI 2026,kalinya,2
hJybE-uF_qE,2026-06-26,Pembukaan Sarasehan Kebangsaan KSTI 2026,kampus,2
hJybE-uF_qE,2026-06-26,Pembukaan Sarasehan Kebangsaan KSTI 2026,katakan,2
hJybE-uF_qE,2026-06-26,Pembukaan Sarasehan Kebangsaan KSTI 2026,kebangsaan,2
hJybE-uF_qE,2026-06-26,Pembukaan Sarasehan Kebangsaan KSTI 2026,kebencian,2
hJybE-uF_qE,2026-06-26,Pembukaan Sarasehan Kebangsaan KSTI 2026,kedaulatan,2
hJybE-uF_qE,2026-06-26,Pembukaan Sarasehan Kebangsaan KSTI 2026,kedua,2
hJybE-uF_qE,2026-06-26,Pembukaan Sarasehan Kebangsaan KSTI 2026,kehidupan,2
hJybE-uF_qE,2026-06-26,Pembukaan Sarasehan Kebangsaan KSTI 2026,kehormatan,2
hJybE-uF_qE,2026-06-26,Pembukaan Sarasehan Kebangsaan KSTI 2026,kepadanyaalah,2
hJybE-uF_qE,2026-06-26,Pembukaan Sarasehan Kebangsaan KSTI 2026,keras,2
hJybE-uF_qE,2026-06-26,Pembukaan Sarasehan Kebangsaan KSTI 2026,kesulitan-kesulitan,2
hJybE-uF_qE,2026-06-26,Pembukaan Sarasehan Kebangsaan KSTI 2026,kewajiban,2
hJybE-uF_qE,2026-06-26,Pembukaan Sarasehan Kebangsaan KSTI 2026,konvensi,2
hJybE-uF_qE,2026-06-26,Pembukaan Sarasehan Kebangsaan KSTI 2026,lama,2
hJybE-uF_qE,2026-06-26,Pembukaan Sarasehan Kebangsaan KSTI 2026,latar,2
hJybE-uF_qE,2026-06-26,Pembukaan Sarasehan Kebangsaan KSTI 2026,luar,2
hJybE-uF_qE,2026-06-26,Pembukaan Sarasehan Kebangsaan KSTI 2026,maha,2
hJybE-uF_qE,2026-06-26,Pembukaan Sarasehan Kebangsaan KSTI 2026,maju,2
hJybE-uF_qE,2026-06-26,Pembukaan Sarasehan Kebangsaan KSTI 2026,marilah,2
hJybE-uF_qE,2026-06-26,Pembukaan Sarasehan Kebangsaan KSTI 2026,media,2
hJybE-uF_qE,2026-06-26,Pembukaan Sarasehan Kebangsaan KSTI 2026,mencapai,2
hJybE-uF_qE,2026-06-26,Pembukaan Sarasehan Kebangsaan KSTI 2026,menghadapi,2
hJybE-uF_qE,2026-06-26,Pembukaan Sarasehan Kebangsaan KSTI 2026,menyampaikan,2
hJybE-uF_qE,2026-06-26,Pembukaan Sarasehan Kebangsaan KSTI 2026,merah,2
hJybE-uF_qE,2026-06-26,Pembukaan Sarasehan Kebangsaan KSTI 2026,motor,2
hJybE-uF_qE,2026-06-26,Pembukaan Sarasehan Kebangsaan KSTI 2026,naik,2
hJybE-uF_qE,2026-06-26,Pembukaan Sarasehan Kebangsaan KSTI 2026,not,2
hJybE-uF_qE,2026-06-26,Pembukaan Sarasehan Kebangsaan KSTI 2026,oh,2
hJybE-uF_qE,2026-06-26,Pembukaan Sarasehan Kebangsaan KSTI 2026,orang,2
hJybE-uF_qE,2026-06-26,Pembukaan Sarasehan Kebangsaan KSTI 2026,pak,2
hJybE-uF_qE,2026-06-26,Pembukaan Sarasehan Kebangsaan KSTI 2026,pangan,2
hJybE-uF_qE,2026-06-26,Pembukaan Sarasehan Kebangsaan KSTI 2026,pasti,2
hJybE-uF_qE,2026-06-26,Pembukaan Sarasehan Kebangsaan KSTI 2026,pelajari,2
hJybE-uF_qE,2026-06-26,Pembukaan Sarasehan Kebangsaan KSTI 2026,pembukaan,2
hJybE-uF_qE,2026-06-26,Pembukaan Sarasehan Kebangsaan KSTI 2026,pemerintahan,2
hJybE-uF_qE,2026-06-26,Pembukaan Sarasehan Kebangsaan KSTI 2026,pendidikan,2
hJybE-uF_qE,2026-06-26,Pembukaan Sarasehan Kebangsaan KSTI 2026,pengalaman,2
hJybE-uF_qE,2026-06-26,Pembukaan Sarasehan Kebangsaan KSTI 2026,penyelenggara,2
hJybE-uF_qE,2026-06-26,Pembukaan Sarasehan Kebangsaan KSTI 2026,perkembangan,2
hJybE-uF_qE,2026-06-26,Pembukaan Sarasehan Kebangsaan KSTI 2026,permusuhan,2
hJybE-uF_qE,2026-06-26,Pembukaan Sarasehan Kebangsaan KSTI 2026,pesawat,2
hJybE-uF_qE,2026-06-26,Pembukaan Sarasehan Kebangsaan KSTI 2026,pimpinan,2
hJybE-uF_qE,2026-06-26,Pembukaan Sarasehan Kebangsaan KSTI 2026,prof,2
hJybE-uF_qE,2026-06-26,Pembukaan Sarasehan Kebangsaan KSTI 2026,profesor,2
hJybE-uF_qE,2026-06-26,Pembukaan Sarasehan Kebangsaan KSTI 2026,profesor-profesor,2
hJybE-uF_qE,2026-06-26,Pembukaan Sarasehan Kebangsaan KSTI 2026,putih,2
hJybE-uF_qE,2026-06-26,Pembukaan Sarasehan Kebangsaan KSTI 2026,ribuan,2
hJybE-uF_qE,2026-06-26,Pembukaan Sarasehan Kebangsaan KSTI 2026,sadar,2
hJybE-uF_qE,2026-06-26,Pembukaan Sarasehan Kebangsaan KSTI 2026,salah,2
hJybE-uF_qE,2026-06-26,Pembukaan Sarasehan Kebangsaan KSTI 2026,salam,2
hJybE-uF_qE,2026-06-26,Pembukaan Sarasehan Kebangsaan KSTI 2026,sarasehan,2
hJybE-uF_qE,2026-06-26,Pembukaan Sarasehan Kebangsaan KSTI 2026,sebut,2
hJybE-uF_qE,2026-06-26,Pembukaan Sarasehan Kebangsaan KSTI 2026,secara,2
hJybE-uF_qE,2026-06-26,Pembukaan Sarasehan Kebangsaan KSTI 2026,selama,2
hJybE-uF_qE,2026-06-26,Pembukaan Sarasehan Kebangsaan KSTI 2026,sembada,2
hJybE-uF_qE,2026-06-26,Pembukaan Sarasehan Kebangsaan KSTI 2026,sepakat,2
hJybE-uF_qE,2026-06-26,Pembukaan Sarasehan Kebangsaan KSTI 2026,sertakan,2
hJybE-uF_qE,2026-06-26,Pembukaan Sarasehan Kebangsaan KSTI 2026,sigit,2
hJybE-uF_qE,2026-06-26,Pembukaan Sarasehan Kebangsaan KSTI 2026,silakan,2
hJybE-uF_qE,2026-06-26,Pembukaan Sarasehan Kebangsaan KSTI 2026,sua,2
hJybE-uF_qE,2026-06-26,Pembukaan Sarasehan Kebangsaan KSTI 2026,tadi,2
hJybE-uF_qE,2026-06-26,Pembukaan Sarasehan Kebangsaan KSTI 2026,tengah,2
hJybE-uF_qE,2026-06-26,Pembukaan Sarasehan Kebangsaan KSTI 2026,tentunya,2
hJybE-uF_qE,2026-06-26,Pembukaan Sarasehan Kebangsaan KSTI 2026,terbaik,2
hJybE-uF_qE,2026-06-26,Pembukaan Sarasehan Kebangsaan KSTI 2026,terjadi,2
hJybE-uF_qE,2026-06-26,Pembukaan Sarasehan Kebangsaan KSTI 2026,tuhan,2
hJybE-uF_qE,2026-06-26,Pembukaan Sarasehan Kebangsaan KSTI 2026,tujuan,2
hJybE-uF_qE,2026-06-26,Pembukaan Sarasehan Kebangsaan KSTI 2026,tukang,2
hJybE-uF_qE,2026-06-26,Pembukaan Sarasehan Kebangsaan KSTI 2026,ukrain,2
hJybE-uF_qE,2026-06-26,Pembukaan Sarasehan Kebangsaan KSTI 2026,wakil,2
hJybE-uF_qE,2026-06-26,Pembukaan Sarasehan Kebangsaan KSTI 2026,waktu,2
hJybE-uF_qE,2026-06-26,Pembukaan Sarasehan Kebangsaan KSTI 2026,wujudnya,2
hJybE-uF_qE,2026-06-26,Pembukaan Sarasehan Kebangsaan KSTI 2026,abdikan,1
hJybE-uF_qE,2026-06-26,Pembukaan Sarasehan Kebangsaan KSTI 2026,acara,1
hJybE-uF_qE,2026-06-26,Pembukaan Sarasehan Kebangsaan KSTI 2026,afghanistan,1
hJybE-uF_qE,2026-06-26,Pembukaan Sarasehan Kebangsaan KSTI 2026,agama,1
hJybE-uF_qE,2026-06-26,Pembukaan Sarasehan Kebangsaan KSTI 2026,agamanya,1
hJybE-uF_qE,2026-06-26,Pembukaan Sarasehan Kebangsaan KSTI 2026,agraris,1
hJybE-uF_qE,2026-06-26,Pembukaan Sarasehan Kebangsaan KSTI 2026,agung,1
hJybE-uF_qE,2026-06-26,Pembukaan Sarasehan Kebangsaan KSTI 2026,ah,1
hJybE-uF_qE,2026-06-26,Pembukaan Sarasehan Kebangsaan KSTI 2026,airnya,1
hJybE-uF_qE,2026-06-26,Pembukaan Sarasehan Kebangsaan KSTI 2026,akademik,1
hJybE-uF_qE,2026-06-26,Pembukaan Sarasehan Kebangsaan KSTI 2026,akhirnya,1
hJybE-uF_qE,2026-06-26,Pembukaan Sarasehan Kebangsaan KSTI 2026,akibatnya,1
hJybE-uF_qE,2026-06-26,Pembukaan Sarasehan Kebangsaan KSTI 2026,alam,1
hJybE-uF_qE,2026-06-26,Pembukaan Sarasehan Kebangsaan KSTI 2026,allah,1
hJybE-uF_qE,2026-06-26,Pembukaan Sarasehan Kebangsaan KSTI 2026,aman,1
hJybE-uF_qE,2026-06-26,Pembukaan Sarasehan Kebangsaan KSTI 2026,ambil,1
hJybE-uF_qE,2026-06-26,Pembukaan Sarasehan Kebangsaan KSTI 2026,anarki,1
hJybE-uF_qE,2026-06-26,Pembukaan Sarasehan Kebangsaan KSTI 2026,and,1
hJybE-uF_qE,2026-06-26,Pembukaan Sarasehan Kebangsaan KSTI 2026,anggap,1
hJybE-uF_qE,2026-06-26,Pembukaan Sarasehan Kebangsaan KSTI 2026,anggota,1
hJybE-uF_qE,2026-06-26,Pembukaan Sarasehan Kebangsaan KSTI 2026,antropologi,1
hJybE-uF_qE,2026-06-26,Pembukaan Sarasehan Kebangsaan KSTI 2026,apa-apa,1
hJybE-uF_qE,2026-06-26,Pembukaan Sarasehan Kebangsaan KSTI 2026,apalagi,1
hJybE-uF_qE,2026-06-26,Pembukaan Sarasehan Kebangsaan KSTI 2026,arah,1
hJybE-uF_qE,2026-06-26,Pembukaan Sarasehan Kebangsaan KSTI 2026,arkeologi,1
hJybE-uF_qE,2026-06-26,Pembukaan Sarasehan Kebangsaan KSTI 2026,arti,1
hJybE-uF_qE,2026-06-26,Pembukaan Sarasehan Kebangsaan KSTI 2026,asalamualaikum,1
hJybE-uF_qE,2026-06-26,Pembukaan Sarasehan Kebangsaan KSTI 2026,audiens,1
hJybE-uF_qE,2026-06-26,Pembukaan Sarasehan Kebangsaan KSTI 2026,awak,1
hJybE-uF_qE,2026-06-26,Pembukaan Sarasehan Kebangsaan KSTI 2026,awal,1
hJybE-uF_qE,2026-06-26,Pembukaan Sarasehan Kebangsaan KSTI 2026,badan,1
hJybE-uF_qE,2026-06-26,Pembukaan Sarasehan Kebangsaan KSTI 2026,bagus,1
hJybE-uF_qE,2026-06-26,Pembukaan Sarasehan Kebangsaan KSTI 2026,bahasa,1
hJybE-uF_qE,2026-06-26,Pembukaan Sarasehan Kebangsaan KSTI 2026,bakar-bakar,1
hJybE-uF_qE,2026-06-26,Pembukaan Sarasehan Kebangsaan KSTI 2026,balukistan,1
hJybE-uF_qE,2026-06-26,Pembukaan Sarasehan Kebangsaan KSTI 2026,bangsa-bangsa,1
hJybE-uF_qE,2026-06-26,Pembukaan Sarasehan Kebangsaan KSTI 2026,bangsanya,1
hJybE-uF_qE,2026-06-26,Pembukaan Sarasehan Kebangsaan KSTI 2026,bapak-bapak,1
hJybE-uF_qE,2026-06-26,Pembukaan Sarasehan Kebangsaan KSTI 2026,baru,1
hJybE-uF_qE,2026-06-26,Pembukaan Sarasehan Kebangsaan KSTI 2026,basa-basi,1
hJybE-uF_qE,2026-06-26,Pembukaan Sarasehan Kebangsaan KSTI 2026,bawa,1
hJybE-uF_qE,2026-06-26,Pembukaan Sarasehan Kebangsaan KSTI 2026,beberapa,1
hJybE-uF_qE,2026-06-26,Pembukaan Sarasehan Kebangsaan KSTI 2026,begitu,1
hJybE-uF_qE,2026-06-26,Pembukaan Sarasehan Kebangsaan KSTI 2026,behind,1
hJybE-uF_qE,2026-06-26,Pembukaan Sarasehan Kebangsaan KSTI 2026,belajar,1
hJybE-uF_qE,2026-06-26,Pembukaan Sarasehan Kebangsaan KSTI 2026,benih,1
hJybE-uF_qE,2026-06-26,Pembukaan Sarasehan Kebangsaan KSTI 2026,berani,1
hJybE-uF_qE,2026-06-26,Pembukaan Sarasehan Kebangsaan KSTI 2026,berasal,1
hJybE-uF_qE,2026-06-26,Pembukaan Sarasehan Kebangsaan KSTI 2026,berbangsa,1
hJybE-uF_qE,2026-06-26,Pembukaan Sarasehan Kebangsaan KSTI 2026,berdoa,1
hJybE-uF_qE,2026-06-26,Pembukaan Sarasehan Kebangsaan KSTI 2026,berita,1
hJybE-uF_qE,2026-06-26,Pembukaan Sarasehan Kebangsaan KSTI 2026,berkah,1
hJybE-uF_qE,2026-06-26,Pembukaan Sarasehan Kebangsaan KSTI 2026,berkali-kali,1
hJybE-uF_qE,2026-06-26,Pembukaan Sarasehan Kebangsaan KSTI 2026,berkuasa,1
hJybE-uF_qE,2026-06-26,Pembukaan Sarasehan Kebangsaan KSTI 2026,berperanggapan,1
hJybE-uF_qE,2026-06-26,Pembukaan Sarasehan Kebangsaan KSTI 2026,berpindah-pindah,1
hJybE-uF_qE,2026-06-26,Pembukaan Sarasehan Kebangsaan KSTI 2026,bertakwa,1
hJybE-uF_qE,2026-06-26,Pembukaan Sarasehan Kebangsaan KSTI 2026,bertatap,1
hJybE-uF_qE,2026-06-26,Pembukaan Sarasehan Kebangsaan KSTI 2026,bertemu,1
hJybE-uF_qE,2026-06-26,Pembukaan Sarasehan Kebangsaan KSTI 2026,berterima,1
hJybE-uF_qE,2026-06-26,Pembukaan Sarasehan Kebangsaan KSTI 2026,berusaha,1
hJybE-uF_qE,2026-06-26,Pembukaan Sarasehan Kebangsaan KSTI 2026,biasa,1
hJybE-uF_qE,2026-06-26,Pembukaan Sarasehan Kebangsaan KSTI 2026,biasanya,1
hJybE-uF_qE,2026-06-26,Pembukaan Sarasehan Kebangsaan KSTI 2026,bikin,1
hJybE-uF_qE,2026-06-26,Pembukaan Sarasehan Kebangsaan KSTI 2026,bilang,1
hJybE-uF_qE,2026-06-26,Pembukaan Sarasehan Kebangsaan KSTI 2026,bola,1
hJybE-uF_qE,2026-06-26,Pembukaan Sarasehan Kebangsaan KSTI 2026,boleh,1
hJybE-uF_qE,2026-06-26,Pembukaan Sarasehan Kebangsaan KSTI 2026,buddhaya,1
hJybE-uF_qE,2026-06-26,Pembukaan Sarasehan Kebangsaan KSTI 2026,bukan,1
hJybE-uF_qE,2026-06-26,Pembukaan Sarasehan Kebangsaan KSTI 2026,bulan,1
hJybE-uF_qE,2026-06-26,Pembukaan Sarasehan Kebangsaan KSTI 2026,bulan-bulan,1
hJybE-uF_qE,2026-06-26,Pembukaan Sarasehan Kebangsaan KSTI 2026,canggih,1
hJybE-uF_qE,2026-06-26,Pembukaan Sarasehan Kebangsaan KSTI 2026,civitas,1
hJybE-uF_qE,2026-06-26,Pembukaan Sarasehan Kebangsaan KSTI 2026,coach,1
hJybE-uF_qE,2026-06-26,Pembukaan Sarasehan Kebangsaan KSTI 2026,cukup,1
hJybE-uF_qE,2026-06-26,Pembukaan Sarasehan Kebangsaan KSTI 2026,damai,1
hJybE-uF_qE,2026-06-26,Pembukaan Sarasehan Kebangsaan KSTI 2026,dasar,1
hJybE-uF_qE,2026-06-26,Pembukaan Sarasehan Kebangsaan KSTI 2026,data,1
hJybE-uF_qE,2026-06-26,Pembukaan Sarasehan Kebangsaan KSTI 2026,data-data,1
hJybE-uF_qE,2026-06-26,Pembukaan Sarasehan Kebangsaan KSTI 2026,dekan,1
hJybE-uF_qE,2026-06-26,Pembukaan Sarasehan Kebangsaan KSTI 2026,dekat,1
hJybE-uF_qE,2026-06-26,Pembukaan Sarasehan Kebangsaan KSTI 2026,demokratis,1
hJybE-uF_qE,2026-06-26,Pembukaan Sarasehan Kebangsaan KSTI 2026,depan,1
hJybE-uF_qE,2026-06-26,Pembukaan Sarasehan Kebangsaan KSTI 2026,desainnya,1
hJybE-uF_qE,2026-06-26,Pembukaan Sarasehan Kebangsaan KSTI 2026,dia,1
hJybE-uF_qE,2026-06-26,Pembukaan Sarasehan Kebangsaan KSTI 2026,dibuat,1
hJybE-uF_qE,2026-06-26,Pembukaan Sarasehan Kebangsaan KSTI 2026,dihadapi,1
hJybE-uF_qE,2026-06-26,Pembukaan Sarasehan Kebangsaan KSTI 2026,dilantik,1
hJybE-uF_qE,2026-06-26,Pembukaan Sarasehan Kebangsaan KSTI 2026,dimanfaatkan,1
hJybE-uF_qE,2026-06-26,Pembukaan Sarasehan Kebangsaan KSTI 2026,dimarahin,1
hJybE-uF_qE,2026-06-26,Pembukaan Sarasehan Kebangsaan KSTI 2026,dimiliki,1
hJybE-uF_qE,2026-06-26,Pembukaan Sarasehan Kebangsaan KSTI 2026,dipilih,1
hJybE-uF_qE,2026-06-26,Pembukaan Sarasehan Kebangsaan KSTI 2026,ditentukan,1
hJybE-uF_qE,2026-06-26,Pembukaan Sarasehan Kebangsaan KSTI 2026,dokter,1
hJybE-uF_qE,2026-06-26,Pembukaan Sarasehan Kebangsaan KSTI 2026,dosen,1
hJybE-uF_qE,2026-06-26,Pembukaan Sarasehan Kebangsaan KSTI 2026,dr,1
hJybE-uF_qE,2026-06-26,Pembukaan Sarasehan Kebangsaan KSTI 2026,dua,1
hJybE-uF_qE,2026-06-26,Pembukaan Sarasehan Kebangsaan KSTI 2026,edward,1
hJybE-uF_qE,2026-06-26,Pembukaan Sarasehan Kebangsaan KSTI 2026,ekonomi,1
hJybE-uF_qE,2026-06-26,Pembukaan Sarasehan Kebangsaan KSTI 2026,elemen,1
hJybE-uF_qE,2026-06-26,Pembukaan Sarasehan Kebangsaan KSTI 2026,elit,1
hJybE-uF_qE,2026-06-26,Pembukaan Sarasehan Kebangsaan KSTI 2026,eropa,1
hJybE-uF_qE,2026-06-26,Pembukaan Sarasehan Kebangsaan KSTI 2026,fakta,1
hJybE-uF_qE,2026-06-26,Pembukaan Sarasehan Kebangsaan KSTI 2026,fakta-fakta,1
hJybE-uF_qE,2026-06-26,Pembukaan Sarasehan Kebangsaan KSTI 2026,gak,1
hJybE-uF_qE,2026-06-26,Pembukaan Sarasehan Kebangsaan KSTI 2026,gerakkan,1
hJybE-uF_qE,2026-06-26,Pembukaan Sarasehan Kebangsaan KSTI 2026,gibran,1
hJybE-uF_qE,2026-06-26,Pembukaan Sarasehan Kebangsaan KSTI 2026,gimana,1
hJybE-uF_qE,2026-06-26,Pembukaan Sarasehan Kebangsaan KSTI 2026,gorontalo,1
hJybE-uF_qE,2026-06-26,Pembukaan Sarasehan Kebangsaan KSTI 2026,habis,1
hJybE-uF_qE,2026-06-26,Pembukaan Sarasehan Kebangsaan KSTI 2026,hadirin,1
hJybE-uF_qE,2026-06-26,Pembukaan Sarasehan Kebangsaan KSTI 2026,hak,1
hJybE-uF_qE,2026-06-26,Pembukaan Sarasehan Kebangsaan KSTI 2026,hampir,1
hJybE-uF_qE,2026-06-26,Pembukaan Sarasehan Kebangsaan KSTI 2026,harusnya,1
hJybE-uF_qE,2026-06-26,Pembukaan Sarasehan Kebangsaan KSTI 2026,hektar,1
hJybE-uF_qE,2026-06-26,Pembukaan Sarasehan Kebangsaan KSTI 2026,henti-hentinya,1
hJybE-uF_qE,2026-06-26,Pembukaan Sarasehan Kebangsaan KSTI 2026,hidup,1
hJybE-uF_qE,2026-06-26,Pembukaan Sarasehan Kebangsaan KSTI 2026,hidupnya,1
hJybE-uF_qE,2026-06-26,Pembukaan Sarasehan Kebangsaan KSTI 2026,hiroshima,1
hJybE-uF_qE,2026-06-26,Pembukaan Sarasehan Kebangsaan KSTI 2026,hobi,1
hJybE-uF_qE,2026-06-26,Pembukaan Sarasehan Kebangsaan KSTI 2026,ibu-ibu,1
hJybE-uF_qE,2026-06-26,Pembukaan Sarasehan Kebangsaan KSTI 2026,ideologi,1
hJybE-uF_qE,2026-06-26,Pembukaan Sarasehan Kebangsaan KSTI 2026,ikut,1
hJybE-uF_qE,2026-06-26,Pembukaan Sarasehan Kebangsaan KSTI 2026,ilmu,1
hJybE-uF_qE,2026-06-26,Pembukaan Sarasehan Kebangsaan KSTI 2026,impor,1
hJybE-uF_qE,2026-06-26,Pembukaan Sarasehan Kebangsaan KSTI 2026,individu,1
hJybE-uF_qE,2026-06-26,Pembukaan Sarasehan Kebangsaan KSTI 2026,inilah,1
hJybE-uF_qE,2026-06-26,Pembukaan Sarasehan Kebangsaan KSTI 2026,inisiatif,1
hJybE-uF_qE,2026-06-26,Pembukaan Sarasehan Kebangsaan KSTI 2026,inovasi,1
hJybE-uF_qE,2026-06-26,Pembukaan Sarasehan Kebangsaan KSTI 2026,intinya,1
hJybE-uF_qE,2026-06-26,Pembukaan Sarasehan Kebangsaan KSTI 2026,ipb,1
hJybE-uF_qE,2026-06-26,Pembukaan Sarasehan Kebangsaan KSTI 2026,ir,1
hJybE-uF_qE,2026-06-26,Pembukaan Sarasehan Kebangsaan KSTI 2026,iran,1
hJybE-uF_qE,2026-06-26,Pembukaan Sarasehan Kebangsaan KSTI 2026,islam,1
hJybE-uF_qE,2026-06-26,Pembukaan Sarasehan Kebangsaan KSTI 2026,istana,1
hJybE-uF_qE,2026-06-26,Pembukaan Sarasehan Kebangsaan KSTI 2026,itb,1
hJybE-uF_qE,2026-06-26,Pembukaan Sarasehan Kebangsaan KSTI 2026,jaksa,1
hJybE-uF_qE,2026-06-26,Pembukaan Sarasehan Kebangsaan KSTI 2026,jalan,1
hJybE-uF_qE,2026-06-26,Pembukaan Sarasehan Kebangsaan KSTI 2026,juara,1
hJybE-uF_qE,2026-06-26,Pembukaan Sarasehan Kebangsaan KSTI 2026,juta,1
hJybE-uF_qE,2026-06-26,Pembukaan Sarasehan Kebangsaan KSTI 2026,kaji,1
hJybE-uF_qE,2026-06-26,Pembukaan Sarasehan Kebangsaan KSTI 2026,kaki,1
hJybE-uF_qE,2026-06-26,Pembukaan Sarasehan Kebangsaan KSTI 2026,kalian,1
hJybE-uF_qE,2026-06-26,Pembukaan Sarasehan Kebangsaan KSTI 2026,kamboja,1
hJybE-uF_qE,2026-06-26,Pembukaan Sarasehan Kebangsaan KSTI 2026,kampus-kampus,1
hJybE-uF_qE,2026-06-26,Pembukaan Sarasehan Kebangsaan KSTI 2026,kapalnya,1
hJybE-uF_qE,2026-06-26,Pembukaan Sarasehan Kebangsaan KSTI 2026,kapan,1
hJybE-uF_qE,2026-06-26,Pembukaan Sarasehan Kebangsaan KSTI 2026,kapolri,1
hJybE-uF_qE,2026-06-26,Pembukaan Sarasehan Kebangsaan KSTI 2026,karunia,1
hJybE-uF_qE,2026-06-26,Pembukaan Sarasehan Kebangsaan KSTI 2026,kata-kata,1
hJybE-uF_qE,2026-06-26,Pembukaan Sarasehan Kebangsaan KSTI 2026,keadaan,1
hJybE-uF_qE,2026-06-26,Pembukaan Sarasehan Kebangsaan KSTI 2026,kebaikan,1
hJybE-uF_qE,2026-06-26,Pembukaan Sarasehan Kebangsaan KSTI 2026,kebajikan,1
hJybE-uF_qE,2026-06-26,Pembukaan Sarasehan Kebangsaan KSTI 2026,kebersamaan,1
hJybE-uF_qE,2026-06-26,Pembukaan Sarasehan Kebangsaan KSTI 2026,kecil,1
hJybE-uF_qE,2026-06-26,Pembukaan Sarasehan Kebangsaan KSTI 2026,kecuali,1
hJybE-uF_qE,2026-06-26,Pembukaan Sarasehan Kebangsaan KSTI 2026,kehadirat,1
hJybE-uF_qE,2026-06-26,Pembukaan Sarasehan Kebangsaan KSTI 2026,kekayaan,1
hJybE-uF_qE,2026-06-26,Pembukaan Sarasehan Kebangsaan KSTI 2026,kekayaannya,1
hJybE-uF_qE,2026-06-26,Pembukaan Sarasehan Kebangsaan KSTI 2026,kelapa,1
hJybE-uF_qE,2026-06-26,Pembukaan Sarasehan Kebangsaan KSTI 2026,kelompok-kelompok,1
hJybE-uF_qE,2026-06-26,Pembukaan Sarasehan Kebangsaan KSTI 2026,keluar,1
hJybE-uF_qE,2026-06-26,Pembukaan Sarasehan Kebangsaan KSTI 2026,kemajuan,1
hJybE-uF_qE,2026-06-26,Pembukaan Sarasehan Kebangsaan KSTI 2026,kemampuan,1
hJybE-uF_qE,2026-06-26,Pembukaan Sarasehan Kebangsaan KSTI 2026,kemandirian,1
hJybE-uF_qE,2026-06-26,Pembukaan Sarasehan Kebangsaan KSTI 2026,kembalikan,1
hJybE-uF_qE,2026-06-26,Pembukaan Sarasehan Kebangsaan KSTI 2026,kendali,1
hJybE-uF_qE,2026-06-26,Pembukaan Sarasehan Kebangsaan KSTI 2026,kenyataan,1
hJybE-uF_qE,2026-06-26,Pembukaan Sarasehan Kebangsaan KSTI 2026,kepala,1
hJybE-uF_qE,2026-06-26,Pembukaan Sarasehan Kebangsaan KSTI 2026,kepemimpinan,1
hJybE-uF_qE,2026-06-26,Pembukaan Sarasehan Kebangsaan KSTI 2026,kepercayaan,1
hJybE-uF_qE,2026-06-26,Pembukaan Sarasehan Kebangsaan KSTI 2026,kepimpinan,1
hJybE-uF_qE,2026-06-26,Pembukaan Sarasehan Kebangsaan KSTI 2026,kepintaran,1
hJybE-uF_qE,2026-06-26,Pembukaan Sarasehan Kebangsaan KSTI 2026,kepuasaan,1
hJybE-uF_qE,2026-06-26,Pembukaan Sarasehan Kebangsaan KSTI 2026,kesadaran,1
hJybE-uF_qE,2026-06-26,Pembukaan Sarasehan Kebangsaan KSTI 2026,kesebelasan,1
hJybE-uF_qE,2026-06-26,Pembukaan Sarasehan Kebangsaan KSTI 2026,kesehatan,1
hJybE-uF_qE,2026-06-26,Pembukaan Sarasehan Kebangsaan KSTI 2026,kesimpulan,1
hJybE-uF_qE,2026-06-26,Pembukaan Sarasehan Kebangsaan KSTI 2026,ketawa,1
hJybE-uF_qE,2026-06-26,Pembukaan Sarasehan Kebangsaan KSTI 2026,ketua,1
hJybE-uF_qE,2026-06-26,Pembukaan Sarasehan Kebangsaan KSTI 2026,klaim,1
hJybE-uF_qE,2026-06-26,Pembukaan Sarasehan Kebangsaan KSTI 2026,kondisi,1
hJybE-uF_qE,2026-06-26,Pembukaan Sarasehan Kebangsaan KSTI 2026,koordinator,1
hJybE-uF_qE,2026-06-26,Pembukaan Sarasehan Kebangsaan KSTI 2026,kopi,1
hJybE-uF_qE,2026-06-26,Pembukaan Sarasehan Kebangsaan KSTI 2026,kopi-kopi,1
hJybE-uF_qE,2026-06-26,Pembukaan Sarasehan Kebangsaan KSTI 2026,korban,1
hJybE-uF_qE,2026-06-26,Pembukaan Sarasehan Kebangsaan KSTI 2026,kuasa,1
hJybE-uF_qE,2026-06-26,Pembukaan Sarasehan Kebangsaan KSTI 2026,kunci,1
hJybE-uF_qE,2026-06-26,Pembukaan Sarasehan Kebangsaan KSTI 2026,kuncinya,1
hJybE-uF_qE,2026-06-26,Pembukaan Sarasehan Kebangsaan KSTI 2026,layak,1
hJybE-uF_qE,2026-06-26,Pembukaan Sarasehan Kebangsaan KSTI 2026,layanan,1
hJybE-uF_qE,2026-06-26,Pembukaan Sarasehan Kebangsaan KSTI 2026,lebanon,1
hJybE-uF_qE,2026-06-26,Pembukaan Sarasehan Kebangsaan KSTI 2026,lemah,1
hJybE-uF_qE,2026-06-26,Pembukaan Sarasehan Kebangsaan KSTI 2026,lembaga,1
hJybE-uF_qE,2026-06-26,Pembukaan Sarasehan Kebangsaan KSTI 2026,libanon,1
hJybE-uF_qE,2026-06-26,Pembukaan Sarasehan Kebangsaan KSTI 2026,lima,1
hJybE-uF_qE,2026-06-26,Pembukaan Sarasehan Kebangsaan KSTI 2026,luas,1
hJybE-uF_qE,2026-06-26,Pembukaan Sarasehan Kebangsaan KSTI 2026,lumayan,1
hJybE-uF_qE,2026-06-26,Pembukaan Sarasehan Kebangsaan KSTI 2026,majelis,1
hJybE-uF_qE,2026-06-26,Pembukaan Sarasehan Kebangsaan KSTI 2026,makan,1
hJybE-uF_qE,2026-06-26,Pembukaan Sarasehan Kebangsaan KSTI 2026,maki-memaki,1
hJybE-uF_qE,2026-06-26,Pembukaan Sarasehan Kebangsaan KSTI 2026,malaysia,1
hJybE-uF_qE,2026-06-26,Pembukaan Sarasehan Kebangsaan KSTI 2026,man,1
hJybE-uF_qE,2026-06-26,Pembukaan Sarasehan Kebangsaan KSTI 2026,mana,1
hJybE-uF_qE,2026-06-26,Pembukaan Sarasehan Kebangsaan KSTI 2026,manajer,1
hJybE-uF_qE,2026-06-26,Pembukaan Sarasehan Kebangsaan KSTI 2026,mandiri,1
hJybE-uF_qE,2026-06-26,Pembukaan Sarasehan Kebangsaan KSTI 2026,mantan,1
hJybE-uF_qE,2026-06-26,Pembukaan Sarasehan Kebangsaan KSTI 2026,masalah,1
hJybE-uF_qE,2026-06-26,Pembukaan Sarasehan Kebangsaan KSTI 2026,masyar,1
hJybE-uF_qE,2026-06-26,Pembukaan Sarasehan Kebangsaan KSTI 2026,masyarakat-masyarakat,1
hJybE-uF_qE,2026-06-26,Pembukaan Sarasehan Kebangsaan KSTI 2026,mati,1
hJybE-uF_qE,2026-06-26,Pembukaan Sarasehan Kebangsaan KSTI 2026,memanjatkan,1
hJybE-uF_qE,2026-06-26,Pembukaan Sarasehan Kebangsaan KSTI 2026,membawa,1
hJybE-uF_qE,2026-06-26,Pembukaan Sarasehan Kebangsaan KSTI 2026,memegang,1
hJybE-uF_qE,2026-06-26,Pembukaan Sarasehan Kebangsaan KSTI 2026,memiliki,1
hJybE-uF_qE,2026-06-26,Pembukaan Sarasehan Kebangsaan KSTI 2026,memohon,1
hJybE-uF_qE,2026-06-26,Pembukaan Sarasehan Kebangsaan KSTI 2026,menang,1
hJybE-uF_qE,2026-06-26,Pembukaan Sarasehan Kebangsaan KSTI 2026,mendalam,1
hJybE-uF_qE,2026-06-26,Pembukaan Sarasehan Kebangsaan KSTI 2026,menemukan,1
hJybE-uF_qE,2026-06-26,Pembukaan Sarasehan Kebangsaan KSTI 2026,menentukan,1
hJybE-uF_qE,2026-06-26,Pembukaan Sarasehan Kebangsaan KSTI 2026,mengajarkan,1
hJybE-uF_qE,2026-06-26,Pembukaan Sarasehan Kebangsaan KSTI 2026,mengganggu,1
hJybE-uF_qE,2026-06-26,Pembukaan Sarasehan Kebangsaan KSTI 2026,mengikut,1
hJybE-uF_qE,2026-06-26,Pembukaan Sarasehan Kebangsaan KSTI 2026,mengundang,1
hJybE-uF_qE,2026-06-26,Pembukaan Sarasehan Kebangsaan KSTI 2026,mengurangi,1
hJybE-uF_qE,2026-06-26,Pembukaan Sarasehan Kebangsaan KSTI 2026,menikmati,1
hJybE-uF_qE,2026-06-26,Pembukaan Sarasehan Kebangsaan KSTI 2026,menjadi,1
hJybE-uF_qE,2026-06-26,Pembukaan Sarasehan Kebangsaan KSTI 2026,merdeka,1
hJybE-uF_qE,2026-06-26,Pembukaan Sarasehan Kebangsaan KSTI 2026,mereka,1
hJybE-uF_qE,2026-06-26,Pembukaan Sarasehan Kebangsaan KSTI 2026,mesin,1
hJybE-uF_qE,2026-06-26,Pembukaan Sarasehan Kebangsaan KSTI 2026,minimal,1
hJybE-uF_qE,2026-06-26,Pembukaan Sarasehan Kebangsaan KSTI 2026,minum,1
hJybE-uF_qE,2026-06-26,Pembukaan Sarasehan Kebangsaan KSTI 2026,minuman,1
hJybE-uF_qE,2026-06-26,Pembukaan Sarasehan Kebangsaan KSTI 2026,miskin,1
hJybE-uF_qE,2026-06-26,Pembukaan Sarasehan Kebangsaan KSTI 2026,monggo,1
hJybE-uF_qE,2026-06-26,Pembukaan Sarasehan Kebangsaan KSTI 2026,muka,1
hJybE-uF_qE,2026-06-26,Pembukaan Sarasehan Kebangsaan KSTI 2026,muncullah,1
hJybE-uF_qE,2026-06-26,Pembukaan Sarasehan Kebangsaan KSTI 2026,myanmar,1
hJybE-uF_qE,2026-06-26,Pembukaan Sarasehan Kebangsaan KSTI 2026,nafas,1
hJybE-uF_qE,2026-06-26,Pembukaan Sarasehan Kebangsaan KSTI 2026,nagasaki,1
hJybE-uF_qE,2026-06-26,Pembukaan Sarasehan Kebangsaan KSTI 2026,nahqoda,1
hJybE-uF_qE,2026-06-26,Pembukaan Sarasehan Kebangsaan KSTI 2026,nakqoda,1
hJybE-uF_qE,2026-06-26,Pembukaan Sarasehan Kebangsaan KSTI 2026,namo,1
hJybE-uF_qE,2026-06-26,Pembukaan Sarasehan Kebangsaan KSTI 2026,nanti,1
hJybE-uF_qE,2026-06-26,Pembukaan Sarasehan Kebangsaan KSTI 2026,nih,1
hJybE-uF_qE,2026-06-26,Pembukaan Sarasehan Kebangsaan KSTI 2026,nilai,1
hJybE-uF_qE,2026-06-26,Pembukaan Sarasehan Kebangsaan KSTI 2026,om,1
hJybE-uF_qE,2026-06-26,Pembukaan Sarasehan Kebangsaan KSTI 2026,pabrik,1
hJybE-uF_qE,2026-06-26,Pembukaan Sarasehan Kebangsaan KSTI 2026,pada,1
hJybE-uF_qE,2026-06-26,Pembukaan Sarasehan Kebangsaan KSTI 2026,paham,1
hJybE-uF_qE,2026-06-26,Pembukaan Sarasehan Kebangsaan KSTI 2026,palestina,1
hJybE-uF_qE,2026-06-26,Pembukaan Sarasehan Kebangsaan KSTI 2026,panglima,1
hJybE-uF_qE,2026-06-26,Pembukaan Sarasehan Kebangsaan KSTI 2026,panitia,1
hJybE-uF_qE,2026-06-26,Pembukaan Sarasehan Kebangsaan KSTI 2026,passion,1
hJybE-uF_qE,2026-06-26,Pembukaan Sarasehan Kebangsaan KSTI 2026,pelajaran,1
hJybE-uF_qE,2026-06-26,Pembukaan Sarasehan Kebangsaan KSTI 2026,pelantikan,1
hJybE-uF_qE,2026-06-26,Pembukaan Sarasehan Kebangsaan KSTI 2026,pelatih-pelatih,1
hJybE-uF_qE,2026-06-26,Pembukaan Sarasehan Kebangsaan KSTI 2026,pemikir-pemikir,1
hJybE-uF_qE,2026-06-26,Pembukaan Sarasehan Kebangsaan KSTI 2026,pengusap,1
hJybE-uF_qE,2026-06-26,Pembukaan Sarasehan Kebangsaan KSTI 2026,penting,1
hJybE-uF_qE,2026-06-26,Pembukaan Sarasehan Kebangsaan KSTI 2026,penuh,1
hJybE-uF_qE,2026-06-26,Pembukaan Sarasehan Kebangsaan KSTI 2026,per,1
hJybE-uF_qE,2026-06-26,Pembukaan Sarasehan Kebangsaan KSTI 2026,peradaban,1
hJybE-uF_qE,2026-06-26,Pembukaan Sarasehan Kebangsaan KSTI 2026,peran,1
hJybE-uF_qE,2026-06-26,Pembukaan Sarasehan Kebangsaan KSTI 2026,perangnya,1
hJybE-uF_qE,2026-06-26,Pembukaan Sarasehan Kebangsaan KSTI 2026,perbaiki,1
hJybE-uF_qE,2026-06-26,Pembukaan Sarasehan Kebangsaan KSTI 2026,perbedaan,1
hJybE-uF_qE,2026-06-26,Pembukaan Sarasehan Kebangsaan KSTI 2026,percuma,1
hJybE-uF_qE,2026-06-26,Pembukaan Sarasehan Kebangsaan KSTI 2026,perjalanan,1
hJybE-uF_qE,2026-06-26,Pembukaan Sarasehan Kebangsaan KSTI 2026,perlu,1
hJybE-uF_qE,2026-06-26,Pembukaan Sarasehan Kebangsaan KSTI 2026,pernah,1
hJybE-uF_qE,2026-06-26,Pembukaan Sarasehan Kebangsaan KSTI 2026,pers,1
hJybE-uF_qE,2026-06-26,Pembukaan Sarasehan Kebangsaan KSTI 2026,persatu,1
hJybE-uF_qE,2026-06-26,Pembukaan Sarasehan Kebangsaan KSTI 2026,persuasi,1
hJybE-uF_qE,2026-06-26,Pembukaan Sarasehan Kebangsaan KSTI 2026,pertama,1
hJybE-uF_qE,2026-06-26,Pembukaan Sarasehan Kebangsaan KSTI 2026,pertanian,1
hJybE-uF_qE,2026-06-26,Pembukaan Sarasehan Kebangsaan KSTI 2026,pertemuan,1
hJybE-uF_qE,2026-06-26,Pembukaan Sarasehan Kebangsaan KSTI 2026,pertikaian,1
hJybE-uF_qE,2026-06-26,Pembukaan Sarasehan Kebangsaan KSTI 2026,pertolongan,1
hJybE-uF_qE,2026-06-26,Pembukaan Sarasehan Kebangsaan KSTI 2026,perubahan,1
hJybE-uF_qE,2026-06-26,Pembukaan Sarasehan Kebangsaan KSTI 2026,phd,1
hJybE-uF_qE,2026-06-26,Pembukaan Sarasehan Kebangsaan KSTI 2026,pijit,1
hJybE-uF_qE,2026-06-26,Pembukaan Sarasehan Kebangsaan KSTI 2026,pilotnya,1
hJybE-uF_qE,2026-06-26,Pembukaan Sarasehan Kebangsaan KSTI 2026,politeknik,1
hJybE-uF_qE,2026-06-26,Pembukaan Sarasehan Kebangsaan KSTI 2026,politik,1
hJybE-uF_qE,2026-06-26,Pembukaan Sarasehan Kebangsaan KSTI 2026,posisi-posisi,1
hJybE-uF_qE,2026-06-26,Pembukaan Sarasehan Kebangsaan KSTI 2026,potensi,1
hJybE-uF_qE,2026-06-26,Pembukaan Sarasehan Kebangsaan KSTI 2026,potensinya,1
hJybE-uF_qE,2026-06-26,Pembukaan Sarasehan Kebangsaan KSTI 2026,praanggapan,1
hJybE-uF_qE,2026-06-26,Pembukaan Sarasehan Kebangsaan KSTI 2026,pragapan,1
hJybE-uF_qE,2026-06-26,Pembukaan Sarasehan Kebangsaan KSTI 2026,premis,1
hJybE-uF_qE,2026-06-26,Pembukaan Sarasehan Kebangsaan KSTI 2026,produknya,1
hJybE-uF_qE,2026-06-26,Pembukaan Sarasehan Kebangsaan KSTI 2026,produktif,1
hJybE-uF_qE,2026-06-26,Pembukaan Sarasehan Kebangsaan KSTI 2026,produktivitasnya,1
hJybE-uF_qE,2026-06-26,Pembukaan Sarasehan Kebangsaan KSTI 2026,profesi,1
hJybE-uF_qE,2026-06-26,Pembukaan Sarasehan Kebangsaan KSTI 2026,puas,1
hJybE-uF_qE,2026-06-26,Pembukaan Sarasehan Kebangsaan KSTI 2026,puji,1
hJybE-uF_qE,2026-06-26,Pembukaan Sarasehan Kebangsaan KSTI 2026,pulang,1
hJybE-uF_qE,2026-06-26,Pembukaan Sarasehan Kebangsaan KSTI 2026,puluhan,1
hJybE-uF_qE,2026-06-26,Pembukaan Sarasehan Kebangsaan KSTI 2026,raka,1
hJybE-uF_qE,2026-06-26,Pembukaan Sarasehan Kebangsaan KSTI 2026,rakabuming,1
hJybE-uF_qE,2026-06-26,Pembukaan Sarasehan Kebangsaan KSTI 2026,rakyatnya,1
hJybE-uF_qE,2026-06-26,Pembukaan Sarasehan Kebangsaan KSTI 2026,rangka,1
hJybE-uF_qE,2026-06-26,Pembukaan Sarasehan Kebangsaan KSTI 2026,rasa,1
hJybE-uF_qE,2026-06-26,Pembukaan Sarasehan Kebangsaan KSTI 2026,rasnya,1
hJybE-uF_qE,2026-06-26,Pembukaan Sarasehan Kebangsaan KSTI 2026,rata,1
hJybE-uF_qE,2026-06-26,Pembukaan Sarasehan Kebangsaan KSTI 2026,ratusan,1
hJybE-uF_qE,2026-06-26,Pembukaan Sarasehan Kebangsaan KSTI 2026,rekan-rekan,1
hJybE-uF_qE,2026-06-26,Pembukaan Sarasehan Kebangsaan KSTI 2026,rektornya,1
hJybE-uF_qE,2026-06-26,Pembukaan Sarasehan Kebangsaan KSTI 2026,relevan,1
hJybE-uF_qE,2026-06-26,Pembukaan Sarasehan Kebangsaan KSTI 2026,renungkan,1
hJybE-uF_qE,2026-06-26,Pembukaan Sarasehan Kebangsaan KSTI 2026,ribu,1
hJybE-uF_qE,2026-06-26,Pembukaan Sarasehan Kebangsaan KSTI 2026,risikonya,1
hJybE-uF_qE,2026-06-26,Pembukaan Sarasehan Kebangsaan KSTI 2026,sadari,1
hJybE-uF_qE,2026-06-26,Pembukaan Sarasehan Kebangsaan KSTI 2026,saintifik,1
hJybE-uF_qE,2026-06-26,Pembukaan Sarasehan Kebangsaan KSTI 2026,saja,1
hJybE-uF_qE,2026-06-26,Pembukaan Sarasehan Kebangsaan KSTI 2026,salve,1
hJybE-uF_qE,2026-06-26,Pembukaan Sarasehan Kebangsaan KSTI 2026,sampailah,1
hJybE-uF_qE,2026-06-26,Pembukaan Sarasehan Kebangsaan KSTI 2026,satu-satu,1
hJybE-uF_qE,2026-06-26,Pembukaan Sarasehan Kebangsaan KSTI 2026,sawit,1
hJybE-uF_qE,2026-06-26,Pembukaan Sarasehan Kebangsaan KSTI 2026,sebetulnya,1
hJybE-uF_qE,2026-06-26,Pembukaan Sarasehan Kebangsaan KSTI 2026,sedih,1
hJybE-uF_qE,2026-06-26,Pembukaan Sarasehan Kebangsaan KSTI 2026,sehingga,1
hJybE-uF_qE,2026-06-26,Pembukaan Sarasehan Kebangsaan KSTI 2026,sejahtera,1
hJybE-uF_qE,2026-06-26,Pembukaan Sarasehan Kebangsaan KSTI 2026,sekaligus,1
hJybE-uF_qE,2026-06-26,Pembukaan Sarasehan Kebangsaan KSTI 2026,selamat,1
hJybE-uF_qE,2026-06-26,Pembukaan Sarasehan Kebangsaan KSTI 2026,semakin,1
hJybE-uF_qE,2026-06-26,Pembukaan Sarasehan Kebangsaan KSTI 2026,sementara,1
hJybE-uF_qE,2026-06-26,Pembukaan Sarasehan Kebangsaan KSTI 2026,sempat,1
hJybE-uF_qE,2026-06-26,Pembukaan Sarasehan Kebangsaan KSTI 2026,semuanya,1
hJybE-uF_qE,2026-06-26,Pembukaan Sarasehan Kebangsaan KSTI 2026,sepak,1
hJybE-uF_qE,2026-06-26,Pembukaan Sarasehan Kebangsaan KSTI 2026,seperti,1
hJybE-uF_qE,2026-06-26,Pembukaan Sarasehan Kebangsaan KSTI 2026,serta,1
hJybE-uF_qE,2026-06-26,Pembukaan Sarasehan Kebangsaan KSTI 2026,setelah,1
hJybE-uF_qE,2026-06-26,Pembukaan Sarasehan Kebangsaan KSTI 2026,shalom,1
hJybE-uF_qE,2026-06-26,Pembukaan Sarasehan Kebangsaan KSTI 2026,siapkan,1
hJybE-uF_qE,2026-06-26,Pembukaan Sarasehan Kebangsaan KSTI 2026,simak,1
hJybE-uF_qE,2026-06-26,Pembukaan Sarasehan Kebangsaan KSTI 2026,sipil,1
hJybE-uF_qE,2026-06-26,Pembukaan Sarasehan Kebangsaan KSTI 2026,situ,1
hJybE-uF_qE,2026-06-26,Pembukaan Sarasehan Kebangsaan KSTI 2026,solusi,1
hJybE-uF_qE,2026-06-26,Pembukaan Sarasehan Kebangsaan KSTI 2026,sore,1
hJybE-uF_qE,2026-06-26,Pembukaan Sarasehan Kebangsaan KSTI 2026,strategi,1
hJybE-uF_qE,2026-06-26,Pembukaan Sarasehan Kebangsaan KSTI 2026,suatu,1
hJybE-uF_qE,2026-06-26,Pembukaan Sarasehan Kebangsaan KSTI 2026,subhanahu,1
hJybE-uF_qE,2026-06-26,Pembukaan Sarasehan Kebangsaan KSTI 2026,suku,1
hJybE-uF_qE,2026-06-26,Pembukaan Sarasehan Kebangsaan KSTI 2026,sukunya,1
hJybE-uF_qE,2026-06-26,Pembukaan Sarasehan Kebangsaan KSTI 2026,swasta,1
hJybE-uF_qE,2026-06-26,Pembukaan Sarasehan Kebangsaan KSTI 2026,swastiastu,1
hJybE-uF_qE,2026-06-26,Pembukaan Sarasehan Kebangsaan KSTI 2026,syukur,1
hJybE-uF_qE,2026-06-26,Pembukaan Sarasehan Kebangsaan KSTI 2026,taala,1
hJybE-uF_qE,2026-06-26,Pembukaan Sarasehan Kebangsaan KSTI 2026,tamu,1
hJybE-uF_qE,2026-06-26,Pembukaan Sarasehan Kebangsaan KSTI 2026,tanah,1
hJybE-uF_qE,2026-06-26,Pembukaan Sarasehan Kebangsaan KSTI 2026,tanpa,1
hJybE-uF_qE,2026-06-26,Pembukaan Sarasehan Kebangsaan KSTI 2026,technology,1
hJybE-uF_qE,2026-06-26,Pembukaan Sarasehan Kebangsaan KSTI 2026,teliti,1
hJybE-uF_qE,2026-06-26,Pembukaan Sarasehan Kebangsaan KSTI 2026,teluk,1
hJybE-uF_qE,2026-06-26,Pembukaan Sarasehan Kebangsaan KSTI 2026,tema,1
hJybE-uF_qE,2026-06-26,Pembukaan Sarasehan Kebangsaan KSTI 2026,tentara,1
hJybE-uF_qE,2026-06-26,Pembukaan Sarasehan Kebangsaan KSTI 2026,terbang,1
hJybE-uF_qE,2026-06-26,Pembukaan Sarasehan Kebangsaan KSTI 2026,terbesar,1
hJybE-uF_qE,2026-06-26,Pembukaan Sarasehan Kebangsaan KSTI 2026,terhadap,1
hJybE-uF_qE,2026-06-26,Pembukaan Sarasehan Kebangsaan KSTI 2026,terobosan,1
hJybE-uF_qE,2026-06-26,Pembukaan Sarasehan Kebangsaan KSTI 2026,tinggal,1
hJybE-uF_qE,2026-06-26,Pembukaan Sarasehan Kebangsaan KSTI 2026,titik-titik,1
hJybE-uF_qE,2026-06-26,Pembukaan Sarasehan Kebangsaan KSTI 2026,tni,1
hJybE-uF_qE,2026-06-26,Pembukaan Sarasehan Kebangsaan KSTI 2026,tugas,1
hJybE-uF_qE,2026-06-26,Pembukaan Sarasehan Kebangsaan KSTI 2026,tujuannya,1
hJybE-uF_qE,2026-06-26,Pembukaan Sarasehan Kebangsaan KSTI 2026,ukraina,1
hJybE-uF_qE,2026-06-26,Pembukaan Sarasehan Kebangsaan KSTI 2026,umat,1
hJybE-uF_qE,2026-06-26,Pembukaan Sarasehan Kebangsaan KSTI 2026,undangan,1
hJybE-uF_qE,2026-06-26,Pembukaan Sarasehan Kebangsaan KSTI 2026,usaha,1
hJybE-uF_qE,2026-06-26,Pembukaan Sarasehan Kebangsaan KSTI 2026,utamanya,1
hJybE-uF_qE,2026-06-26,Pembukaan Sarasehan Kebangsaan KSTI 2026,wa,1
hJybE-uF_qE,2026-06-26,Pembukaan Sarasehan Kebangsaan KSTI 2026,wabarakatuh,1
hJybE-uF_qE,2026-06-26,Pembukaan Sarasehan Kebangsaan KSTI 2026,waduh,1
hJybE-uF_qE,2026-06-26,Pembukaan Sarasehan Kebangsaan KSTI 2026,wangai,1
hJybE-uF_qE,2026-06-26,Pembukaan Sarasehan Kebangsaan KSTI 2026,warahmatullahi,1
hJybE-uF_qE,2026-06-26,Pembukaan Sarasehan Kebangsaan KSTI 2026,wolok,1
hJybE-uF_qE,2026-06-26,Pembukaan Sarasehan Kebangsaan KSTI 2026,women,1
hJybE-uF_qE,2026-06-26,Pembukaan Sarasehan Kebangsaan KSTI 2026,yaitu,1
hJybE-uF_qE,2026-06-26,Pembukaan Sarasehan Kebangsaan KSTI 2026,yakin,1
hJybE-uF_qE,2026-06-26,Pembukaan Sarasehan Kebangsaan KSTI 2026,yaman,1
hJybE-uF_qE,2026-06-26,Pembukaan Sarasehan Kebangsaan KSTI 2026,yuliarto,1
rKpNQwecniM,2026-05-01,Pidato Presiden Prabowo pada Peringatan Hari Buruh Internasional,saya,79
rKpNQwecniM,2026-05-01,Pidato Presiden Prabowo pada Peringatan Hari Buruh Internasional,kita,70
rKpNQwecniM,2026-05-01,Pidato Presiden Prabowo pada Peringatan Hari Buruh Internasional,yang,55
rKpNQwecniM,2026-05-01,Pidato Presiden Prabowo pada Peringatan Hari Buruh Internasional,saudara-saudara,48
rKpNQwecniM,2026-05-01,Pidato Presiden Prabowo pada Peringatan Hari Buruh Internasional,ini,39
rKpNQwecniM,2026-05-01,Pidato Presiden Prabowo pada Peringatan Hari Buruh Internasional,akan,37
rKpNQwecniM,2026-05-01,Pidato Presiden Prabowo pada Peringatan Hari Buruh Internasional,dan,36
rKpNQwecniM,2026-05-01,Pidato Presiden Prabowo pada Peringatan Hari Buruh Internasional,untuk,29
rKpNQwecniM,2026-05-01,Pidato Presiden Prabowo pada Peringatan Hari Buruh Internasional,rakyat,25
rKpNQwecniM,2026-05-01,Pidato Presiden Prabowo pada Peringatan Hari Buruh Internasional,sekalian,25
rKpNQwecniM,2026-05-01,Pidato Presiden Prabowo pada Peringatan Hari Buruh Internasional,tahun,23
rKpNQwecniM,2026-05-01,Pidato Presiden Prabowo pada Peringatan Hari Buruh Internasional,buruh,22
rKpNQwecniM,2026-05-01,Pidato Presiden Prabowo pada Peringatan Hari Buruh Internasional,indonesia,22
rKpNQwecniM,2026-05-01,Pidato Presiden Prabowo pada Peringatan Hari Buruh Internasional,tidak,20
rKpNQwecniM,2026-05-01,Pidato Presiden Prabowo pada Peringatan Hari Buruh Internasional,juga,18
rKpNQwecniM,2026-05-01,Pidato Presiden Prabowo pada Peringatan Hari Buruh Internasional,rumah,18
rKpNQwecniM,2026-05-01,Pidato Presiden Prabowo pada Peringatan Hari Buruh Internasional,saudara,17
rKpNQwecniM,2026-05-01,Pidato Presiden Prabowo pada Peringatan Hari Buruh Internasional,sudah,17
rKpNQwecniM,2026-05-01,Pidato Presiden Prabowo pada Peringatan Hari Buruh Internasional,ada,15
rKpNQwecniM,2026-05-01,Pidato Presiden Prabowo pada Peringatan Hari Buruh Internasional,banyak,15
rKpNQwecniM,2026-05-01,Pidato Presiden Prabowo pada Peringatan Hari Buruh Internasional,hidup,15
rKpNQwecniM,2026-05-01,Pidato Presiden Prabowo pada Peringatan Hari Buruh Internasional,menteri,15
rKpNQwecniM,2026-05-01,Pidato Presiden Prabowo pada Peringatan Hari Buruh Internasional,dengan,14
rKpNQwecniM,2026-05-01,Pidato Presiden Prabowo pada Peringatan Hari Buruh Internasional,kalau,14
rKpNQwecniM,2026-05-01,Pidato Presiden Prabowo pada Peringatan Hari Buruh Internasional,pekerja,14
rKpNQwecniM,2026-05-01,Pidato Presiden Prabowo pada Peringatan Hari Buruh Internasional,itu,13
rKpNQwecniM,2026-05-01,Pidato Presiden Prabowo pada Peringatan Hari Buruh Internasional,bisa,12
rKpNQwecniM,2026-05-01,Pidato Presiden Prabowo pada Peringatan Hari Buruh Internasional,adalah,11
rKpNQwecniM,2026-05-01,Pidato Presiden Prabowo pada Peringatan Hari Buruh Internasional,enggak,11
rKpNQwecniM,2026-05-01,Pidato Presiden Prabowo pada Peringatan Hari Buruh Internasional,negara,11
rKpNQwecniM,2026-05-01,Pidato Presiden Prabowo pada Peringatan Hari Buruh Internasional,presiden,11
rKpNQwecniM,2026-05-01,Pidato Presiden Prabowo pada Peringatan Hari Buruh Internasional,hari,10
rKpNQwecniM,2026-05-01,Pidato Presiden Prabowo pada Peringatan Hari Buruh Internasional,harus,10
rKpNQwecniM,2026-05-01,Pidato Presiden Prabowo pada Peringatan Hari Buruh Internasional,membela,10
rKpNQwecniM,2026-05-01,Pidato Presiden Prabowo pada Peringatan Hari Buruh Internasional,nanti,10
rKpNQwecniM,2026-05-01,Pidato Presiden Prabowo pada Peringatan Hari Buruh Internasional,seluruh,10
rKpNQwecniM,2026-05-01,Pidato Presiden Prabowo pada Peringatan Hari Buruh Internasional,tadi,10
rKpNQwecniM,2026-05-01,Pidato Presiden Prabowo pada Peringatan Hari Buruh Internasional,di,9
rKpNQwecniM,2026-05-01,Pidato Presiden Prabowo pada Peringatan Hari Buruh Internasional,memberi,9
rKpNQwecniM,2026-05-01,Pidato Presiden Prabowo pada Peringatan Hari Buruh Internasional,nelayan,9
rKpNQwecniM,2026-05-01,Pidato Presiden Prabowo pada Peringatan Hari Buruh Internasional,bekerja,8
rKpNQwecniM,2026-05-01,Pidato Presiden Prabowo pada Peringatan Hari Buruh Internasional,juta,8
rKpNQwecniM,2026-05-01,Pidato Presiden Prabowo pada Peringatan Hari Buruh Internasional,kaum,8
rKpNQwecniM,2026-05-01,Pidato Presiden Prabowo pada Peringatan Hari Buruh Internasional,kerja,8
rKpNQwecniM,2026-05-01,Pidato Presiden Prabowo pada Peringatan Hari Buruh Internasional,perlindungan,8
rKpNQwecniM,2026-05-01,Pidato Presiden Prabowo pada Peringatan Hari Buruh Internasional,semua,8
rKpNQwecniM,2026-05-01,Pidato Presiden Prabowo pada Peringatan Hari Buruh Internasional,diberi,7
rKpNQwecniM,2026-05-01,Pidato Presiden Prabowo pada Peringatan Hari Buruh Internasional,mereka,7
rKpNQwecniM,2026-05-01,Pidato Presiden Prabowo pada Peringatan Hari Buruh Internasional,para,7
rKpNQwecniM,2026-05-01,Pidato Presiden Prabowo pada Peringatan Hari Buruh Internasional,tapi,7
rKpNQwecniM,2026-05-01,Pidato Presiden Prabowo pada Peringatan Hari Buruh Internasional,undang-undang,7
rKpNQwecniM,2026-05-01,Pidato Presiden Prabowo pada Peringatan Hari Buruh Internasional,bahwa,6
rKpNQwecniM,2026-05-01,Pidato Presiden Prabowo pada Peringatan Hari Buruh Internasional,betul,6
rKpNQwecniM,2026-05-01,Pidato Presiden Prabowo pada Peringatan Hari Buruh Internasional,hadir,6
rKpNQwecniM,2026-05-01,Pidato Presiden Prabowo pada Peringatan Hari Buruh Internasional,kali,6
rKpNQwecniM,2026-05-01,Pidato Presiden Prabowo pada Peringatan Hari Buruh Internasional,kasih,6
rKpNQwecniM,2026-05-01,Pidato Presiden Prabowo pada Peringatan Hari Buruh Internasional,kepada,6
rKpNQwecniM,2026-05-01,Pidato Presiden Prabowo pada Peringatan Hari Buruh Internasional,konfederasi,6
rKpNQwecniM,2026-05-01,Pidato Presiden Prabowo pada Peringatan Hari Buruh Internasional,lagi,6
rKpNQwecniM,2026-05-01,Pidato Presiden Prabowo pada Peringatan Hari Buruh Internasional,merdeka,6
rKpNQwecniM,2026-05-01,Pidato Presiden Prabowo pada Peringatan Hari Buruh Internasional,serikat,6
rKpNQwecniM,2026-05-01,Pidato Presiden Prabowo pada Peringatan Hari Buruh Internasional,telah,6
rKpNQwecniM,2026-05-01,Pidato Presiden Prabowo pada Peringatan Hari Buruh Internasional,ya,6
rKpNQwecniM,2026-05-01,Pidato Presiden Prabowo pada Peringatan Hari Buruh Internasional,bagi,5
rKpNQwecniM,2026-05-01,Pidato Presiden Prabowo pada Peringatan Hari Buruh Internasional,baik,5
rKpNQwecniM,2026-05-01,Pidato Presiden Prabowo pada Peringatan Hari Buruh Internasional,bikin,5
rKpNQwecniM,2026-05-01,Pidato Presiden Prabowo pada Peringatan Hari Buruh Internasional,dalam,5
rKpNQwecniM,2026-05-01,Pidato Presiden Prabowo pada Peringatan Hari Buruh Internasional,gue,5
rKpNQwecniM,2026-05-01,Pidato Presiden Prabowo pada Peringatan Hari Buruh Internasional,hidupnya,5
rKpNQwecniM,2026-05-01,Pidato Presiden Prabowo pada Peringatan Hari Buruh Internasional,kalian,5
rKpNQwecniM,2026-05-01,Pidato Presiden Prabowo pada Peringatan Hari Buruh Internasional,karena,5
rKpNQwecniM,2026-05-01,Pidato Presiden Prabowo pada Peringatan Hari Buruh Internasional,ke,5
rKpNQwecniM,2026-05-01,Pidato Presiden Prabowo pada Peringatan Hari Buruh Internasional,kecil,5
rKpNQwecniM,2026-05-01,Pidato Presiden Prabowo pada Peringatan Hari Buruh Internasional,kepentingan,5
rKpNQwecniM,2026-05-01,Pidato Presiden Prabowo pada Peringatan Hari Buruh Internasional,ojol,5
rKpNQwecniM,2026-05-01,Pidato Presiden Prabowo pada Peringatan Hari Buruh Internasional,perjuangan,5
rKpNQwecniM,2026-05-01,Pidato Presiden Prabowo pada Peringatan Hari Buruh Internasional,republik,5
rKpNQwecniM,2026-05-01,Pidato Presiden Prabowo pada Peringatan Hari Buruh Internasional,sangat,5
rKpNQwecniM,2026-05-01,Pidato Presiden Prabowo pada Peringatan Hari Buruh Internasional,seorang,5
rKpNQwecniM,2026-05-01,Pidato Presiden Prabowo pada Peringatan Hari Buruh Internasional,tangga,5
rKpNQwecniM,2026-05-01,Pidato Presiden Prabowo pada Peringatan Hari Buruh Internasional,terima,5
rKpNQwecniM,2026-05-01,Pidato Presiden Prabowo pada Peringatan Hari Buruh Internasional,tiap,5
rKpNQwecniM,2026-05-01,Pidato Presiden Prabowo pada Peringatan Hari Buruh Internasional,wakil,5
rKpNQwecniM,2026-05-01,Pidato Presiden Prabowo pada Peringatan Hari Buruh Internasional,aja,4
rKpNQwecniM,2026-05-01,Pidato Presiden Prabowo pada Peringatan Hari Buruh Internasional,bagaimana,4
rKpNQwecniM,2026-05-01,Pidato Presiden Prabowo pada Peringatan Hari Buruh Internasional,belum,4
rKpNQwecniM,2026-05-01,Pidato Presiden Prabowo pada Peringatan Hari Buruh Internasional,berapa,4
rKpNQwecniM,2026-05-01,Pidato Presiden Prabowo pada Peringatan Hari Buruh Internasional,berjuang,4
rKpNQwecniM,2026-05-01,Pidato Presiden Prabowo pada Peringatan Hari Buruh Internasional,bukan,4
rKpNQwecniM,2026-05-01,Pidato Presiden Prabowo pada Peringatan Hari Buruh Internasional,butuh,4
rKpNQwecniM,2026-05-01,Pidato Presiden Prabowo pada Peringatan Hari Buruh Internasional,dari,4
rKpNQwecniM,2026-05-01,Pidato Presiden Prabowo pada Peringatan Hari Buruh Internasional,ingin,4
rKpNQwecniM,2026-05-01,Pidato Presiden Prabowo pada Peringatan Hari Buruh Internasional,jadi,4
rKpNQwecniM,2026-05-01,Pidato Presiden Prabowo pada Peringatan Hari Buruh Internasional,jangan,4
rKpNQwecniM,2026-05-01,Pidato Presiden Prabowo pada Peringatan Hari Buruh Internasional,kami,4
rKpNQwecniM,2026-05-01,Pidato Presiden Prabowo pada Peringatan Hari Buruh Internasional,kesehatan,4
rKpNQwecniM,2026-05-01,Pidato Presiden Prabowo pada Peringatan Hari Buruh Internasional,ketua,4
rKpNQwecniM,2026-05-01,Pidato Presiden Prabowo pada Peringatan Hari Buruh Internasional,lebih,4
rKpNQwecniM,2026-05-01,Pidato Presiden Prabowo pada Peringatan Hari Buruh Internasional,mana-mana,4
rKpNQwecniM,2026-05-01,Pidato Presiden Prabowo pada Peringatan Hari Buruh Internasional,masih,4
rKpNQwecniM,2026-05-01,Pidato Presiden Prabowo pada Peringatan Hari Buruh Internasional,masuk,4
rKpNQwecniM,2026-05-01,Pidato Presiden Prabowo pada Peringatan Hari Buruh Internasional,mbg,4
rKpNQwecniM,2026-05-01,Pidato Presiden Prabowo pada Peringatan Hari Buruh Internasional,merasa,4
rKpNQwecniM,2026-05-01,Pidato Presiden Prabowo pada Peringatan Hari Buruh Internasional,mungkin,4
rKpNQwecniM,2026-05-01,Pidato Presiden Prabowo pada Peringatan Hari Buruh Internasional,nomor,4
rKpNQwecniM,2026-05-01,Pidato Presiden Prabowo pada Peringatan Hari Buruh Internasional,oleh,4
rKpNQwecniM,2026-05-01,Pidato Presiden Prabowo pada Peringatan Hari Buruh Internasional,orang,4
rKpNQwecniM,2026-05-01,Pidato Presiden Prabowo pada Peringatan Hari Buruh Internasional,pemerintah,4
rKpNQwecniM,2026-05-01,Pidato Presiden Prabowo pada Peringatan Hari Buruh Internasional,pimpinan,4
rKpNQwecniM,2026-05-01,Pidato Presiden Prabowo pada Peringatan Hari Buruh Internasional,rela,4
rKpNQwecniM,2026-05-01,Pidato Presiden Prabowo pada Peringatan Hari Buruh Internasional,salam,4
rKpNQwecniM,2026-05-01,Pidato Presiden Prabowo pada Peringatan Hari Buruh Internasional,sama,4
rKpNQwecniM,2026-05-01,Pidato Presiden Prabowo pada Peringatan Hari Buruh Internasional,sampai,4
rKpNQwecniM,2026-05-01,Pidato Presiden Prabowo pada Peringatan Hari Buruh Internasional,saran,4
rKpNQwecniM,2026-05-01,Pidato Presiden Prabowo pada Peringatan Hari Buruh Internasional,sejahtera,4
rKpNQwecniM,2026-05-01,Pidato Presiden Prabowo pada Peringatan Hari Buruh Internasional,sekretaris,4
rKpNQwecniM,2026-05-01,Pidato Presiden Prabowo pada Peringatan Hari Buruh Internasional,selama,4
rKpNQwecniM,2026-05-01,Pidato Presiden Prabowo pada Peringatan Hari Buruh Internasional,setuju,4
rKpNQwecniM,2026-05-01,Pidato Presiden Prabowo pada Peringatan Hari Buruh Internasional,tni,4
rKpNQwecniM,2026-05-01,Pidato Presiden Prabowo pada Peringatan Hari Buruh Internasional,uang,4
rKpNQwecniM,2026-05-01,Pidato Presiden Prabowo pada Peringatan Hari Buruh Internasional,ahmad,3
rKpNQwecniM,2026-05-01,Pidato Presiden Prabowo pada Peringatan Hari Buruh Internasional,aman,3
rKpNQwecniM,2026-05-01,Pidato Presiden Prabowo pada Peringatan Hari Buruh Internasional,anak-anak,3
rKpNQwecniM,2026-05-01,Pidato Presiden Prabowo pada Peringatan Hari Buruh Internasional,baru,3
rKpNQwecniM,2026-05-01,Pidato Presiden Prabowo pada Peringatan Hari Buruh Internasional,bersama,3
rKpNQwecniM,2026-05-01,Pidato Presiden Prabowo pada Peringatan Hari Buruh Internasional,besar,3
rKpNQwecniM,2026-05-01,Pidato Presiden Prabowo pada Peringatan Hari Buruh Internasional,bpjs,3
rKpNQwecniM,2026-05-01,Pidato Presiden Prabowo pada Peringatan Hari Buruh Internasional,buru,3
rKpNQwecniM,2026-05-01,Pidato Presiden Prabowo pada Peringatan Hari Buruh Internasional,cukup,3
rKpNQwecniM,2026-05-01,Pidato Presiden Prabowo pada Peringatan Hari Buruh Internasional,dia,3
rKpNQwecniM,2026-05-01,Pidato Presiden Prabowo pada Peringatan Hari Buruh Internasional,ekonomi,3
rKpNQwecniM,2026-05-01,Pidato Presiden Prabowo pada Peringatan Hari Buruh Internasional,gratis,3
rKpNQwecniM,2026-05-01,Pidato Presiden Prabowo pada Peringatan Hari Buruh Internasional,hah,3
rKpNQwecniM,2026-05-01,Pidato Presiden Prabowo pada Peringatan Hari Buruh Internasional,jaminan,3
rKpNQwecniM,2026-05-01,Pidato Presiden Prabowo pada Peringatan Hari Buruh Internasional,jenderal,3
rKpNQwecniM,2026-05-01,Pidato Presiden Prabowo pada Peringatan Hari Buruh Internasional,kampung,3
rKpNQwecniM,2026-05-01,Pidato Presiden Prabowo pada Peringatan Hari Buruh Internasional,kembali,3
rKpNQwecniM,2026-05-01,Pidato Presiden Prabowo pada Peringatan Hari Buruh Internasional,ketenagakerjaan,3
rKpNQwecniM,2026-05-01,Pidato Presiden Prabowo pada Peringatan Hari Buruh Internasional,khawatir,3
rKpNQwecniM,2026-05-01,Pidato Presiden Prabowo pada Peringatan Hari Buruh Internasional,kuasai,3
rKpNQwecniM,2026-05-01,Pidato Presiden Prabowo pada Peringatan Hari Buruh Internasional,lima,3
rKpNQwecniM,2026-05-01,Pidato Presiden Prabowo pada Peringatan Hari Buruh Internasional,lu,3
rKpNQwecniM,2026-05-01,Pidato Presiden Prabowo pada Peringatan Hari Buruh Internasional,luar,3
rKpNQwecniM,2026-05-01,Pidato Presiden Prabowo pada Peringatan Hari Buruh Internasional,nama,3
rKpNQwecniM,2026-05-01,Pidato Presiden Prabowo pada Peringatan Hari Buruh Internasional,om,3
rKpNQwecniM,2026-05-01,Pidato Presiden Prabowo pada Peringatan Hari Buruh Internasional,pengemudi,3
rKpNQwecniM,2026-05-01,Pidato Presiden Prabowo pada Peringatan Hari Buruh Internasional,perintahkan,3
rKpNQwecniM,2026-05-01,Pidato Presiden Prabowo pada Peringatan Hari Buruh Internasional,perjuangkan,3
rKpNQwecniM,2026-05-01,Pidato Presiden Prabowo pada Peringatan Hari Buruh Internasional,pidato,3
rKpNQwecniM,2026-05-01,Pidato Presiden Prabowo pada Peringatan Hari Buruh Internasional,pintar,3
rKpNQwecniM,2026-05-01,Pidato Presiden Prabowo pada Peringatan Hari Buruh Internasional,ri,3
rKpNQwecniM,2026-05-01,Pidato Presiden Prabowo pada Peringatan Hari Buruh Internasional,santi,3
rKpNQwecniM,2026-05-01,Pidato Presiden Prabowo pada Peringatan Hari Buruh Internasional,sekarang,3
rKpNQwecniM,2026-05-01,Pidato Presiden Prabowo pada Peringatan Hari Buruh Internasional,selalu,3
rKpNQwecniM,2026-05-01,Pidato Presiden Prabowo pada Peringatan Hari Buruh Internasional,selamat,3
rKpNQwecniM,2026-05-01,Pidato Presiden Prabowo pada Peringatan Hari Buruh Internasional,semakin,3
rKpNQwecniM,2026-05-01,Pidato Presiden Prabowo pada Peringatan Hari Buruh Internasional,sisa,3
rKpNQwecniM,2026-05-01,Pidato Presiden Prabowo pada Peringatan Hari Buruh Internasional,susah,3
rKpNQwecniM,2026-05-01,Pidato Presiden Prabowo pada Peringatan Hari Buruh Internasional,tambah,3
rKpNQwecniM,2026-05-01,Pidato Presiden Prabowo pada Peringatan Hari Buruh Internasional,tanpa,3
rKpNQwecniM,2026-05-01,Pidato Presiden Prabowo pada Peringatan Hari Buruh Internasional,tenaga,3
rKpNQwecniM,2026-05-01,Pidato Presiden Prabowo pada Peringatan Hari Buruh Internasional,tenang,3
rKpNQwecniM,2026-05-01,Pidato Presiden Prabowo pada Peringatan Hari Buruh Internasional,tentang,3
rKpNQwecniM,2026-05-01,Pidato Presiden Prabowo pada Peringatan Hari Buruh Internasional,tugas,3
rKpNQwecniM,2026-05-01,Pidato Presiden Prabowo pada Peringatan Hari Buruh Internasional,upah,3
rKpNQwecniM,2026-05-01,Pidato Presiden Prabowo pada Peringatan Hari Buruh Internasional,wabarakatuh,3
rKpNQwecniM,2026-05-01,Pidato Presiden Prabowo pada Peringatan Hari Buruh Internasional,akal,2
rKpNQwecniM,2026-05-01,Pidato Presiden Prabowo pada Peringatan Hari Buruh Internasional,aku,2
rKpNQwecniM,2026-05-01,Pidato Presiden Prabowo pada Peringatan Hari Buruh Internasional,alih,2
rKpNQwecniM,2026-05-01,Pidato Presiden Prabowo pada Peringatan Hari Buruh Internasional,ambil,2
rKpNQwecniM,2026-05-01,Pidato Presiden Prabowo pada Peringatan Hari Buruh Internasional,anak,2
rKpNQwecniM,2026-05-01,Pidato Presiden Prabowo pada Peringatan Hari Buruh Internasional,anaknya,2
rKpNQwecniM,2026-05-01,Pidato Presiden Prabowo pada Peringatan Hari Buruh Internasional,anda,2
rKpNQwecniM,2026-05-01,Pidato Presiden Prabowo pada Peringatan Hari Buruh Internasional,andi,2
rKpNQwecniM,2026-05-01,Pidato Presiden Prabowo pada Peringatan Hari Buruh Internasional,apa-apa,2
rKpNQwecniM,2026-05-01,Pidato Presiden Prabowo pada Peringatan Hari Buruh Internasional,atau,2
rKpNQwecniM,2026-05-01,Pidato Presiden Prabowo pada Peringatan Hari Buruh Internasional,baca,2
rKpNQwecniM,2026-05-01,Pidato Presiden Prabowo pada Peringatan Hari Buruh Internasional,badannya,2
rKpNQwecniM,2026-05-01,Pidato Presiden Prabowo pada Peringatan Hari Buruh Internasional,bagus,2
rKpNQwecniM,2026-05-01,Pidato Presiden Prabowo pada Peringatan Hari Buruh Internasional,bbm,2
rKpNQwecniM,2026-05-01,Pidato Presiden Prabowo pada Peringatan Hari Buruh Internasional,bertanya,2
rKpNQwecniM,2026-05-01,Pidato Presiden Prabowo pada Peringatan Hari Buruh Internasional,bosan,2
rKpNQwecniM,2026-05-01,Pidato Presiden Prabowo pada Peringatan Hari Buruh Internasional,buddhaya,2
rKpNQwecniM,2026-05-01,Pidato Presiden Prabowo pada Peringatan Hari Buruh Internasional,bunganya,2
rKpNQwecniM,2026-05-01,Pidato Presiden Prabowo pada Peringatan Hari Buruh Internasional,dapat,2
rKpNQwecniM,2026-05-01,Pidato Presiden Prabowo pada Peringatan Hari Buruh Internasional,dekat,2
rKpNQwecniM,2026-05-01,Pidato Presiden Prabowo pada Peringatan Hari Buruh Internasional,depannya,2
rKpNQwecniM,2026-05-01,Pidato Presiden Prabowo pada Peringatan Hari Buruh Internasional,desa,2
rKpNQwecniM,2026-05-01,Pidato Presiden Prabowo pada Peringatan Hari Buruh Internasional,disampaikan,2
rKpNQwecniM,2026-05-01,Pidato Presiden Prabowo pada Peringatan Hari Buruh Internasional,dunia,2
rKpNQwecniM,2026-05-01,Pidato Presiden Prabowo pada Peringatan Hari Buruh Internasional,ee,2
rKpNQwecniM,2026-05-01,Pidato Presiden Prabowo pada Peringatan Hari Buruh Internasional,eh,2
rKpNQwecniM,2026-05-01,Pidato Presiden Prabowo pada Peringatan Hari Buruh Internasional,entah,2
rKpNQwecniM,2026-05-01,Pidato Presiden Prabowo pada Peringatan Hari Buruh Internasional,es,2
rKpNQwecniM,2026-05-01,Pidato Presiden Prabowo pada Peringatan Hari Buruh Internasional,habis,2
rKpNQwecniM,2026-05-01,Pidato Presiden Prabowo pada Peringatan Hari Buruh Internasional,hadiah,2
rKpNQwecniM,2026-05-01,Pidato Presiden Prabowo pada Peringatan Hari Buruh Internasional,hanya,2
rKpNQwecniM,2026-05-01,Pidato Presiden Prabowo pada Peringatan Hari Buruh Internasional,hektar,2
rKpNQwecniM,2026-05-01,Pidato Presiden Prabowo pada Peringatan Hari Buruh Internasional,hukum,2
rKpNQwecniM,2026-05-01,Pidato Presiden Prabowo pada Peringatan Hari Buruh Internasional,instruksi,2
rKpNQwecniM,2026-05-01,Pidato Presiden Prabowo pada Peringatan Hari Buruh Internasional,izin,2
rKpNQwecniM,2026-05-01,Pidato Presiden Prabowo pada Peringatan Hari Buruh Internasional,jelas,2
rKpNQwecniM,2026-05-01,Pidato Presiden Prabowo pada Peringatan Hari Buruh Internasional,jujur,2
rKpNQwecniM,2026-05-01,Pidato Presiden Prabowo pada Peringatan Hari Buruh Internasional,justru,2
rKpNQwecniM,2026-05-01,Pidato Presiden Prabowo pada Peringatan Hari Buruh Internasional,kadang-kadang,2
rKpNQwecniM,2026-05-01,Pidato Presiden Prabowo pada Peringatan Hari Buruh Internasional,kaya,2
rKpNQwecniM,2026-05-01,Pidato Presiden Prabowo pada Peringatan Hari Buruh Internasional,kebajikan,2
rKpNQwecniM,2026-05-01,Pidato Presiden Prabowo pada Peringatan Hari Buruh Internasional,kebijakan,2
rKpNQwecniM,2026-05-01,Pidato Presiden Prabowo pada Peringatan Hari Buruh Internasional,kebijakan-kebijakan,2
rKpNQwecniM,2026-05-01,Pidato Presiden Prabowo pada Peringatan Hari Buruh Internasional,kecelakaan,2
rKpNQwecniM,2026-05-01,Pidato Presiden Prabowo pada Peringatan Hari Buruh Internasional,kepala,2
rKpNQwecniM,2026-05-01,Pidato Presiden Prabowo pada Peringatan Hari Buruh Internasional,kesejahteraan,2
rKpNQwecniM,2026-05-01,Pidato Presiden Prabowo pada Peringatan Hari Buruh Internasional,kira,2
rKpNQwecniM,2026-05-01,Pidato Presiden Prabowo pada Peringatan Hari Buruh Internasional,kontrak,2
rKpNQwecniM,2026-05-01,Pidato Presiden Prabowo pada Peringatan Hari Buruh Internasional,kota-kota,2
rKpNQwecniM,2026-05-01,Pidato Presiden Prabowo pada Peringatan Hari Buruh Internasional,kuat,2
rKpNQwecniM,2026-05-01,Pidato Presiden Prabowo pada Peringatan Hari Buruh Internasional,kurang,2
rKpNQwecniM,2026-05-01,Pidato Presiden Prabowo pada Peringatan Hari Buruh Internasional,laksanakan,2
rKpNQwecniM,2026-05-01,Pidato Presiden Prabowo pada Peringatan Hari Buruh Internasional,lama,2
rKpNQwecniM,2026-05-01,Pidato Presiden Prabowo pada Peringatan Hari Buruh Internasional,lari,2
rKpNQwecniM,2026-05-01,Pidato Presiden Prabowo pada Peringatan Hari Buruh Internasional,lihat,2
rKpNQwecniM,2026-05-01,Pidato Presiden Prabowo pada Peringatan Hari Buruh Internasional,maksimal,2
rKpNQwecniM,2026-05-01,Pidato Presiden Prabowo pada Peringatan Hari Buruh Internasional,maunya,2
rKpNQwecniM,2026-05-01,Pidato Presiden Prabowo pada Peringatan Hari Buruh Internasional,mei,2
rKpNQwecniM,2026-05-01,Pidato Presiden Prabowo pada Peringatan Hari Buruh Internasional,membangun,2
rKpNQwecniM,2026-05-01,Pidato Presiden Prabowo pada Peringatan Hari Buruh Internasional,mempertaruhkan,2
rKpNQwecniM,2026-05-01,Pidato Presiden Prabowo pada Peringatan Hari Buruh Internasional,mengajak,2
rKpNQwecniM,2026-05-01,Pidato Presiden Prabowo pada Peringatan Hari Buruh Internasional,menguntungkan,2
rKpNQwecniM,2026-05-01,Pidato Presiden Prabowo pada Peringatan Hari Buruh Internasional,menseknek,2
rKpNQwecniM,2026-05-01,Pidato Presiden Prabowo pada Peringatan Hari Buruh Internasional,menyerah,2
rKpNQwecniM,2026-05-01,Pidato Presiden Prabowo pada Peringatan Hari Buruh Internasional,meresmikan,2
rKpNQwecniM,2026-05-01,Pidato Presiden Prabowo pada Peringatan Hari Buruh Internasional,minimal,2
rKpNQwecniM,2026-05-01,Pidato Presiden Prabowo pada Peringatan Hari Buruh Internasional,minta,2
rKpNQwecniM,2026-05-01,Pidato Presiden Prabowo pada Peringatan Hari Buruh Internasional,muhammad,2
rKpNQwecniM,2026-05-01,Pidato Presiden Prabowo pada Peringatan Hari Buruh Internasional,museum,2
rKpNQwecniM,2026-05-01,Pidato Presiden Prabowo pada Peringatan Hari Buruh Internasional,namo,2
rKpNQwecniM,2026-05-01,Pidato Presiden Prabowo pada Peringatan Hari Buruh Internasional,negeri,2
rKpNQwecniM,2026-05-01,Pidato Presiden Prabowo pada Peringatan Hari Buruh Internasional,orang-orang,2
rKpNQwecniM,2026-05-01,Pidato Presiden Prabowo pada Peringatan Hari Buruh Internasional,pangan,2
rKpNQwecniM,2026-05-01,Pidato Presiden Prabowo pada Peringatan Hari Buruh Internasional,pekerjaan,2
rKpNQwecniM,2026-05-01,Pidato Presiden Prabowo pada Peringatan Hari Buruh Internasional,penghasilan,2
rKpNQwecniM,2026-05-01,Pidato Presiden Prabowo pada Peringatan Hari Buruh Internasional,pengusaha,2
rKpNQwecniM,2026-05-01,Pidato Presiden Prabowo pada Peringatan Hari Buruh Internasional,pengusaha-pengusaha,2
rKpNQwecniM,2026-05-01,Pidato Presiden Prabowo pada Peringatan Hari Buruh Internasional,penting,2
rKpNQwecniM,2026-05-01,Pidato Presiden Prabowo pada Peringatan Hari Buruh Internasional,peraturan,2
rKpNQwecniM,2026-05-01,Pidato Presiden Prabowo pada Peringatan Hari Buruh Internasional,percayalah,2
rKpNQwecniM,2026-05-01,Pidato Presiden Prabowo pada Peringatan Hari Buruh Internasional,perikanan,2
rKpNQwecniM,2026-05-01,Pidato Presiden Prabowo pada Peringatan Hari Buruh Internasional,perlu,2
rKpNQwecniM,2026-05-01,Pidato Presiden Prabowo pada Peringatan Hari Buruh Internasional,pernah,2
rKpNQwecniM,2026-05-01,Pidato Presiden Prabowo pada Peringatan Hari Buruh Internasional,pertama,2
rKpNQwecniM,2026-05-01,Pidato Presiden Prabowo pada Peringatan Hari Buruh Internasional,perusahaan,2
rKpNQwecniM,2026-05-01,Pidato Presiden Prabowo pada Peringatan Hari Buruh Internasional,petani,2
rKpNQwecniM,2026-05-01,Pidato Presiden Prabowo pada Peringatan Hari Buruh Internasional,pikir,2
rKpNQwecniM,2026-05-01,Pidato Presiden Prabowo pada Peringatan Hari Buruh Internasional,pimpin,2
rKpNQwecniM,2026-05-01,Pidato Presiden Prabowo pada Peringatan Hari Buruh Internasional,pinjam,2
rKpNQwecniM,2026-05-01,Pidato Presiden Prabowo pada Peringatan Hari Buruh Internasional,presidennya,2
rKpNQwecniM,2026-05-01,Pidato Presiden Prabowo pada Peringatan Hari Buruh Internasional,punya,2
rKpNQwecniM,2026-05-01,Pidato Presiden Prabowo pada Peringatan Hari Buruh Internasional,ragu-ragu,2
rKpNQwecniM,2026-05-01,Pidato Presiden Prabowo pada Peringatan Hari Buruh Internasional,rahayu,2
rKpNQwecniM,2026-05-01,Pidato Presiden Prabowo pada Peringatan Hari Buruh Internasional,ribuan,2
rKpNQwecniM,2026-05-01,Pidato Presiden Prabowo pada Peringatan Hari Buruh Internasional,ringan,2
rKpNQwecniM,2026-05-01,Pidato Presiden Prabowo pada Peringatan Hari Buruh Internasional,salve,2
rKpNQwecniM,2026-05-01,Pidato Presiden Prabowo pada Peringatan Hari Buruh Internasional,satu,2
rKpNQwecniM,2026-05-01,Pidato Presiden Prabowo pada Peringatan Hari Buruh Internasional,segera,2
rKpNQwecniM,2026-05-01,Pidato Presiden Prabowo pada Peringatan Hari Buruh Internasional,sejarah,2
rKpNQwecniM,2026-05-01,Pidato Presiden Prabowo pada Peringatan Hari Buruh Internasional,sekian,2
rKpNQwecniM,2026-05-01,Pidato Presiden Prabowo pada Peringatan Hari Buruh Internasional,sembada,2
rKpNQwecniM,2026-05-01,Pidato Presiden Prabowo pada Peringatan Hari Buruh Internasional,semuanya,2
rKpNQwecniM,2026-05-01,Pidato Presiden Prabowo pada Peringatan Hari Buruh Internasional,serakah,2
rKpNQwecniM,2026-05-01,Pidato Presiden Prabowo pada Peringatan Hari Buruh Internasional,shalom,2
rKpNQwecniM,2026-05-01,Pidato Presiden Prabowo pada Peringatan Hari Buruh Internasional,supaya,2
rKpNQwecniM,2026-05-01,Pidato Presiden Prabowo pada Peringatan Hari Buruh Internasional,susu,2
rKpNQwecniM,2026-05-01,Pidato Presiden Prabowo pada Peringatan Hari Buruh Internasional,tambang,2
rKpNQwecniM,2026-05-01,Pidato Presiden Prabowo pada Peringatan Hari Buruh Internasional,tanda,2
rKpNQwecniM,2026-05-01,Pidato Presiden Prabowo pada Peringatan Hari Buruh Internasional,tangan,2
rKpNQwecniM,2026-05-01,Pidato Presiden Prabowo pada Peringatan Hari Buruh Internasional,tani,2
rKpNQwecniM,2026-05-01,Pidato Presiden Prabowo pada Peringatan Hari Buruh Internasional,tempat,2
rKpNQwecniM,2026-05-01,Pidato Presiden Prabowo pada Peringatan Hari Buruh Internasional,tentara,2
rKpNQwecniM,2026-05-01,Pidato Presiden Prabowo pada Peringatan Hari Buruh Internasional,teriak,2
rKpNQwecniM,2026-05-01,Pidato Presiden Prabowo pada Peringatan Hari Buruh Internasional,terutama,2
rKpNQwecniM,2026-05-01,Pidato Presiden Prabowo pada Peringatan Hari Buruh Internasional,transportasi,2
rKpNQwecniM,2026-05-01,Pidato Presiden Prabowo pada Peringatan Hari Buruh Internasional,udah,2
rKpNQwecniM,2026-05-01,Pidato Presiden Prabowo pada Peringatan Hari Buruh Internasional,umum,2
rKpNQwecniM,2026-05-01,Pidato Presiden Prabowo pada Peringatan Hari Buruh Internasional,usah,2
rKpNQwecniM,2026-05-01,Pidato Presiden Prabowo pada Peringatan Hari Buruh Internasional,waalaikumsalam,2
rKpNQwecniM,2026-05-01,Pidato Presiden Prabowo pada Peringatan Hari Buruh Internasional,warahmatullahi,2
rKpNQwecniM,2026-05-01,Pidato Presiden Prabowo pada Peringatan Hari Buruh Internasional,abdurrahman,1
rKpNQwecniM,2026-05-01,Pidato Presiden Prabowo pada Peringatan Hari Buruh Internasional,afrian,1
rKpNQwecniM,2026-05-01,Pidato Presiden Prabowo pada Peringatan Hari Buruh Internasional,agus,1
rKpNQwecniM,2026-05-01,Pidato Presiden Prabowo pada Peringatan Hari Buruh Internasional,akbar,1
rKpNQwecniM,2026-05-01,Pidato Presiden Prabowo pada Peringatan Hari Buruh Internasional,akhir,1
rKpNQwecniM,2026-05-01,Pidato Presiden Prabowo pada Peringatan Hari Buruh Internasional,akhirnya,1
rKpNQwecniM,2026-05-01,Pidato Presiden Prabowo pada Peringatan Hari Buruh Internasional,aktas,1
rKpNQwecniM,2026-05-01,Pidato Presiden Prabowo pada Peringatan Hari Buruh Internasional,allah,1
rKpNQwecniM,2026-05-01,Pidato Presiden Prabowo pada Peringatan Hari Buruh Internasional,allahu,1
rKpNQwecniM,2026-05-01,Pidato Presiden Prabowo pada Peringatan Hari Buruh Internasional,anung,1
rKpNQwecniM,2026-05-01,Pidato Presiden Prabowo pada Peringatan Hari Buruh Internasional,apakah,1
rKpNQwecniM,2026-05-01,Pidato Presiden Prabowo pada Peringatan Hari Buruh Internasional,api,1
rKpNQwecniM,2026-05-01,Pidato Presiden Prabowo pada Peringatan Hari Buruh Internasional,apindo,1
rKpNQwecniM,2026-05-01,Pidato Presiden Prabowo pada Peringatan Hari Buruh Internasional,aplikator,1
rKpNQwecniM,2026-05-01,Pidato Presiden Prabowo pada Peringatan Hari Buruh Internasional,ardiantoro,1
rKpNQwecniM,2026-05-01,Pidato Presiden Prabowo pada Peringatan Hari Buruh Internasional,asalamualaikum,1
rKpNQwecniM,2026-05-01,Pidato Presiden Prabowo pada Peringatan Hari Buruh Internasional,asuransi,1
rKpNQwecniM,2026-05-01,Pidato Presiden Prabowo pada Peringatan Hari Buruh Internasional,atas,1
rKpNQwecniM,2026-05-01,Pidato Presiden Prabowo pada Peringatan Hari Buruh Internasional,awak,1
rKpNQwecniM,2026-05-01,Pidato Presiden Prabowo pada Peringatan Hari Buruh Internasional,bacakan,1
rKpNQwecniM,2026-05-01,Pidato Presiden Prabowo pada Peringatan Hari Buruh Internasional,badan,1
rKpNQwecniM,2026-05-01,Pidato Presiden Prabowo pada Peringatan Hari Buruh Internasional,bahkan,1
rKpNQwecniM,2026-05-01,Pidato Presiden Prabowo pada Peringatan Hari Buruh Internasional,bambang,1
rKpNQwecniM,2026-05-01,Pidato Presiden Prabowo pada Peringatan Hari Buruh Internasional,bangsa,1
rKpNQwecniM,2026-05-01,Pidato Presiden Prabowo pada Peringatan Hari Buruh Internasional,bangun,1
rKpNQwecniM,2026-05-01,Pidato Presiden Prabowo pada Peringatan Hari Buruh Internasional,bank-bank,1
rKpNQwecniM,2026-05-01,Pidato Presiden Prabowo pada Peringatan Hari Buruh Internasional,bantu,1
rKpNQwecniM,2026-05-01,Pidato Presiden Prabowo pada Peringatan Hari Buruh Internasional,bawah,1
rKpNQwecniM,2026-05-01,Pidato Presiden Prabowo pada Peringatan Hari Buruh Internasional,bayangkan,1
rKpNQwecniM,2026-05-01,Pidato Presiden Prabowo pada Peringatan Hari Buruh Internasional,begitu,1
rKpNQwecniM,2026-05-01,Pidato Presiden Prabowo pada Peringatan Hari Buruh Internasional,belajar,1
rKpNQwecniM,2026-05-01,Pidato Presiden Prabowo pada Peringatan Hari Buruh Internasional,belakang,1
rKpNQwecniM,2026-05-01,Pidato Presiden Prabowo pada Peringatan Hari Buruh Internasional,benar,1
rKpNQwecniM,2026-05-01,Pidato Presiden Prabowo pada Peringatan Hari Buruh Internasional,benci,1
rKpNQwecniM,2026-05-01,Pidato Presiden Prabowo pada Peringatan Hari Buruh Internasional,berangkat,1
rKpNQwecniM,2026-05-01,Pidato Presiden Prabowo pada Peringatan Hari Buruh Internasional,berarti,1
rKpNQwecniM,2026-05-01,Pidato Presiden Prabowo pada Peringatan Hari Buruh Internasional,berdiri,1
rKpNQwecniM,2026-05-01,Pidato Presiden Prabowo pada Peringatan Hari Buruh Internasional,beredar,1
rKpNQwecniM,2026-05-01,Pidato Presiden Prabowo pada Peringatan Hari Buruh Internasional,bergizi,1
rKpNQwecniM,2026-05-01,Pidato Presiden Prabowo pada Peringatan Hari Buruh Internasional,berharap,1
rKpNQwecniM,2026-05-01,Pidato Presiden Prabowo pada Peringatan Hari Buruh Internasional,beri,1
rKpNQwecniM,2026-05-01,Pidato Presiden Prabowo pada Peringatan Hari Buruh Internasional,berkali-kali,1
rKpNQwecniM,2026-05-01,Pidato Presiden Prabowo pada Peringatan Hari Buruh Internasional,berkembang,1
rKpNQwecniM,2026-05-01,Pidato Presiden Prabowo pada Peringatan Hari Buruh Internasional,berkumpul,1
rKpNQwecniM,2026-05-01,Pidato Presiden Prabowo pada Peringatan Hari Buruh Internasional,bermanfaat,1
rKpNQwecniM,2026-05-01,Pidato Presiden Prabowo pada Peringatan Hari Buruh Internasional,berpenghasilan,1
rKpNQwecniM,2026-05-01,Pidato Presiden Prabowo pada Peringatan Hari Buruh Internasional,berpihak,1
rKpNQwecniM,2026-05-01,Pidato Presiden Prabowo pada Peringatan Hari Buruh Internasional,berpikir,1
rKpNQwecniM,2026-05-01,Pidato Presiden Prabowo pada Peringatan Hari Buruh Internasional,bersejarah,1
rKpNQwecniM,2026-05-01,Pidato Presiden Prabowo pada Peringatan Hari Buruh Internasional,bersubsidi,1
rKpNQwecniM,2026-05-01,Pidato Presiden Prabowo pada Peringatan Hari Buruh Internasional,bersumpah,1
rKpNQwecniM,2026-05-01,Pidato Presiden Prabowo pada Peringatan Hari Buruh Internasional,bersyukur,1
rKpNQwecniM,2026-05-01,Pidato Presiden Prabowo pada Peringatan Hari Buruh Internasional,bertekad,1
rKpNQwecniM,2026-05-01,Pidato Presiden Prabowo pada Peringatan Hari Buruh Internasional,berusaha,1
rKpNQwecniM,2026-05-01,Pidato Presiden Prabowo pada Peringatan Hari Buruh Internasional,biasa,1
rKpNQwecniM,2026-05-01,Pidato Presiden Prabowo pada Peringatan Hari Buruh Internasional,bicara,1
rKpNQwecniM,2026-05-01,Pidato Presiden Prabowo pada Peringatan Hari Buruh Internasional,bis,1
rKpNQwecniM,2026-05-01,Pidato Presiden Prabowo pada Peringatan Hari Buruh Internasional,bonus,1
rKpNQwecniM,2026-05-01,Pidato Presiden Prabowo pada Peringatan Hari Buruh Internasional,bowonya,1
rKpNQwecniM,2026-05-01,Pidato Presiden Prabowo pada Peringatan Hari Buruh Internasional,brengsek,1
rKpNQwecniM,2026-05-01,Pidato Presiden Prabowo pada Peringatan Hari Buruh Internasional,buka,1
rKpNQwecniM,2026-05-01,Pidato Presiden Prabowo pada Peringatan Hari Buruh Internasional,bulan,1
rKpNQwecniM,2026-05-01,Pidato Presiden Prabowo pada Peringatan Hari Buruh Internasional,bumn,1
rKpNQwecniM,2026-05-01,Pidato Presiden Prabowo pada Peringatan Hari Buruh Internasional,cicil,1
rKpNQwecniM,2026-05-01,Pidato Presiden Prabowo pada Peringatan Hari Buruh Internasional,cicilnya,1
rKpNQwecniM,2026-05-01,Pidato Presiden Prabowo pada Peringatan Hari Buruh Internasional,coba,1
rKpNQwecniM,2026-05-01,Pidato Presiden Prabowo pada Peringatan Hari Buruh Internasional,curi,1
rKpNQwecniM,2026-05-01,Pidato Presiden Prabowo pada Peringatan Hari Buruh Internasional,daerah,1
rKpNQwecniM,2026-05-01,Pidato Presiden Prabowo pada Peringatan Hari Buruh Internasional,daftarnya,1
rKpNQwecniM,2026-05-01,Pidato Presiden Prabowo pada Peringatan Hari Buruh Internasional,daging,1
rKpNQwecniM,2026-05-01,Pidato Presiden Prabowo pada Peringatan Hari Buruh Internasional,dangdut,1
rKpNQwecniM,2026-05-01,Pidato Presiden Prabowo pada Peringatan Hari Buruh Internasional,dasko,1
rKpNQwecniM,2026-05-01,Pidato Presiden Prabowo pada Peringatan Hari Buruh Internasional,data-data,1
rKpNQwecniM,2026-05-01,Pidato Presiden Prabowo pada Peringatan Hari Buruh Internasional,day,1
rKpNQwecniM,2026-05-01,Pidato Presiden Prabowo pada Peringatan Hari Buruh Internasional,dayare,1
rKpNQwecniM,2026-05-01,Pidato Presiden Prabowo pada Peringatan Hari Buruh Internasional,daycare,1
rKpNQwecniM,2026-05-01,Pidato Presiden Prabowo pada Peringatan Hari Buruh Internasional,dengar,1
rKpNQwecniM,2026-05-01,Pidato Presiden Prabowo pada Peringatan Hari Buruh Internasional,depan,1
rKpNQwecniM,2026-05-01,Pidato Presiden Prabowo pada Peringatan Hari Buruh Internasional,dewan,1
rKpNQwecniM,2026-05-01,Pidato Presiden Prabowo pada Peringatan Hari Buruh Internasional,dewasa,1
rKpNQwecniM,2026-05-01,Pidato Presiden Prabowo pada Peringatan Hari Buruh Internasional,diabsen,1
rKpNQwecniM,2026-05-01,Pidato Presiden Prabowo pada Peringatan Hari Buruh Internasional,diambil,1
rKpNQwecniM,2026-05-01,Pidato Presiden Prabowo pada Peringatan Hari Buruh Internasional,diancam,1
rKpNQwecniM,2026-05-01,Pidato Presiden Prabowo pada Peringatan Hari Buruh Internasional,dibayar,1
rKpNQwecniM,2026-05-01,Pidato Presiden Prabowo pada Peringatan Hari Buruh Internasional,diberikan,1
rKpNQwecniM,2026-05-01,Pidato Presiden Prabowo pada Peringatan Hari Buruh Internasional,dibikin,1
rKpNQwecniM,2026-05-01,Pidato Presiden Prabowo pada Peringatan Hari Buruh Internasional,dibuat,1
rKpNQwecniM,2026-05-01,Pidato Presiden Prabowo pada Peringatan Hari Buruh Internasional,dicolong,1
rKpNQwecniM,2026-05-01,Pidato Presiden Prabowo pada Peringatan Hari Buruh Internasional,dirampok,1
rKpNQwecniM,2026-05-01,Pidato Presiden Prabowo pada Peringatan Hari Buruh Internasional,direktur,1
rKpNQwecniM,2026-05-01,Pidato Presiden Prabowo pada Peringatan Hari Buruh Internasional,disabilitas,1
rKpNQwecniM,2026-05-01,Pidato Presiden Prabowo pada Peringatan Hari Buruh Internasional,disebut,1
rKpNQwecniM,2026-05-01,Pidato Presiden Prabowo pada Peringatan Hari Buruh Internasional,disetor,1
rKpNQwecniM,2026-05-01,Pidato Presiden Prabowo pada Peringatan Hari Buruh Internasional,disiapkan,1
rKpNQwecniM,2026-05-01,Pidato Presiden Prabowo pada Peringatan Hari Buruh Internasional,diskon,1
rKpNQwecniM,2026-05-01,Pidato Presiden Prabowo pada Peringatan Hari Buruh Internasional,diundang,1
rKpNQwecniM,2026-05-01,Pidato Presiden Prabowo pada Peringatan Hari Buruh Internasional,diurus,1
rKpNQwecniM,2026-05-01,Pidato Presiden Prabowo pada Peringatan Hari Buruh Internasional,dki,1
rKpNQwecniM,2026-05-01,Pidato Presiden Prabowo pada Peringatan Hari Buruh Internasional,dpr,1
rKpNQwecniM,2026-05-01,Pidato Presiden Prabowo pada Peringatan Hari Buruh Internasional,dudung,1
rKpNQwecniM,2026-05-01,Pidato Presiden Prabowo pada Peringatan Hari Buruh Internasional,duit,1
rKpNQwecniM,2026-05-01,Pidato Presiden Prabowo pada Peringatan Hari Buruh Internasional,dukungan,1
rKpNQwecniM,2026-05-01,Pidato Presiden Prabowo pada Peringatan Hari Buruh Internasional,e,1
rKpNQwecniM,2026-05-01,Pidato Presiden Prabowo pada Peringatan Hari Buruh Internasional,eko,1
rKpNQwecniM,2026-05-01,Pidato Presiden Prabowo pada Peringatan Hari Buruh Internasional,eli,1
rKpNQwecniM,2026-05-01,Pidato Presiden Prabowo pada Peringatan Hari Buruh Internasional,elit-elit,1
rKpNQwecniM,2026-05-01,Pidato Presiden Prabowo pada Peringatan Hari Buruh Internasional,emak-emak,1
rKpNQwecniM,2026-05-01,Pidato Presiden Prabowo pada Peringatan Hari Buruh Internasional,empat,1
rKpNQwecniM,2026-05-01,Pidato Presiden Prabowo pada Peringatan Hari Buruh Internasional,enak,1
rKpNQwecniM,2026-05-01,Pidato Presiden Prabowo pada Peringatan Hari Buruh Internasional,energi,1
rKpNQwecniM,2026-05-01,Pidato Presiden Prabowo pada Peringatan Hari Buruh Internasional,fasilitas,1
rKpNQwecniM,2026-05-01,Pidato Presiden Prabowo pada Peringatan Hari Buruh Internasional,ganin,1
rKpNQwecniM,2026-05-01,Pidato Presiden Prabowo pada Peringatan Hari Buruh Internasional,gentar,1
rKpNQwecniM,2026-05-01,Pidato Presiden Prabowo pada Peringatan Hari Buruh Internasional,gilanya,1
rKpNQwecniM,2026-05-01,Pidato Presiden Prabowo pada Peringatan Hari Buruh Internasional,gimana,1
rKpNQwecniM,2026-05-01,Pidato Presiden Prabowo pada Peringatan Hari Buruh Internasional,gimanaikasi,1
rKpNQwecniM,2026-05-01,Pidato Presiden Prabowo pada Peringatan Hari Buruh Internasional,gizi,1
rKpNQwecniM,2026-05-01,Pidato Presiden Prabowo pada Peringatan Hari Buruh Internasional,gubernur,1
rKpNQwecniM,2026-05-01,Pidato Presiden Prabowo pada Peringatan Hari Buruh Internasional,had,1
rKpNQwecniM,2026-05-01,Pidato Presiden Prabowo pada Peringatan Hari Buruh Internasional,hadi,1
rKpNQwecniM,2026-05-01,Pidato Presiden Prabowo pada Peringatan Hari Buruh Internasional,halal,1
rKpNQwecniM,2026-05-01,Pidato Presiden Prabowo pada Peringatan Hari Buruh Internasional,hampir,1
rKpNQwecniM,2026-05-01,Pidato Presiden Prabowo pada Peringatan Hari Buruh Internasional,harga,1
rKpNQwecniM,2026-05-01,Pidato Presiden Prabowo pada Peringatan Hari Buruh Internasional,heran,1
rKpNQwecniM,2026-05-01,Pidato Presiden Prabowo pada Peringatan Hari Buruh Internasional,hidayat,1
rKpNQwecniM,2026-05-01,Pidato Presiden Prabowo pada Peringatan Hari Buruh Internasional,hipmi,1
rKpNQwecniM,2026-05-01,Pidato Presiden Prabowo pada Peringatan Hari Buruh Internasional,hormati,1
rKpNQwecniM,2026-05-01,Pidato Presiden Prabowo pada Peringatan Hari Buruh Internasional,hubungan,1
rKpNQwecniM,2026-05-01,Pidato Presiden Prabowo pada Peringatan Hari Buruh Internasional,ibu,1
rKpNQwecniM,2026-05-01,Pidato Presiden Prabowo pada Peringatan Hari Buruh Internasional,ibu-ibu,1
rKpNQwecniM,2026-05-01,Pidato Presiden Prabowo pada Peringatan Hari Buruh Internasional,ikan,1
rKpNQwecniM,2026-05-01,Pidato Presiden Prabowo pada Peringatan Hari Buruh Internasional,ikhlas,1
rKpNQwecniM,2026-05-01,Pidato Presiden Prabowo pada Peringatan Hari Buruh Internasional,ikut,1
rKpNQwecniM,2026-05-01,Pidato Presiden Prabowo pada Peringatan Hari Buruh Internasional,ilegal,1
rKpNQwecniM,2026-05-01,Pidato Presiden Prabowo pada Peringatan Hari Buruh Internasional,ilham,1
rKpNQwecniM,2026-05-01,Pidato Presiden Prabowo pada Peringatan Hari Buruh Internasional,indrawijaya,1
rKpNQwecniM,2026-05-01,Pidato Presiden Prabowo pada Peringatan Hari Buruh Internasional,industri,1
rKpNQwecniM,2026-05-01,Pidato Presiden Prabowo pada Peringatan Hari Buruh Internasional,international,1
rKpNQwecniM,2026-05-01,Pidato Presiden Prabowo pada Peringatan Hari Buruh Internasional,iqbal,1
rKpNQwecniM,2026-05-01,Pidato Presiden Prabowo pada Peringatan Hari Buruh Internasional,istri,1
rKpNQwecniM,2026-05-01,Pidato Presiden Prabowo pada Peringatan Hari Buruh Internasional,istrinya,1
rKpNQwecniM,2026-05-01,Pidato Presiden Prabowo pada Peringatan Hari Buruh Internasional,iuran,1
rKpNQwecniM,2026-05-01,Pidato Presiden Prabowo pada Peringatan Hari Buruh Internasional,iya,1
rKpNQwecniM,2026-05-01,Pidato Presiden Prabowo pada Peringatan Hari Buruh Internasional,jawa,1
rKpNQwecniM,2026-05-01,Pidato Presiden Prabowo pada Peringatan Hari Buruh Internasional,jiwanya,1
rKpNQwecniM,2026-05-01,Pidato Presiden Prabowo pada Peringatan Hari Buruh Internasional,jumhur,1
rKpNQwecniM,2026-05-01,Pidato Presiden Prabowo pada Peringatan Hari Buruh Internasional,juri,1
rKpNQwecniM,2026-05-01,Pidato Presiden Prabowo pada Peringatan Hari Buruh Internasional,jutaan,1
rKpNQwecniM,2026-05-01,Pidato Presiden Prabowo pada Peringatan Hari Buruh Internasional,kabinat,1
rKpNQwecniM,2026-05-01,Pidato Presiden Prabowo pada Peringatan Hari Buruh Internasional,kabinet,1
rKpNQwecniM,2026-05-01,Pidato Presiden Prabowo pada Peringatan Hari Buruh Internasional,kadin,1
rKpNQwecniM,2026-05-01,Pidato Presiden Prabowo pada Peringatan Hari Buruh Internasional,kaget,1
rKpNQwecniM,2026-05-01,Pidato Presiden Prabowo pada Peringatan Hari Buruh Internasional,kalah,1
rKpNQwecniM,2026-05-01,Pidato Presiden Prabowo pada Peringatan Hari Buruh Internasional,kapal,1
rKpNQwecniM,2026-05-01,Pidato Presiden Prabowo pada Peringatan Hari Buruh Internasional,kapal-kapal,1
rKpNQwecniM,2026-05-01,Pidato Presiden Prabowo pada Peringatan Hari Buruh Internasional,kapolri,1
rKpNQwecniM,2026-05-01,Pidato Presiden Prabowo pada Peringatan Hari Buruh Internasional,kartu,1
rKpNQwecniM,2026-05-01,Pidato Presiden Prabowo pada Peringatan Hari Buruh Internasional,katakan,1
rKpNQwecniM,2026-05-01,Pidato Presiden Prabowo pada Peringatan Hari Buruh Internasional,kau,1
rKpNQwecniM,2026-05-01,Pidato Presiden Prabowo pada Peringatan Hari Buruh Internasional,kawasan-kawasan,1
rKpNQwecniM,2026-05-01,Pidato Presiden Prabowo pada Peringatan Hari Buruh Internasional,kayanya,1
rKpNQwecniM,2026-05-01,Pidato Presiden Prabowo pada Peringatan Hari Buruh Internasional,keadaan,1
rKpNQwecniM,2026-05-01,Pidato Presiden Prabowo pada Peringatan Hari Buruh Internasional,keadilan,1
rKpNQwecniM,2026-05-01,Pidato Presiden Prabowo pada Peringatan Hari Buruh Internasional,kebun,1
rKpNQwecniM,2026-05-01,Pidato Presiden Prabowo pada Peringatan Hari Buruh Internasional,kehadirat,1
rKpNQwecniM,2026-05-01,Pidato Presiden Prabowo pada Peringatan Hari Buruh Internasional,kehormatan,1
rKpNQwecniM,2026-05-01,Pidato Presiden Prabowo pada Peringatan Hari Buruh Internasional,kekayaannya,1
rKpNQwecniM,2026-05-01,Pidato Presiden Prabowo pada Peringatan Hari Buruh Internasional,kelola,1
rKpNQwecniM,2026-05-01,Pidato Presiden Prabowo pada Peringatan Hari Buruh Internasional,kemakmuran,1
rKpNQwecniM,2026-05-01,Pidato Presiden Prabowo pada Peringatan Hari Buruh Internasional,kematian,1
rKpNQwecniM,2026-05-01,Pidato Presiden Prabowo pada Peringatan Hari Buruh Internasional,kepercayaan,1
rKpNQwecniM,2026-05-01,Pidato Presiden Prabowo pada Peringatan Hari Buruh Internasional,keputusan,1
rKpNQwecniM,2026-05-01,Pidato Presiden Prabowo pada Peringatan Hari Buruh Internasional,keras,1
rKpNQwecniM,2026-05-01,Pidato Presiden Prabowo pada Peringatan Hari Buruh Internasional,kereta,1
rKpNQwecniM,2026-05-01,Pidato Presiden Prabowo pada Peringatan Hari Buruh Internasional,keringat,1
rKpNQwecniM,2026-05-01,Pidato Presiden Prabowo pada Peringatan Hari Buruh Internasional,keringatnya,1
rKpNQwecniM,2026-05-01,Pidato Presiden Prabowo pada Peringatan Hari Buruh Internasional,kesempatan,1
rKpNQwecniM,2026-05-01,Pidato Presiden Prabowo pada Peringatan Hari Buruh Internasional,kluster-kluster,1
rKpNQwecniM,2026-05-01,Pidato Presiden Prabowo pada Peringatan Hari Buruh Internasional,kok,1
rKpNQwecniM,2026-05-01,Pidato Presiden Prabowo pada Peringatan Hari Buruh Internasional,kolonel,1
rKpNQwecniM,2026-05-01,Pidato Presiden Prabowo pada Peringatan Hari Buruh Internasional,komunikasi,1
rKpNQwecniM,2026-05-01,Pidato Presiden Prabowo pada Peringatan Hari Buruh Internasional,konvensi,1
rKpNQwecniM,2026-05-01,Pidato Presiden Prabowo pada Peringatan Hari Buruh Internasional,kota,1
rKpNQwecniM,2026-05-01,Pidato Presiden Prabowo pada Peringatan Hari Buruh Internasional,kredit,1
rKpNQwecniM,2026-05-01,Pidato Presiden Prabowo pada Peringatan Hari Buruh Internasional,krisis,1
rKpNQwecniM,2026-05-01,Pidato Presiden Prabowo pada Peringatan Hari Buruh Internasional,kucurkan,1
rKpNQwecniM,2026-05-01,Pidato Presiden Prabowo pada Peringatan Hari Buruh Internasional,kurangi,1
rKpNQwecniM,2026-05-01,Pidato Presiden Prabowo pada Peringatan Hari Buruh Internasional,kurir,1
rKpNQwecniM,2026-05-01,Pidato Presiden Prabowo pada Peringatan Hari Buruh Internasional,labor,1
rKpNQwecniM,2026-05-01,Pidato Presiden Prabowo pada Peringatan Hari Buruh Internasional,lain,1
rKpNQwecniM,2026-05-01,Pidato Presiden Prabowo pada Peringatan Hari Buruh Internasional,lainnya,1
rKpNQwecniM,2026-05-01,Pidato Presiden Prabowo pada Peringatan Hari Buruh Internasional,lancar,1
rKpNQwecniM,2026-05-01,Pidato Presiden Prabowo pada Peringatan Hari Buruh Internasional,lapangan,1
rKpNQwecniM,2026-05-01,Pidato Presiden Prabowo pada Peringatan Hari Buruh Internasional,lapar,1
rKpNQwecniM,2026-05-01,Pidato Presiden Prabowo pada Peringatan Hari Buruh Internasional,lek,1
rKpNQwecniM,2026-05-01,Pidato Presiden Prabowo pada Peringatan Hari Buruh Internasional,lembaga,1
rKpNQwecniM,2026-05-01,Pidato Presiden Prabowo pada Peringatan Hari Buruh Internasional,letnan,1
rKpNQwecniM,2026-05-01,Pidato Presiden Prabowo pada Peringatan Hari Buruh Internasional,lingkungan,1
rKpNQwecniM,2026-05-01,Pidato Presiden Prabowo pada Peringatan Hari Buruh Internasional,listio,1
rKpNQwecniM,2026-05-01,Pidato Presiden Prabowo pada Peringatan Hari Buruh Internasional,liza,1
rKpNQwecniM,2026-05-01,Pidato Presiden Prabowo pada Peringatan Hari Buruh Internasional,lunas,1
rKpNQwecniM,2026-05-01,Pidato Presiden Prabowo pada Peringatan Hari Buruh Internasional,madia,1
rKpNQwecniM,2026-05-01,Pidato Presiden Prabowo pada Peringatan Hari Buruh Internasional,maha,1
rKpNQwecniM,2026-05-01,Pidato Presiden Prabowo pada Peringatan Hari Buruh Internasional,majelis,1
rKpNQwecniM,2026-05-01,Pidato Presiden Prabowo pada Peringatan Hari Buruh Internasional,makan,1
rKpNQwecniM,2026-05-01,Pidato Presiden Prabowo pada Peringatan Hari Buruh Internasional,maling,1
rKpNQwecniM,2026-05-01,Pidato Presiden Prabowo pada Peringatan Hari Buruh Internasional,maling-maling,1
rKpNQwecniM,2026-05-01,Pidato Presiden Prabowo pada Peringatan Hari Buruh Internasional,mandat,1
rKpNQwecniM,2026-05-01,Pidato Presiden Prabowo pada Peringatan Hari Buruh Internasional,marilah,1
rKpNQwecniM,2026-05-01,Pidato Presiden Prabowo pada Peringatan Hari Buruh Internasional,marsin,1
rKpNQwecniM,2026-05-01,Pidato Presiden Prabowo pada Peringatan Hari Buruh Internasional,marsinah,1
rKpNQwecniM,2026-05-01,Pidato Presiden Prabowo pada Peringatan Hari Buruh Internasional,masa,1
rKpNQwecniM,2026-05-01,Pidato Presiden Prabowo pada Peringatan Hari Buruh Internasional,maskal,1
rKpNQwecniM,2026-05-01,Pidato Presiden Prabowo pada Peringatan Hari Buruh Internasional,mau,1
rKpNQwecniM,2026-05-01,Pidato Presiden Prabowo pada Peringatan Hari Buruh Internasional,melaporkan,1
rKpNQwecniM,2026-05-01,Pidato Presiden Prabowo pada Peringatan Hari Buruh Internasional,melaut,1
rKpNQwecniM,2026-05-01,Pidato Presiden Prabowo pada Peringatan Hari Buruh Internasional,melihat,1
rKpNQwecniM,2026-05-01,Pidato Presiden Prabowo pada Peringatan Hari Buruh Internasional,melindungi,1
rKpNQwecniM,2026-05-01,Pidato Presiden Prabowo pada Peringatan Hari Buruh Internasional,melunasi,1
rKpNQwecniM,2026-05-01,Pidato Presiden Prabowo pada Peringatan Hari Buruh Internasional,memastikan,1
rKpNQwecniM,2026-05-01,Pidato Presiden Prabowo pada Peringatan Hari Buruh Internasional,membutuhkan,1
rKpNQwecniM,2026-05-01,Pidato Presiden Prabowo pada Peringatan Hari Buruh Internasional,memerlukan,1
rKpNQwecniM,2026-05-01,Pidato Presiden Prabowo pada Peringatan Hari Buruh Internasional,memperluas,1
rKpNQwecniM,2026-05-01,Pidato Presiden Prabowo pada Peringatan Hari Buruh Internasional,menaikkan,1
rKpNQwecniM,2026-05-01,Pidato Presiden Prabowo pada Peringatan Hari Buruh Internasional,menciptakan,1
rKpNQwecniM,2026-05-01,Pidato Presiden Prabowo pada Peringatan Hari Buruh Internasional,mendukung,1
rKpNQwecniM,2026-05-01,Pidato Presiden Prabowo pada Peringatan Hari Buruh Internasional,mengalami,1
rKpNQwecniM,2026-05-01,Pidato Presiden Prabowo pada Peringatan Hari Buruh Internasional,mengambil,1
rKpNQwecniM,2026-05-01,Pidato Presiden Prabowo pada Peringatan Hari Buruh Internasional,mengangkat,1
rKpNQwecniM,2026-05-01,Pidato Presiden Prabowo pada Peringatan Hari Buruh Internasional,mengatakan,1
rKpNQwecniM,2026-05-01,Pidato Presiden Prabowo pada Peringatan Hari Buruh Internasional,mengatur,1
rKpNQwecniM,2026-05-01,Pidato Presiden Prabowo pada Peringatan Hari Buruh Internasional,mengeluarkan,1
rKpNQwecniM,2026-05-01,Pidato Presiden Prabowo pada Peringatan Hari Buruh Internasional,menggambarkan,1
rKpNQwecniM,2026-05-01,Pidato Presiden Prabowo pada Peringatan Hari Buruh Internasional,menghasilkan,1
rKpNQwecniM,2026-05-01,Pidato Presiden Prabowo pada Peringatan Hari Buruh Internasional,menghormati,1
rKpNQwecniM,2026-05-01,Pidato Presiden Prabowo pada Peringatan Hari Buruh Internasional,menilai,1
rKpNQwecniM,2026-05-01,Pidato Presiden Prabowo pada Peringatan Hari Buruh Internasional,menjabat,1
rKpNQwecniM,2026-05-01,Pidato Presiden Prabowo pada Peringatan Hari Buruh Internasional,menjadi,1
rKpNQwecniM,2026-05-01,Pidato Presiden Prabowo pada Peringatan Hari Buruh Internasional,menjaga,1
rKpNQwecniM,2026-05-01,Pidato Presiden Prabowo pada Peringatan Hari Buruh Internasional,menjamin,1
rKpNQwecniM,2026-05-01,Pidato Presiden Prabowo pada Peringatan Hari Buruh Internasional,mensahkan,1
rKpNQwecniM,2026-05-01,Pidato Presiden Prabowo pada Peringatan Hari Buruh Internasional,menyadari,1
rKpNQwecniM,2026-05-01,Pidato Presiden Prabowo pada Peringatan Hari Buruh Internasional,menyusun,1
rKpNQwecniM,2026-05-01,Pidato Presiden Prabowo pada Peringatan Hari Buruh Internasional,merasakan,1
rKpNQwecniM,2026-05-01,Pidato Presiden Prabowo pada Peringatan Hari Buruh Internasional,mereka-mereka,1
rKpNQwecniM,2026-05-01,Pidato Presiden Prabowo pada Peringatan Hari Buruh Internasional,merekalah,1
rKpNQwecniM,2026-05-01,Pidato Presiden Prabowo pada Peringatan Hari Buruh Internasional,migran,1
rKpNQwecniM,2026-05-01,Pidato Presiden Prabowo pada Peringatan Hari Buruh Internasional,milik,1
rKpNQwecniM,2026-05-01,Pidato Presiden Prabowo pada Peringatan Hari Buruh Internasional,miliki,1
rKpNQwecniM,2026-05-01,Pidato Presiden Prabowo pada Peringatan Hari Buruh Internasional,minimum,1
rKpNQwecniM,2026-05-01,Pidato Presiden Prabowo pada Peringatan Hari Buruh Internasional,mitigasi,1
rKpNQwecniM,2026-05-01,Pidato Presiden Prabowo pada Peringatan Hari Buruh Internasional,muda,1
rKpNQwecniM,2026-05-01,Pidato Presiden Prabowo pada Peringatan Hari Buruh Internasional,mukhtarudin,1
rKpNQwecniM,2026-05-01,Pidato Presiden Prabowo pada Peringatan Hari Buruh Internasional,mulai,1
rKpNQwecniM,2026-05-01,Pidato Presiden Prabowo pada Peringatan Hari Buruh Internasional,mulia,1
rKpNQwecniM,2026-05-01,Pidato Presiden Prabowo pada Peringatan Hari Buruh Internasional,muzani,1
rKpNQwecniM,2026-05-01,Pidato Presiden Prabowo pada Peringatan Hari Buruh Internasional,nah,1
rKpNQwecniM,2026-05-01,Pidato Presiden Prabowo pada Peringatan Hari Buruh Internasional,naik,1
rKpNQwecniM,2026-05-01,Pidato Presiden Prabowo pada Peringatan Hari Buruh Internasional,namanya,1
rKpNQwecniM,2026-05-01,Pidato Presiden Prabowo pada Peringatan Hari Buruh Internasional,nasional,1
rKpNQwecniM,2026-05-01,Pidato Presiden Prabowo pada Peringatan Hari Buruh Internasional,nganjuk,1
rKpNQwecniM,2026-05-01,Pidato Presiden Prabowo pada Peringatan Hari Buruh Internasional,ngelundo,1
rKpNQwecniM,2026-05-01,Pidato Presiden Prabowo pada Peringatan Hari Buruh Internasional,ngerampok,1
rKpNQwecniM,2026-05-01,Pidato Presiden Prabowo pada Peringatan Hari Buruh Internasional,nih,1
rKpNQwecniM,2026-05-01,Pidato Presiden Prabowo pada Peringatan Hari Buruh Internasional,nkri,1
rKpNQwecniM,2026-05-01,Pidato Presiden Prabowo pada Peringatan Hari Buruh Internasional,nyawa,1
rKpNQwecniM,2026-05-01,Pidato Presiden Prabowo pada Peringatan Hari Buruh Internasional,olahraga,1
rKpNQwecniM,2026-05-01,Pidato Presiden Prabowo pada Peringatan Hari Buruh Internasional,online,1
rKpNQwecniM,2026-05-01,Pidato Presiden Prabowo pada Peringatan Hari Buruh Internasional,organisasi,1
rKpNQwecniM,2026-05-01,Pidato Presiden Prabowo pada Peringatan Hari Buruh Internasional,organization,1
rKpNQwecniM,2026-05-01,Pidato Presiden Prabowo pada Peringatan Hari Buruh Internasional,pabrik,1
rKpNQwecniM,2026-05-01,Pidato Presiden Prabowo pada Peringatan Hari Buruh Internasional,pada,1
rKpNQwecniM,2026-05-01,Pidato Presiden Prabowo pada Peringatan Hari Buruh Internasional,pagi,1
rKpNQwecniM,2026-05-01,Pidato Presiden Prabowo pada Peringatan Hari Buruh Internasional,pahlawan,1
rKpNQwecniM,2026-05-01,Pidato Presiden Prabowo pada Peringatan Hari Buruh Internasional,pak,1
rKpNQwecniM,2026-05-01,Pidato Presiden Prabowo pada Peringatan Hari Buruh Internasional,paling,1
rKpNQwecniM,2026-05-01,Pidato Presiden Prabowo pada Peringatan Hari Buruh Internasional,pangkat,1
rKpNQwecniM,2026-05-01,Pidato Presiden Prabowo pada Peringatan Hari Buruh Internasional,panglima,1
rKpNQwecniM,2026-05-01,Pidato Presiden Prabowo pada Peringatan Hari Buruh Internasional,panik,1
rKpNQwecniM,2026-05-01,Pidato Presiden Prabowo pada Peringatan Hari Buruh Internasional,partai,1
rKpNQwecniM,2026-05-01,Pidato Presiden Prabowo pada Peringatan Hari Buruh Internasional,partainya,1
rKpNQwecniM,2026-05-01,Pidato Presiden Prabowo pada Peringatan Hari Buruh Internasional,patrea,1
rKpNQwecniM,2026-05-01,Pidato Presiden Prabowo pada Peringatan Hari Buruh Internasional,pejabat-pejabat,1
rKpNQwecniM,2026-05-01,Pidato Presiden Prabowo pada Peringatan Hari Buruh Internasional,pekerja-pekerja,1
rKpNQwecniM,2026-05-01,Pidato Presiden Prabowo pada Peringatan Hari Buruh Internasional,pembagian,1
rKpNQwecniM,2026-05-01,Pidato Presiden Prabowo pada Peringatan Hari Buruh Internasional,pembangunan,1
rKpNQwecniM,2026-05-01,Pidato Presiden Prabowo pada Peringatan Hari Buruh Internasional,pembantu,1
rKpNQwecniM,2026-05-01,Pidato Presiden Prabowo pada Peringatan Hari Buruh Internasional,pembentukan,1
rKpNQwecniM,2026-05-01,Pidato Presiden Prabowo pada Peringatan Hari Buruh Internasional,pemimpin,1
rKpNQwecniM,2026-05-01,Pidato Presiden Prabowo pada Peringatan Hari Buruh Internasional,pemutusan,1
rKpNQwecniM,2026-05-01,Pidato Presiden Prabowo pada Peringatan Hari Buruh Internasional,pendapatan,1
rKpNQwecniM,2026-05-01,Pidato Presiden Prabowo pada Peringatan Hari Buruh Internasional,penerima,1
rKpNQwecniM,2026-05-01,Pidato Presiden Prabowo pada Peringatan Hari Buruh Internasional,pengalaman,1
rKpNQwecniM,2026-05-01,Pidato Presiden Prabowo pada Peringatan Hari Buruh Internasional,pengin,1
rKpNQwecniM,2026-05-01,Pidato Presiden Prabowo pada Peringatan Hari Buruh Internasional,penitipan,1
rKpNQwecniM,2026-05-01,Pidato Presiden Prabowo pada Peringatan Hari Buruh Internasional,pensiun,1
rKpNQwecniM,2026-05-01,Pidato Presiden Prabowo pada Peringatan Hari Buruh Internasional,perbaiki,1
rKpNQwecniM,2026-05-01,Pidato Presiden Prabowo pada Peringatan Hari Buruh Internasional,perhatikan,1
rKpNQwecniM,2026-05-01,Pidato Presiden Prabowo pada Peringatan Hari Buruh Internasional,perhitungan,1
rKpNQwecniM,2026-05-01,Pidato Presiden Prabowo pada Peringatan Hari Buruh Internasional,permusatan,1
rKpNQwecniM,2026-05-01,Pidato Presiden Prabowo pada Peringatan Hari Buruh Internasional,pernawirawan,1
rKpNQwecniM,2026-05-01,Pidato Presiden Prabowo pada Peringatan Hari Buruh Internasional,persatuan,1
rKpNQwecniM,2026-05-01,Pidato Presiden Prabowo pada Peringatan Hari Buruh Internasional,perundungan,1
rKpNQwecniM,2026-05-01,Pidato Presiden Prabowo pada Peringatan Hari Buruh Internasional,perwakilan,1
rKpNQwecniM,2026-05-01,Pidato Presiden Prabowo pada Peringatan Hari Buruh Internasional,petani-petani,1
rKpNQwecniM,2026-05-01,Pidato Presiden Prabowo pada Peringatan Hari Buruh Internasional,phk,1
rKpNQwecniM,2026-05-01,Pidato Presiden Prabowo pada Peringatan Hari Buruh Internasional,pimpinan-pimpinan,1
rKpNQwecniM,2026-05-01,Pidato Presiden Prabowo pada Peringatan Hari Buruh Internasional,polisi,1
rKpNQwecniM,2026-05-01,Pidato Presiden Prabowo pada Peringatan Hari Buruh Internasional,prabowo,1
rKpNQwecniM,2026-05-01,Pidato Presiden Prabowo pada Peringatan Hari Buruh Internasional,pramono,1
rKpNQwecniM,2026-05-01,Pidato Presiden Prabowo pada Peringatan Hari Buruh Internasional,prasetyo,1
rKpNQwecniM,2026-05-01,Pidato Presiden Prabowo pada Peringatan Hari Buruh Internasional,prof,1
rKpNQwecniM,2026-05-01,Pidato Presiden Prabowo pada Peringatan Hari Buruh Internasional,profesor,1
rKpNQwecniM,2026-05-01,Pidato Presiden Prabowo pada Peringatan Hari Buruh Internasional,purnawirowan,1
rKpNQwecniM,2026-05-01,Pidato Presiden Prabowo pada Peringatan Hari Buruh Internasional,qodari,1
rKpNQwecniM,2026-05-01,Pidato Presiden Prabowo pada Peringatan Hari Buruh Internasional,rancangan,1
rKpNQwecniM,2026-05-01,Pidato Presiden Prabowo pada Peringatan Hari Buruh Internasional,ratifikasi,1
rKpNQwecniM,2026-05-01,Pidato Presiden Prabowo pada Peringatan Hari Buruh Internasional,raya,1
rKpNQwecniM,2026-05-01,Pidato Presiden Prabowo pada Peringatan Hari Buruh Internasional,rencanakan,1
rKpNQwecniM,2026-05-01,Pidato Presiden Prabowo pada Peringatan Hari Buruh Internasional,rendah,1
rKpNQwecniM,2026-05-01,Pidato Presiden Prabowo pada Peringatan Hari Buruh Internasional,rosita,1
rKpNQwecniM,2026-05-01,Pidato Presiden Prabowo pada Peringatan Hari Buruh Internasional,rumah-rumah,1
rKpNQwecniM,2026-05-01,Pidato Presiden Prabowo pada Peringatan Hari Buruh Internasional,rumahmu,1
rKpNQwecniM,2026-05-01,Pidato Presiden Prabowo pada Peringatan Hari Buruh Internasional,sahkan,1
rKpNQwecniM,2026-05-01,Pidato Presiden Prabowo pada Peringatan Hari Buruh Internasional,said,1
rKpNQwecniM,2026-05-01,Pidato Presiden Prabowo pada Peringatan Hari Buruh Internasional,saja,1
rKpNQwecniM,2026-05-01,Pidato Presiden Prabowo pada Peringatan Hari Buruh Internasional,sakit,1
rKpNQwecniM,2026-05-01,Pidato Presiden Prabowo pada Peringatan Hari Buruh Internasional,salah,1
rKpNQwecniM,2026-05-01,Pidato Presiden Prabowo pada Peringatan Hari Buruh Internasional,sasaran,1
rKpNQwecniM,2026-05-01,Pidato Presiden Prabowo pada Peringatan Hari Buruh Internasional,satu-satu,1
rKpNQwecniM,2026-05-01,Pidato Presiden Prabowo pada Peringatan Hari Buruh Internasional,satuan,1
rKpNQwecniM,2026-05-01,Pidato Presiden Prabowo pada Peringatan Hari Buruh Internasional,saudari,1
rKpNQwecniM,2026-05-01,Pidato Presiden Prabowo pada Peringatan Hari Buruh Internasional,sayur,1
rKpNQwecniM,2026-05-01,Pidato Presiden Prabowo pada Peringatan Hari Buruh Internasional,sebagai,1
rKpNQwecniM,2026-05-01,Pidato Presiden Prabowo pada Peringatan Hari Buruh Internasional,sebagian,1
rKpNQwecniM,2026-05-01,Pidato Presiden Prabowo pada Peringatan Hari Buruh Internasional,seben,1
rKpNQwecniM,2026-05-01,Pidato Presiden Prabowo pada Peringatan Hari Buruh Internasional,sebentar,1
rKpNQwecniM,2026-05-01,Pidato Presiden Prabowo pada Peringatan Hari Buruh Internasional,sebesar,1
rKpNQwecniM,2026-05-01,Pidato Presiden Prabowo pada Peringatan Hari Buruh Internasional,sebut,1
rKpNQwecniM,2026-05-01,Pidato Presiden Prabowo pada Peringatan Hari Buruh Internasional,sedih,1
rKpNQwecniM,2026-05-01,Pidato Presiden Prabowo pada Peringatan Hari Buruh Internasional,segalanya,1
rKpNQwecniM,2026-05-01,Pidato Presiden Prabowo pada Peringatan Hari Buruh Internasional,sekali,1
rKpNQwecniM,2026-05-01,Pidato Presiden Prabowo pada Peringatan Hari Buruh Internasional,sekolah,1
rKpNQwecniM,2026-05-01,Pidato Presiden Prabowo pada Peringatan Hari Buruh Internasional,selesai,1
rKpNQwecniM,2026-05-01,Pidato Presiden Prabowo pada Peringatan Hari Buruh Internasional,selesaikan,1
rKpNQwecniM,2026-05-01,Pidato Presiden Prabowo pada Peringatan Hari Buruh Internasional,selnya,1
rKpNQwecniM,2026-05-01,Pidato Presiden Prabowo pada Peringatan Hari Buruh Internasional,sendiri,1
rKpNQwecniM,2026-05-01,Pidato Presiden Prabowo pada Peringatan Hari Buruh Internasional,sesingkat-singkatnya,1
rKpNQwecniM,2026-05-01,Pidato Presiden Prabowo pada Peringatan Hari Buruh Internasional,sesuai,1
rKpNQwecniM,2026-05-01,Pidato Presiden Prabowo pada Peringatan Hari Buruh Internasional,setahun,1
rKpNQwecniM,2026-05-01,Pidato Presiden Prabowo pada Peringatan Hari Buruh Internasional,setelah,1
rKpNQwecniM,2026-05-01,Pidato Presiden Prabowo pada Peringatan Hari Buruh Internasional,sigit,1
rKpNQwecniM,2026-05-01,Pidato Presiden Prabowo pada Peringatan Hari Buruh Internasional,silaban,1
rKpNQwecniM,2026-05-01,Pidato Presiden Prabowo pada Peringatan Hari Buruh Internasional,sini,1
rKpNQwecniM,2026-05-01,Pidato Presiden Prabowo pada Peringatan Hari Buruh Internasional,sore,1
rKpNQwecniM,2026-05-01,Pidato Presiden Prabowo pada Peringatan Hari Buruh Internasional,sosial,1
rKpNQwecniM,2026-05-01,Pidato Presiden Prabowo pada Peringatan Hari Buruh Internasional,staf,1
rKpNQwecniM,2026-05-01,Pidato Presiden Prabowo pada Peringatan Hari Buruh Internasional,sua,1
rKpNQwecniM,2026-05-01,Pidato Presiden Prabowo pada Peringatan Hari Buruh Internasional,suara,1
rKpNQwecniM,2026-05-01,Pidato Presiden Prabowo pada Peringatan Hari Buruh Internasional,subhanahu,1
rKpNQwecniM,2026-05-01,Pidato Presiden Prabowo pada Peringatan Hari Buruh Internasional,subianto,1
rKpNQwecniM,2026-05-01,Pidato Presiden Prabowo pada Peringatan Hari Buruh Internasional,sugiono,1
rKpNQwecniM,2026-05-01,Pidato Presiden Prabowo pada Peringatan Hari Buruh Internasional,suharianto,1
rKpNQwecniM,2026-05-01,Pidato Presiden Prabowo pada Peringatan Hari Buruh Internasional,sulit,1
rKpNQwecniM,2026-05-01,Pidato Presiden Prabowo pada Peringatan Hari Buruh Internasional,supratman,1
rKpNQwecniM,2026-05-01,Pidato Presiden Prabowo pada Peringatan Hari Buruh Internasional,susun,1
rKpNQwecniM,2026-05-01,Pidato Presiden Prabowo pada Peringatan Hari Buruh Internasional,swas,1
rKpNQwecniM,2026-05-01,Pidato Presiden Prabowo pada Peringatan Hari Buruh Internasional,swasembada,1
rKpNQwecniM,2026-05-01,Pidato Presiden Prabowo pada Peringatan Hari Buruh Internasional,swasta,1
rKpNQwecniM,2026-05-01,Pidato Presiden Prabowo pada Peringatan Hari Buruh Internasional,swastiastu,1
rKpNQwecniM,2026-05-01,Pidato Presiden Prabowo pada Peringatan Hari Buruh Internasional,syah,1
rKpNQwecniM,2026-05-01,Pidato Presiden Prabowo pada Peringatan Hari Buruh Internasional,syahnur,1
rKpNQwecniM,2026-05-01,Pidato Presiden Prabowo pada Peringatan Hari Buruh Internasional,taala,1
rKpNQwecniM,2026-05-01,Pidato Presiden Prabowo pada Peringatan Hari Buruh Internasional,tahu,1
rKpNQwecniM,2026-05-01,Pidato Presiden Prabowo pada Peringatan Hari Buruh Internasional,tangannya,1
rKpNQwecniM,2026-05-01,Pidato Presiden Prabowo pada Peringatan Hari Buruh Internasional,tanya,1
rKpNQwecniM,2026-05-01,Pidato Presiden Prabowo pada Peringatan Hari Buruh Internasional,tedi,1
rKpNQwecniM,2026-05-01,Pidato Presiden Prabowo pada Peringatan Hari Buruh Internasional,tekad,1
rKpNQwecniM,2026-05-01,Pidato Presiden Prabowo pada Peringatan Hari Buruh Internasional,telur,1
rKpNQwecniM,2026-05-01,Pidato Presiden Prabowo pada Peringatan Hari Buruh Internasional,tengah-tengah,1
rKpNQwecniM,2026-05-01,Pidato Presiden Prabowo pada Peringatan Hari Buruh Internasional,terdiri,1
rKpNQwecniM,2026-05-01,Pidato Presiden Prabowo pada Peringatan Hari Buruh Internasional,terharu,1
rKpNQwecniM,2026-05-01,Pidato Presiden Prabowo pada Peringatan Hari Buruh Internasional,terjangkau,1
rKpNQwecniM,2026-05-01,Pidato Presiden Prabowo pada Peringatan Hari Buruh Internasional,terpanggil,1
rKpNQwecniM,2026-05-01,Pidato Presiden Prabowo pada Peringatan Hari Buruh Internasional,tersebut,1
rKpNQwecniM,2026-05-01,Pidato Presiden Prabowo pada Peringatan Hari Buruh Internasional,tertinggal,1
rKpNQwecniM,2026-05-01,Pidato Presiden Prabowo pada Peringatan Hari Buruh Internasional,terus-menerus,1
rKpNQwecniM,2026-05-01,Pidato Presiden Prabowo pada Peringatan Hari Buruh Internasional,timur,1
rKpNQwecniM,2026-05-01,Pidato Presiden Prabowo pada Peringatan Hari Buruh Internasional,tinggi,1
rKpNQwecniM,2026-05-01,Pidato Presiden Prabowo pada Peringatan Hari Buruh Internasional,transport,1
rKpNQwecniM,2026-05-01,Pidato Presiden Prabowo pada Peringatan Hari Buruh Internasional,triliun,1
rKpNQwecniM,2026-05-01,Pidato Presiden Prabowo pada Peringatan Hari Buruh Internasional,tuhan,1
rKpNQwecniM,2026-05-01,Pidato Presiden Prabowo pada Peringatan Hari Buruh Internasional,tutup,1
rKpNQwecniM,2026-05-01,Pidato Presiden Prabowo pada Peringatan Hari Buruh Internasional,ucapan,1
rKpNQwecniM,2026-05-01,Pidato Presiden Prabowo pada Peringatan Hari Buruh Internasional,umumkan,1
rKpNQwecniM,2026-05-01,Pidato Presiden Prabowo pada Peringatan Hari Buruh Internasional,undangan,1
rKpNQwecniM,2026-05-01,Pidato Presiden Prabowo pada Peringatan Hari Buruh Internasional,usia,1
rKpNQwecniM,2026-05-01,Pidato Presiden Prabowo pada Peringatan Hari Buruh Internasional,utama,1
rKpNQwecniM,2026-05-01,Pidato Presiden Prabowo pada Peringatan Hari Buruh Internasional,wa,1
rKpNQwecniM,2026-05-01,Pidato Presiden Prabowo pada Peringatan Hari Buruh Internasional,waktu,1
rKpNQwecniM,2026-05-01,Pidato Presiden Prabowo pada Peringatan Hari Buruh Internasional,warahmatullah,1
rKpNQwecniM,2026-05-01,Pidato Presiden Prabowo pada Peringatan Hari Buruh Internasional,wasalamualaikum,1
rKpNQwecniM,2026-05-01,Pidato Presiden Prabowo pada Peringatan Hari Buruh Internasional,wibowo,1
rKpNQwecniM,2026-05-01,Pidato Presiden Prabowo pada Peringatan Hari Buruh Internasional,yakinkan,1
rKpNQwecniM,2026-05-01,Pidato Presiden Prabowo pada Peringatan Hari Buruh Internasional,yasierli,1
VyPCSPnxbaE,2026-03-11,Pidato Presiden Prabowo di Tasyakuran HUT ke-1 Danantara,kita,60
VyPCSPnxbaE,2026-03-11,Pidato Presiden Prabowo di Tasyakuran HUT ke-1 Danantara,yang,47
VyPCSPnxbaE,2026-03-11,Pidato Presiden Prabowo di Tasyakuran HUT ke-1 Danantara,saya,37
VyPCSPnxbaE,2026-03-11,Pidato Presiden Prabowo di Tasyakuran HUT ke-1 Danantara,dan,35
VyPCSPnxbaE,2026-03-11,Pidato Presiden Prabowo di Tasyakuran HUT ke-1 Danantara,ini,22
VyPCSPnxbaE,2026-03-11,Pidato Presiden Prabowo di Tasyakuran HUT ke-1 Danantara,di,21
VyPCSPnxbaE,2026-03-11,Pidato Presiden Prabowo di Tasyakuran HUT ke-1 Danantara,saudara-saudara,16
VyPCSPnxbaE,2026-03-11,Pidato Presiden Prabowo di Tasyakuran HUT ke-1 Danantara,dari,14
VyPCSPnxbaE,2026-03-11,Pidato Presiden Prabowo di Tasyakuran HUT ke-1 Danantara,negara,14
VyPCSPnxbaE,2026-03-11,Pidato Presiden Prabowo di Tasyakuran HUT ke-1 Danantara,dengan,12
VyPCSPnxbaE,2026-03-11,Pidato Presiden Prabowo di Tasyakuran HUT ke-1 Danantara,ee,12
VyPCSPnxbaE,2026-03-11,Pidato Presiden Prabowo di Tasyakuran HUT ke-1 Danantara,punya,12
VyPCSPnxbaE,2026-03-11,Pidato Presiden Prabowo di Tasyakuran HUT ke-1 Danantara,adalah,11
VyPCSPnxbaE,2026-03-11,Pidato Presiden Prabowo di Tasyakuran HUT ke-1 Danantara,baik,11
VyPCSPnxbaE,2026-03-11,Pidato Presiden Prabowo di Tasyakuran HUT ke-1 Danantara,tidak,11
VyPCSPnxbaE,2026-03-11,Pidato Presiden Prabowo di Tasyakuran HUT ke-1 Danantara,akan,10
VyPCSPnxbaE,2026-03-11,Pidato Presiden Prabowo di Tasyakuran HUT ke-1 Danantara,antara,10
VyPCSPnxbaE,2026-03-11,Pidato Presiden Prabowo di Tasyakuran HUT ke-1 Danantara,bangsa,10
VyPCSPnxbaE,2026-03-11,Pidato Presiden Prabowo di Tasyakuran HUT ke-1 Danantara,itu,10
VyPCSPnxbaE,2026-03-11,Pidato Presiden Prabowo di Tasyakuran HUT ke-1 Danantara,kalau,10
VyPCSPnxbaE,2026-03-11,Pidato Presiden Prabowo di Tasyakuran HUT ke-1 Danantara,perusahaan,10
VyPCSPnxbaE,2026-03-11,Pidato Presiden Prabowo di Tasyakuran HUT ke-1 Danantara,sudah,9
VyPCSPnxbaE,2026-03-11,Pidato Presiden Prabowo di Tasyakuran HUT ke-1 Danantara,tahun,9
VyPCSPnxbaE,2026-03-11,Pidato Presiden Prabowo di Tasyakuran HUT ke-1 Danantara,dalam,8
VyPCSPnxbaE,2026-03-11,Pidato Presiden Prabowo di Tasyakuran HUT ke-1 Danantara,manajemen,8
VyPCSPnxbaE,2026-03-11,Pidato Presiden Prabowo di Tasyakuran HUT ke-1 Danantara,semua,8
VyPCSPnxbaE,2026-03-11,Pidato Presiden Prabowo di Tasyakuran HUT ke-1 Danantara,bahwa,7
VyPCSPnxbaE,2026-03-11,Pidato Presiden Prabowo di Tasyakuran HUT ke-1 Danantara,bisa,7
VyPCSPnxbaE,2026-03-11,Pidato Presiden Prabowo di Tasyakuran HUT ke-1 Danantara,cukup,7
VyPCSPnxbaE,2026-03-11,Pidato Presiden Prabowo di Tasyakuran HUT ke-1 Danantara,dunia,7
VyPCSPnxbaE,2026-03-11,Pidato Presiden Prabowo di Tasyakuran HUT ke-1 Danantara,indonesia,7
VyPCSPnxbaE,2026-03-11,Pidato Presiden Prabowo di Tasyakuran HUT ke-1 Danantara,tapi,7
VyPCSPnxbaE,2026-03-11,Pidato Presiden Prabowo di Tasyakuran HUT ke-1 Danantara,ya,7
VyPCSPnxbaE,2026-03-11,Pidato Presiden Prabowo di Tasyakuran HUT ke-1 Danantara,harus,6
VyPCSPnxbaE,2026-03-11,Pidato Presiden Prabowo di Tasyakuran HUT ke-1 Danantara,juga,6
VyPCSPnxbaE,2026-03-11,Pidato Presiden Prabowo di Tasyakuran HUT ke-1 Danantara,laporan,6
VyPCSPnxbaE,2026-03-11,Pidato Presiden Prabowo di Tasyakuran HUT ke-1 Danantara,satu,6
VyPCSPnxbaE,2026-03-11,Pidato Presiden Prabowo di Tasyakuran HUT ke-1 Danantara,sekalian,6
VyPCSPnxbaE,2026-03-11,Pidato Presiden Prabowo di Tasyakuran HUT ke-1 Danantara,banyak,5
VyPCSPnxbaE,2026-03-11,Pidato Presiden Prabowo di Tasyakuran HUT ke-1 Danantara,bersyukur,5
VyPCSPnxbaE,2026-03-11,Pidato Presiden Prabowo di Tasyakuran HUT ke-1 Danantara,danantara,5
VyPCSPnxbaE,2026-03-11,Pidato Presiden Prabowo di Tasyakuran HUT ke-1 Danantara,krisis,5
VyPCSPnxbaE,2026-03-11,Pidato Presiden Prabowo di Tasyakuran HUT ke-1 Danantara,kuat,5
VyPCSPnxbaE,2026-03-11,Pidato Presiden Prabowo di Tasyakuran HUT ke-1 Danantara,lagi,5
VyPCSPnxbaE,2026-03-11,Pidato Presiden Prabowo di Tasyakuran HUT ke-1 Danantara,lebih,5
VyPCSPnxbaE,2026-03-11,Pidato Presiden Prabowo di Tasyakuran HUT ke-1 Danantara,mendirikan,5
VyPCSPnxbaE,2026-03-11,Pidato Presiden Prabowo di Tasyakuran HUT ke-1 Danantara,mengerti,5
VyPCSPnxbaE,2026-03-11,Pidato Presiden Prabowo di Tasyakuran HUT ke-1 Danantara,mungkin,5
VyPCSPnxbaE,2026-03-11,Pidato Presiden Prabowo di Tasyakuran HUT ke-1 Danantara,return,5
VyPCSPnxbaE,2026-03-11,Pidato Presiden Prabowo di Tasyakuran HUT ke-1 Danantara,selamat,5
VyPCSPnxbaE,2026-03-11,Pidato Presiden Prabowo di Tasyakuran HUT ke-1 Danantara,suatu,5
VyPCSPnxbaE,2026-03-11,Pidato Presiden Prabowo di Tasyakuran HUT ke-1 Danantara,ada,4
VyPCSPnxbaE,2026-03-11,Pidato Presiden Prabowo di Tasyakuran HUT ke-1 Danantara,benar,4
VyPCSPnxbaE,2026-03-11,Pidato Presiden Prabowo di Tasyakuran HUT ke-1 Danantara,cucu,4
VyPCSPnxbaE,2026-03-11,Pidato Presiden Prabowo di Tasyakuran HUT ke-1 Danantara,depan,4
VyPCSPnxbaE,2026-03-11,Pidato Presiden Prabowo di Tasyakuran HUT ke-1 Danantara,energi,4
VyPCSPnxbaE,2026-03-11,Pidato Presiden Prabowo di Tasyakuran HUT ke-1 Danantara,fund,4
VyPCSPnxbaE,2026-03-11,Pidato Presiden Prabowo di Tasyakuran HUT ke-1 Danantara,karena,4
VyPCSPnxbaE,2026-03-11,Pidato Presiden Prabowo di Tasyakuran HUT ke-1 Danantara,kasih,4
VyPCSPnxbaE,2026-03-11,Pidato Presiden Prabowo di Tasyakuran HUT ke-1 Danantara,keluar,4
VyPCSPnxbaE,2026-03-11,Pidato Presiden Prabowo di Tasyakuran HUT ke-1 Danantara,kepada,4
VyPCSPnxbaE,2026-03-11,Pidato Presiden Prabowo di Tasyakuran HUT ke-1 Danantara,keras,4
VyPCSPnxbaE,2026-03-11,Pidato Presiden Prabowo di Tasyakuran HUT ke-1 Danantara,kira,4
VyPCSPnxbaE,2026-03-11,Pidato Presiden Prabowo di Tasyakuran HUT ke-1 Danantara,kris,4
VyPCSPnxbaE,2026-03-11,Pidato Presiden Prabowo di Tasyakuran HUT ke-1 Danantara,masa,4
VyPCSPnxbaE,2026-03-11,Pidato Presiden Prabowo di Tasyakuran HUT ke-1 Danantara,masih,4
VyPCSPnxbaE,2026-03-11,Pidato Presiden Prabowo di Tasyakuran HUT ke-1 Danantara,mereka,4
VyPCSPnxbaE,2026-03-11,Pidato Presiden Prabowo di Tasyakuran HUT ke-1 Danantara,nanti,4
VyPCSPnxbaE,2026-03-11,Pidato Presiden Prabowo di Tasyakuran HUT ke-1 Danantara,oleh,4
VyPCSPnxbaE,2026-03-11,Pidato Presiden Prabowo di Tasyakuran HUT ke-1 Danantara,on,4
VyPCSPnxbaE,2026-03-11,Pidato Presiden Prabowo di Tasyakuran HUT ke-1 Danantara,pengawas,4
VyPCSPnxbaE,2026-03-11,Pidato Presiden Prabowo di Tasyakuran HUT ke-1 Danantara,pertama,4
VyPCSPnxbaE,2026-03-11,Pidato Presiden Prabowo di Tasyakuran HUT ke-1 Danantara,seluruh,4
VyPCSPnxbaE,2026-03-11,Pidato Presiden Prabowo di Tasyakuran HUT ke-1 Danantara,terima,4
VyPCSPnxbaE,2026-03-11,Pidato Presiden Prabowo di Tasyakuran HUT ke-1 Danantara,yakin,4
VyPCSPnxbaE,2026-03-11,Pidato Presiden Prabowo di Tasyakuran HUT ke-1 Danantara,anak,3
VyPCSPnxbaE,2026-03-11,Pidato Presiden Prabowo di Tasyakuran HUT ke-1 Danantara,asset,3
VyPCSPnxbaE,2026-03-11,Pidato Presiden Prabowo di Tasyakuran HUT ke-1 Danantara,atas,3
VyPCSPnxbaE,2026-03-11,Pidato Presiden Prabowo di Tasyakuran HUT ke-1 Danantara,besar,3
VyPCSPnxbaE,2026-03-11,Pidato Presiden Prabowo di Tasyakuran HUT ke-1 Danantara,bumn,3
VyPCSPnxbaE,2026-03-11,Pidato Presiden Prabowo di Tasyakuran HUT ke-1 Danantara,dapat,3
VyPCSPnxbaE,2026-03-11,Pidato Presiden Prabowo di Tasyakuran HUT ke-1 Danantara,dewan,3
VyPCSPnxbaE,2026-03-11,Pidato Presiden Prabowo di Tasyakuran HUT ke-1 Danantara,diberi,3
VyPCSPnxbaE,2026-03-11,Pidato Presiden Prabowo di Tasyakuran HUT ke-1 Danantara,dolar,3
VyPCSPnxbaE,2026-03-11,Pidato Presiden Prabowo di Tasyakuran HUT ke-1 Danantara,jadi,3
VyPCSPnxbaE,2026-03-11,Pidato Presiden Prabowo di Tasyakuran HUT ke-1 Danantara,jauh,3
VyPCSPnxbaE,2026-03-11,Pidato Presiden Prabowo di Tasyakuran HUT ke-1 Danantara,ke,3
VyPCSPnxbaE,2026-03-11,Pidato Presiden Prabowo di Tasyakuran HUT ke-1 Danantara,kekayaan,3
VyPCSPnxbaE,2026-03-11,Pidato Presiden Prabowo di Tasyakuran HUT ke-1 Danantara,mampu,3
VyPCSPnxbaE,2026-03-11,Pidato Presiden Prabowo di Tasyakuran HUT ke-1 Danantara,mengelola,3
VyPCSPnxbaE,2026-03-11,Pidato Presiden Prabowo di Tasyakuran HUT ke-1 Danantara,miliar,3
VyPCSPnxbaE,2026-03-11,Pidato Presiden Prabowo di Tasyakuran HUT ke-1 Danantara,minimal,3
VyPCSPnxbaE,2026-03-11,Pidato Presiden Prabowo di Tasyakuran HUT ke-1 Danantara,om,3
VyPCSPnxbaE,2026-03-11,Pidato Presiden Prabowo di Tasyakuran HUT ke-1 Danantara,para,3
VyPCSPnxbaE,2026-03-11,Pidato Presiden Prabowo di Tasyakuran HUT ke-1 Danantara,peluang,3
VyPCSPnxbaE,2026-03-11,Pidato Presiden Prabowo di Tasyakuran HUT ke-1 Danantara,pengarahan,3
VyPCSPnxbaE,2026-03-11,Pidato Presiden Prabowo di Tasyakuran HUT ke-1 Danantara,penuh,3
VyPCSPnxbaE,2026-03-11,Pidato Presiden Prabowo di Tasyakuran HUT ke-1 Danantara,prestasi,3
VyPCSPnxbaE,2026-03-11,Pidato Presiden Prabowo di Tasyakuran HUT ke-1 Danantara,pun,3
VyPCSPnxbaE,2026-03-11,Pidato Presiden Prabowo di Tasyakuran HUT ke-1 Danantara,salam,3
VyPCSPnxbaE,2026-03-11,Pidato Presiden Prabowo di Tasyakuran HUT ke-1 Danantara,santi,3
VyPCSPnxbaE,2026-03-11,Pidato Presiden Prabowo di Tasyakuran HUT ke-1 Danantara,saudara,3
VyPCSPnxbaE,2026-03-11,Pidato Presiden Prabowo di Tasyakuran HUT ke-1 Danantara,sekarang,3
VyPCSPnxbaE,2026-03-11,Pidato Presiden Prabowo di Tasyakuran HUT ke-1 Danantara,selalu,3
VyPCSPnxbaE,2026-03-11,Pidato Presiden Prabowo di Tasyakuran HUT ke-1 Danantara,setuju,3
VyPCSPnxbaE,2026-03-11,Pidato Presiden Prabowo di Tasyakuran HUT ke-1 Danantara,sovereign,3
VyPCSPnxbaE,2026-03-11,Pidato Presiden Prabowo di Tasyakuran HUT ke-1 Danantara,ternyata,3
VyPCSPnxbaE,2026-03-11,Pidato Presiden Prabowo di Tasyakuran HUT ke-1 Danantara,terus,3
VyPCSPnxbaE,2026-03-11,Pidato Presiden Prabowo di Tasyakuran HUT ke-1 Danantara,untuk,3
VyPCSPnxbaE,2026-03-11,Pidato Presiden Prabowo di Tasyakuran HUT ke-1 Danantara,will,3
VyPCSPnxbaE,2026-03-11,Pidato Presiden Prabowo di Tasyakuran HUT ke-1 Danantara,yaitu,3
VyPCSPnxbaE,2026-03-11,Pidato Presiden Prabowo di Tasyakuran HUT ke-1 Danantara,anagata,2
VyPCSPnxbaE,2026-03-11,Pidato Presiden Prabowo di Tasyakuran HUT ke-1 Danantara,aneh,2
VyPCSPnxbaE,2026-03-11,Pidato Presiden Prabowo di Tasyakuran HUT ke-1 Danantara,aset,2
VyPCSPnxbaE,2026-03-11,Pidato Presiden Prabowo di Tasyakuran HUT ke-1 Danantara,azan,2
VyPCSPnxbaE,2026-03-11,Pidato Presiden Prabowo di Tasyakuran HUT ke-1 Danantara,bagus,2
VyPCSPnxbaE,2026-03-11,Pidato Presiden Prabowo di Tasyakuran HUT ke-1 Danantara,baru,2
VyPCSPnxbaE,2026-03-11,Pidato Presiden Prabowo di Tasyakuran HUT ke-1 Danantara,belum,2
VyPCSPnxbaE,2026-03-11,Pidato Presiden Prabowo di Tasyakuran HUT ke-1 Danantara,berapa,2
VyPCSPnxbaE,2026-03-11,Pidato Presiden Prabowo di Tasyakuran HUT ke-1 Danantara,boleh,2
VyPCSPnxbaE,2026-03-11,Pidato Presiden Prabowo di Tasyakuran HUT ke-1 Danantara,cicit,2
VyPCSPnxbaE,2026-03-11,Pidato Presiden Prabowo di Tasyakuran HUT ke-1 Danantara,darah,2
VyPCSPnxbaE,2026-03-11,Pidato Presiden Prabowo di Tasyakuran HUT ke-1 Danantara,daya,2
VyPCSPnxbaE,2026-03-11,Pidato Presiden Prabowo di Tasyakuran HUT ke-1 Danantara,diaudit,2
VyPCSPnxbaE,2026-03-11,Pidato Presiden Prabowo di Tasyakuran HUT ke-1 Danantara,dukung,2
VyPCSPnxbaE,2026-03-11,Pidato Presiden Prabowo di Tasyakuran HUT ke-1 Danantara,hadir,2
VyPCSPnxbaE,2026-03-11,Pidato Presiden Prabowo di Tasyakuran HUT ke-1 Danantara,industri,2
VyPCSPnxbaE,2026-03-11,Pidato Presiden Prabowo di Tasyakuran HUT ke-1 Danantara,ingin,2
VyPCSPnxbaE,2026-03-11,Pidato Presiden Prabowo di Tasyakuran HUT ke-1 Danantara,itikat,2
VyPCSPnxbaE,2026-03-11,Pidato Presiden Prabowo di Tasyakuran HUT ke-1 Danantara,jaga,2
VyPCSPnxbaE,2026-03-11,Pidato Presiden Prabowo di Tasyakuran HUT ke-1 Danantara,jiwa,2
VyPCSPnxbaE,2026-03-11,Pidato Presiden Prabowo di Tasyakuran HUT ke-1 Danantara,kaget,2
VyPCSPnxbaE,2026-03-11,Pidato Presiden Prabowo di Tasyakuran HUT ke-1 Danantara,keadaan,2
VyPCSPnxbaE,2026-03-11,Pidato Presiden Prabowo di Tasyakuran HUT ke-1 Danantara,kekuatan,2
VyPCSPnxbaE,2026-03-11,Pidato Presiden Prabowo di Tasyakuran HUT ke-1 Danantara,kertas,2
VyPCSPnxbaE,2026-03-11,Pidato Presiden Prabowo di Tasyakuran HUT ke-1 Danantara,khusus,2
VyPCSPnxbaE,2026-03-11,Pidato Presiden Prabowo di Tasyakuran HUT ke-1 Danantara,konsolidasi,2
VyPCSPnxbaE,2026-03-11,Pidato Presiden Prabowo di Tasyakuran HUT ke-1 Danantara,kuasa,2
VyPCSPnxbaE,2026-03-11,Pidato Presiden Prabowo di Tasyakuran HUT ke-1 Danantara,lain,2
VyPCSPnxbaE,2026-03-11,Pidato Presiden Prabowo di Tasyakuran HUT ke-1 Danantara,lanjutkan,2
VyPCSPnxbaE,2026-03-11,Pidato Presiden Prabowo di Tasyakuran HUT ke-1 Danantara,lihat,2
VyPCSPnxbaE,2026-03-11,Pidato Presiden Prabowo di Tasyakuran HUT ke-1 Danantara,luar,2
VyPCSPnxbaE,2026-03-11,Pidato Presiden Prabowo di Tasyakuran HUT ke-1 Danantara,magrib,2
VyPCSPnxbaE,2026-03-11,Pidato Presiden Prabowo di Tasyakuran HUT ke-1 Danantara,maha,2
VyPCSPnxbaE,2026-03-11,Pidato Presiden Prabowo di Tasyakuran HUT ke-1 Danantara,mana,2
VyPCSPnxbaE,2026-03-11,Pidato Presiden Prabowo di Tasyakuran HUT ke-1 Danantara,masuk,2
VyPCSPnxbaE,2026-03-11,Pidato Presiden Prabowo di Tasyakuran HUT ke-1 Danantara,memang,2
VyPCSPnxbaE,2026-03-11,Pidato Presiden Prabowo di Tasyakuran HUT ke-1 Danantara,membuktikan,2
VyPCSPnxbaE,2026-03-11,Pidato Presiden Prabowo di Tasyakuran HUT ke-1 Danantara,mengawasi,2
VyPCSPnxbaE,2026-03-11,Pidato Presiden Prabowo di Tasyakuran HUT ke-1 Danantara,menjaga,2
VyPCSPnxbaE,2026-03-11,Pidato Presiden Prabowo di Tasyakuran HUT ke-1 Danantara,merdeka,2
VyPCSPnxbaE,2026-03-11,Pidato Presiden Prabowo di Tasyakuran HUT ke-1 Danantara,ngelola,2
VyPCSPnxbaE,2026-03-11,Pidato Presiden Prabowo di Tasyakuran HUT ke-1 Danantara,paling,2
VyPCSPnxbaE,2026-03-11,Pidato Presiden Prabowo di Tasyakuran HUT ke-1 Danantara,pelajaran,2
VyPCSPnxbaE,2026-03-11,Pidato Presiden Prabowo di Tasyakuran HUT ke-1 Danantara,pendiri-pendiri,2
VyPCSPnxbaE,2026-03-11,Pidato Presiden Prabowo di Tasyakuran HUT ke-1 Danantara,penghargaan,2
VyPCSPnxbaE,2026-03-11,Pidato Presiden Prabowo di Tasyakuran HUT ke-1 Danantara,percaya,2
VyPCSPnxbaE,2026-03-11,Pidato Presiden Prabowo di Tasyakuran HUT ke-1 Danantara,pertamina,2
VyPCSPnxbaE,2026-03-11,Pidato Presiden Prabowo di Tasyakuran HUT ke-1 Danantara,pimpinan,2
VyPCSPnxbaE,2026-03-11,Pidato Presiden Prabowo di Tasyakuran HUT ke-1 Danantara,premis,2
VyPCSPnxbaE,2026-03-11,Pidato Presiden Prabowo di Tasyakuran HUT ke-1 Danantara,rencana,2
VyPCSPnxbaE,2026-03-11,Pidato Presiden Prabowo di Tasyakuran HUT ke-1 Danantara,rugi,2
VyPCSPnxbaE,2026-03-11,Pidato Presiden Prabowo di Tasyakuran HUT ke-1 Danantara,salve,2
VyPCSPnxbaE,2026-03-11,Pidato Presiden Prabowo di Tasyakuran HUT ke-1 Danantara,sangat,2
VyPCSPnxbaE,2026-03-11,Pidato Presiden Prabowo di Tasyakuran HUT ke-1 Danantara,sasaran,2
VyPCSPnxbaE,2026-03-11,Pidato Presiden Prabowo di Tasyakuran HUT ke-1 Danantara,sejahtera,2
VyPCSPnxbaE,2026-03-11,Pidato Presiden Prabowo di Tasyakuran HUT ke-1 Danantara,semakin,2
VyPCSPnxbaE,2026-03-11,Pidato Presiden Prabowo di Tasyakuran HUT ke-1 Danantara,sesudah,2
VyPCSPnxbaE,2026-03-11,Pidato Presiden Prabowo di Tasyakuran HUT ke-1 Danantara,shalom,2
VyPCSPnxbaE,2026-03-11,Pidato Presiden Prabowo di Tasyakuran HUT ke-1 Danantara,sini,2
VyPCSPnxbaE,2026-03-11,Pidato Presiden Prabowo di Tasyakuran HUT ke-1 Danantara,telah,2
VyPCSPnxbaE,2026-03-11,Pidato Presiden Prabowo di Tasyakuran HUT ke-1 Danantara,terbesar,2
VyPCSPnxbaE,2026-03-11,Pidato Presiden Prabowo di Tasyakuran HUT ke-1 Danantara,tercapai,2
VyPCSPnxbaE,2026-03-11,Pidato Presiden Prabowo di Tasyakuran HUT ke-1 Danantara,terjadi,2
VyPCSPnxbaE,2026-03-11,Pidato Presiden Prabowo di Tasyakuran HUT ke-1 Danantara,terkesan,2
VyPCSPnxbaE,2026-03-11,Pidato Presiden Prabowo di Tasyakuran HUT ke-1 Danantara,tiap,2
VyPCSPnxbaE,2026-03-11,Pidato Presiden Prabowo di Tasyakuran HUT ke-1 Danantara,triliun,2
VyPCSPnxbaE,2026-03-11,Pidato Presiden Prabowo di Tasyakuran HUT ke-1 Danantara,ucapkan,2
VyPCSPnxbaE,2026-03-11,Pidato Presiden Prabowo di Tasyakuran HUT ke-1 Danantara,utusan-utusan,2
VyPCSPnxbaE,2026-03-11,Pidato Presiden Prabowo di Tasyakuran HUT ke-1 Danantara,wabarakatuh,2
VyPCSPnxbaE,2026-03-11,Pidato Presiden Prabowo di Tasyakuran HUT ke-1 Danantara,waktu,2
VyPCSPnxbaE,2026-03-11,Pidato Presiden Prabowo di Tasyakuran HUT ke-1 Danantara,warahmatullahi,2
VyPCSPnxbaE,2026-03-11,Pidato Presiden Prabowo di Tasyakuran HUT ke-1 Danantara,well,2
VyPCSPnxbaE,2026-03-11,Pidato Presiden Prabowo di Tasyakuran HUT ke-1 Danantara,aja,1
VyPCSPnxbaE,2026-03-11,Pidato Presiden Prabowo di Tasyakuran HUT ke-1 Danantara,akal-akalan,1
VyPCSPnxbaE,2026-03-11,Pidato Presiden Prabowo di Tasyakuran HUT ke-1 Danantara,akhirnya,1
VyPCSPnxbaE,2026-03-11,Pidato Presiden Prabowo di Tasyakuran HUT ke-1 Danantara,akibat,1
VyPCSPnxbaE,2026-03-11,Pidato Presiden Prabowo di Tasyakuran HUT ke-1 Danantara,akselerasi,1
VyPCSPnxbaE,2026-03-11,Pidato Presiden Prabowo di Tasyakuran HUT ke-1 Danantara,alam,1
VyPCSPnxbaE,2026-03-11,Pidato Presiden Prabowo di Tasyakuran HUT ke-1 Danantara,alhamdulillah,1
VyPCSPnxbaE,2026-03-11,Pidato Presiden Prabowo di Tasyakuran HUT ke-1 Danantara,allah,1
VyPCSPnxbaE,2026-03-11,Pidato Presiden Prabowo di Tasyakuran HUT ke-1 Danantara,alternatif,1
VyPCSPnxbaE,2026-03-11,Pidato Presiden Prabowo di Tasyakuran HUT ke-1 Danantara,anak-anak,1
VyPCSPnxbaE,2026-03-11,Pidato Presiden Prabowo di Tasyakuran HUT ke-1 Danantara,anggota,1
VyPCSPnxbaE,2026-03-11,Pidato Presiden Prabowo di Tasyakuran HUT ke-1 Danantara,apa,1
VyPCSPnxbaE,2026-03-11,Pidato Presiden Prabowo di Tasyakuran HUT ke-1 Danantara,artinya,1
VyPCSPnxbaE,2026-03-11,Pidato Presiden Prabowo di Tasyakuran HUT ke-1 Danantara,asalamualaikum,1
VyPCSPnxbaE,2026-03-11,Pidato Presiden Prabowo di Tasyakuran HUT ke-1 Danantara,atasi,1
VyPCSPnxbaE,2026-03-11,Pidato Presiden Prabowo di Tasyakuran HUT ke-1 Danantara,awal-awal,1
VyPCSPnxbaE,2026-03-11,Pidato Presiden Prabowo di Tasyakuran HUT ke-1 Danantara,awasi,1
VyPCSPnxbaE,2026-03-11,Pidato Presiden Prabowo di Tasyakuran HUT ke-1 Danantara,badan,1
VyPCSPnxbaE,2026-03-11,Pidato Presiden Prabowo di Tasyakuran HUT ke-1 Danantara,bagaimana,1
VyPCSPnxbaE,2026-03-11,Pidato Presiden Prabowo di Tasyakuran HUT ke-1 Danantara,bagi,1
VyPCSPnxbaE,2026-03-11,Pidato Presiden Prabowo di Tasyakuran HUT ke-1 Danantara,bahkan,1
VyPCSPnxbaE,2026-03-11,Pidato Presiden Prabowo di Tasyakuran HUT ke-1 Danantara,batal,1
VyPCSPnxbaE,2026-03-11,Pidato Presiden Prabowo di Tasyakuran HUT ke-1 Danantara,batu,1
VyPCSPnxbaE,2026-03-11,Pidato Presiden Prabowo di Tasyakuran HUT ke-1 Danantara,bbm,1
VyPCSPnxbaE,2026-03-11,Pidato Presiden Prabowo di Tasyakuran HUT ke-1 Danantara,begitu,1
VyPCSPnxbaE,2026-03-11,Pidato Presiden Prabowo di Tasyakuran HUT ke-1 Danantara,belajar,1
VyPCSPnxbaE,2026-03-11,Pidato Presiden Prabowo di Tasyakuran HUT ke-1 Danantara,berarti,1
VyPCSPnxbaE,2026-03-11,Pidato Presiden Prabowo di Tasyakuran HUT ke-1 Danantara,berat,1
VyPCSPnxbaE,2026-03-11,Pidato Presiden Prabowo di Tasyakuran HUT ke-1 Danantara,berbuat,1
VyPCSPnxbaE,2026-03-11,Pidato Presiden Prabowo di Tasyakuran HUT ke-1 Danantara,bergerak,1
VyPCSPnxbaE,2026-03-11,Pidato Presiden Prabowo di Tasyakuran HUT ke-1 Danantara,beri,1
VyPCSPnxbaE,2026-03-11,Pidato Presiden Prabowo di Tasyakuran HUT ke-1 Danantara,berkah,1
VyPCSPnxbaE,2026-03-11,Pidato Presiden Prabowo di Tasyakuran HUT ke-1 Danantara,bersatu,1
VyPCSPnxbaE,2026-03-11,Pidato Presiden Prabowo di Tasyakuran HUT ke-1 Danantara,biasa,1
VyPCSPnxbaE,2026-03-11,Pidato Presiden Prabowo di Tasyakuran HUT ke-1 Danantara,bicara,1
VyPCSPnxbaE,2026-03-11,Pidato Presiden Prabowo di Tasyakuran HUT ke-1 Danantara,bisnis,1
VyPCSPnxbaE,2026-03-11,Pidato Presiden Prabowo di Tasyakuran HUT ke-1 Danantara,blessing,1
VyPCSPnxbaE,2026-03-11,Pidato Presiden Prabowo di Tasyakuran HUT ke-1 Danantara,bocor,1
VyPCSPnxbaE,2026-03-11,Pidato Presiden Prabowo di Tasyakuran HUT ke-1 Danantara,bpk,1
VyPCSPnxbaE,2026-03-11,Pidato Presiden Prabowo di Tasyakuran HUT ke-1 Danantara,bpkp,1
VyPCSPnxbaE,2026-03-11,Pidato Presiden Prabowo di Tasyakuran HUT ke-1 Danantara,break,1
VyPCSPnxbaE,2026-03-11,Pidato Presiden Prabowo di Tasyakuran HUT ke-1 Danantara,buddhaya,1
VyPCSPnxbaE,2026-03-11,Pidato Presiden Prabowo di Tasyakuran HUT ke-1 Danantara,buka,1
VyPCSPnxbaE,2026-03-11,Pidato Presiden Prabowo di Tasyakuran HUT ke-1 Danantara,bukan,1
VyPCSPnxbaE,2026-03-11,Pidato Presiden Prabowo di Tasyakuran HUT ke-1 Danantara,bukti,1
VyPCSPnxbaE,2026-03-11,Pidato Presiden Prabowo di Tasyakuran HUT ke-1 Danantara,buktikan,1
VyPCSPnxbaE,2026-03-11,Pidato Presiden Prabowo di Tasyakuran HUT ke-1 Danantara,buku,1
VyPCSPnxbaE,2026-03-11,Pidato Presiden Prabowo di Tasyakuran HUT ke-1 Danantara,butuh,1
VyPCSPnxbaE,2026-03-11,Pidato Presiden Prabowo di Tasyakuran HUT ke-1 Danantara,cadangan,1
VyPCSPnxbaE,2026-03-11,Pidato Presiden Prabowo di Tasyakuran HUT ke-1 Danantara,capai,1
VyPCSPnxbaE,2026-03-11,Pidato Presiden Prabowo di Tasyakuran HUT ke-1 Danantara,cepat,1
VyPCSPnxbaE,2026-03-11,Pidato Presiden Prabowo di Tasyakuran HUT ke-1 Danantara,cerah,1
VyPCSPnxbaE,2026-03-11,Pidato Presiden Prabowo di Tasyakuran HUT ke-1 Danantara,daripada,1
VyPCSPnxbaE,2026-03-11,Pidato Presiden Prabowo di Tasyakuran HUT ke-1 Danantara,demikian,1
VyPCSPnxbaE,2026-03-11,Pidato Presiden Prabowo di Tasyakuran HUT ke-1 Danantara,dengar,1
VyPCSPnxbaE,2026-03-11,Pidato Presiden Prabowo di Tasyakuran HUT ke-1 Danantara,diawasi,1
VyPCSPnxbaE,2026-03-11,Pidato Presiden Prabowo di Tasyakuran HUT ke-1 Danantara,dibandingkan,1
VyPCSPnxbaE,2026-03-11,Pidato Presiden Prabowo di Tasyakuran HUT ke-1 Danantara,diberikan,1
VyPCSPnxbaE,2026-03-11,Pidato Presiden Prabowo di Tasyakuran HUT ke-1 Danantara,didirikan,1
VyPCSPnxbaE,2026-03-11,Pidato Presiden Prabowo di Tasyakuran HUT ke-1 Danantara,dieksploitasi,1
VyPCSPnxbaE,2026-03-11,Pidato Presiden Prabowo di Tasyakuran HUT ke-1 Danantara,dimiliki,1
VyPCSPnxbaE,2026-03-11,Pidato Presiden Prabowo di Tasyakuran HUT ke-1 Danantara,diri,1
VyPCSPnxbaE,2026-03-11,Pidato Presiden Prabowo di Tasyakuran HUT ke-1 Danantara,disetarakan,1
VyPCSPnxbaE,2026-03-11,Pidato Presiden Prabowo di Tasyakuran HUT ke-1 Danantara,disguise,1
VyPCSPnxbaE,2026-03-11,Pidato Presiden Prabowo di Tasyakuran HUT ke-1 Danantara,dulu,1
VyPCSPnxbaE,2026-03-11,Pidato Presiden Prabowo di Tasyakuran HUT ke-1 Danantara,efektif,1
VyPCSPnxbaE,2026-03-11,Pidato Presiden Prabowo di Tasyakuran HUT ke-1 Danantara,ekonomi,1
VyPCSPnxbaE,2026-03-11,Pidato Presiden Prabowo di Tasyakuran HUT ke-1 Danantara,eling,1
VyPCSPnxbaE,2026-03-11,Pidato Presiden Prabowo di Tasyakuran HUT ke-1 Danantara,enggak,1
VyPCSPnxbaE,2026-03-11,Pidato Presiden Prabowo di Tasyakuran HUT ke-1 Danantara,entitas,1
VyPCSPnxbaE,2026-03-11,Pidato Presiden Prabowo di Tasyakuran HUT ke-1 Danantara,farma,1
VyPCSPnxbaE,2026-03-11,Pidato Presiden Prabowo di Tasyakuran HUT ke-1 Danantara,fatal,1
VyPCSPnxbaE,2026-03-11,Pidato Presiden Prabowo di Tasyakuran HUT ke-1 Danantara,fokus,1
VyPCSPnxbaE,2026-03-11,Pidato Presiden Prabowo di Tasyakuran HUT ke-1 Danantara,gagah,1
VyPCSPnxbaE,2026-03-11,Pidato Presiden Prabowo di Tasyakuran HUT ke-1 Danantara,gak,1
VyPCSPnxbaE,2026-03-11,Pidato Presiden Prabowo di Tasyakuran HUT ke-1 Danantara,gembira,1
VyPCSPnxbaE,2026-03-11,Pidato Presiden Prabowo di Tasyakuran HUT ke-1 Danantara,geotermal,1
VyPCSPnxbaE,2026-03-11,Pidato Presiden Prabowo di Tasyakuran HUT ke-1 Danantara,gw,1
VyPCSPnxbaE,2026-03-11,Pidato Presiden Prabowo di Tasyakuran HUT ke-1 Danantara,hadapi,1
VyPCSPnxbaE,2026-03-11,Pidato Presiden Prabowo di Tasyakuran HUT ke-1 Danantara,hal,1
VyPCSPnxbaE,2026-03-11,Pidato Presiden Prabowo di Tasyakuran HUT ke-1 Danantara,hal-hal,1
VyPCSPnxbaE,2026-03-11,Pidato Presiden Prabowo di Tasyakuran HUT ke-1 Danantara,hampir,1
VyPCSPnxbaE,2026-03-11,Pidato Presiden Prabowo di Tasyakuran HUT ke-1 Danantara,hanya,1
VyPCSPnxbaE,2026-03-11,Pidato Presiden Prabowo di Tasyakuran HUT ke-1 Danantara,harapan,1
VyPCSPnxbaE,2026-03-11,Pidato Presiden Prabowo di Tasyakuran HUT ke-1 Danantara,harusnya,1
VyPCSPnxbaE,2026-03-11,Pidato Presiden Prabowo di Tasyakuran HUT ke-1 Danantara,hasil,1
VyPCSPnxbaE,2026-03-11,Pidato Presiden Prabowo di Tasyakuran HUT ke-1 Danantara,hati,1
VyPCSPnxbaE,2026-03-11,Pidato Presiden Prabowo di Tasyakuran HUT ke-1 Danantara,hebat,1
VyPCSPnxbaE,2026-03-11,Pidato Presiden Prabowo di Tasyakuran HUT ke-1 Danantara,heeh,1
VyPCSPnxbaE,2026-03-11,Pidato Presiden Prabowo di Tasyakuran HUT ke-1 Danantara,hilirisasi,1
VyPCSPnxbaE,2026-03-11,Pidato Presiden Prabowo di Tasyakuran HUT ke-1 Danantara,hormati,1
VyPCSPnxbaE,2026-03-11,Pidato Presiden Prabowo di Tasyakuran HUT ke-1 Danantara,ikut,1
VyPCSPnxbaE,2026-03-11,Pidato Presiden Prabowo di Tasyakuran HUT ke-1 Danantara,in,1
VyPCSPnxbaE,2026-03-11,Pidato Presiden Prabowo di Tasyakuran HUT ke-1 Danantara,ingat,1
VyPCSPnxbaE,2026-03-11,Pidato Presiden Prabowo di Tasyakuran HUT ke-1 Danantara,ingatkan,1
VyPCSPnxbaE,2026-03-11,Pidato Presiden Prabowo di Tasyakuran HUT ke-1 Danantara,investasi,1
VyPCSPnxbaE,2026-03-11,Pidato Presiden Prabowo di Tasyakuran HUT ke-1 Danantara,iya,1
VyPCSPnxbaE,2026-03-11,Pidato Presiden Prabowo di Tasyakuran HUT ke-1 Danantara,jagung,1
VyPCSPnxbaE,2026-03-11,Pidato Presiden Prabowo di Tasyakuran HUT ke-1 Danantara,jangan,1
VyPCSPnxbaE,2026-03-11,Pidato Presiden Prabowo di Tasyakuran HUT ke-1 Danantara,kabinat,1
VyPCSPnxbaE,2026-03-11,Pidato Presiden Prabowo di Tasyakuran HUT ke-1 Danantara,kan,1
VyPCSPnxbaE,2026-03-11,Pidato Presiden Prabowo di Tasyakuran HUT ke-1 Danantara,katanya,1
VyPCSPnxbaE,2026-03-11,Pidato Presiden Prabowo di Tasyakuran HUT ke-1 Danantara,kaya,1
VyPCSPnxbaE,2026-03-11,Pidato Presiden Prabowo di Tasyakuran HUT ke-1 Danantara,kebajikan,1
VyPCSPnxbaE,2026-03-11,Pidato Presiden Prabowo di Tasyakuran HUT ke-1 Danantara,kedua,1
VyPCSPnxbaE,2026-03-11,Pidato Presiden Prabowo di Tasyakuran HUT ke-1 Danantara,keenam,1
VyPCSPnxbaE,2026-03-11,Pidato Presiden Prabowo di Tasyakuran HUT ke-1 Danantara,kejaksaan,1
VyPCSPnxbaE,2026-03-11,Pidato Presiden Prabowo di Tasyakuran HUT ke-1 Danantara,kelapa,1
VyPCSPnxbaE,2026-03-11,Pidato Presiden Prabowo di Tasyakuran HUT ke-1 Danantara,kelihatan,1
VyPCSPnxbaE,2026-03-11,Pidato Presiden Prabowo di Tasyakuran HUT ke-1 Danantara,kelola,1
VyPCSPnxbaE,2026-03-11,Pidato Presiden Prabowo di Tasyakuran HUT ke-1 Danantara,kembali,1
VyPCSPnxbaE,2026-03-11,Pidato Presiden Prabowo di Tasyakuran HUT ke-1 Danantara,kembalikan,1
VyPCSPnxbaE,2026-03-11,Pidato Presiden Prabowo di Tasyakuran HUT ke-1 Danantara,kendali,1
VyPCSPnxbaE,2026-03-11,Pidato Presiden Prabowo di Tasyakuran HUT ke-1 Danantara,kepercayaan,1
VyPCSPnxbaE,2026-03-11,Pidato Presiden Prabowo di Tasyakuran HUT ke-1 Danantara,keputusan,1
VyPCSPnxbaE,2026-03-11,Pidato Presiden Prabowo di Tasyakuran HUT ke-1 Danantara,kerja,1
VyPCSPnxbaE,2026-03-11,Pidato Presiden Prabowo di Tasyakuran HUT ke-1 Danantara,kesehatan,1
VyPCSPnxbaE,2026-03-11,Pidato Presiden Prabowo di Tasyakuran HUT ke-1 Danantara,kesulitan,1
VyPCSPnxbaE,2026-03-11,Pidato Presiden Prabowo di Tasyakuran HUT ke-1 Danantara,ketemu,1
VyPCSPnxbaE,2026-03-11,Pidato Presiden Prabowo di Tasyakuran HUT ke-1 Danantara,ketidakpastian,1
VyPCSPnxbaE,2026-03-11,Pidato Presiden Prabowo di Tasyakuran HUT ke-1 Danantara,ketua,1
VyPCSPnxbaE,2026-03-11,Pidato Presiden Prabowo di Tasyakuran HUT ke-1 Danantara,ketujuh,1
VyPCSPnxbaE,2026-03-11,Pidato Presiden Prabowo di Tasyakuran HUT ke-1 Danantara,kewaspadaan,1
VyPCSPnxbaE,2026-03-11,Pidato Presiden Prabowo di Tasyakuran HUT ke-1 Danantara,khawatir,1
VyPCSPnxbaE,2026-03-11,Pidato Presiden Prabowo di Tasyakuran HUT ke-1 Danantara,kok,1
VyPCSPnxbaE,2026-03-11,Pidato Presiden Prabowo di Tasyakuran HUT ke-1 Danantara,komprehensif,1
VyPCSPnxbaE,2026-03-11,Pidato Presiden Prabowo di Tasyakuran HUT ke-1 Danantara,kondisi,1
VyPCSPnxbaE,2026-03-11,Pidato Presiden Prabowo di Tasyakuran HUT ke-1 Danantara,kunci,1
VyPCSPnxbaE,2026-03-11,Pidato Presiden Prabowo di Tasyakuran HUT ke-1 Danantara,kurang,1
VyPCSPnxbaE,2026-03-11,Pidato Presiden Prabowo di Tasyakuran HUT ke-1 Danantara,lambat,1
VyPCSPnxbaE,2026-03-11,Pidato Presiden Prabowo di Tasyakuran HUT ke-1 Danantara,lantai,1
VyPCSPnxbaE,2026-03-11,Pidato Presiden Prabowo di Tasyakuran HUT ke-1 Danantara,laun,1
VyPCSPnxbaE,2026-03-11,Pidato Presiden Prabowo di Tasyakuran HUT ke-1 Danantara,lembaga,1
VyPCSPnxbaE,2026-03-11,Pidato Presiden Prabowo di Tasyakuran HUT ke-1 Danantara,listrikasi,1
VyPCSPnxbaE,2026-03-11,Pidato Presiden Prabowo di Tasyakuran HUT ke-1 Danantara,loncatan,1
VyPCSPnxbaE,2026-03-11,Pidato Presiden Prabowo di Tasyakuran HUT ke-1 Danantara,main-main,1
VyPCSPnxbaE,2026-03-11,Pidato Presiden Prabowo di Tasyakuran HUT ke-1 Danantara,maksa,1
VyPCSPnxbaE,2026-03-11,Pidato Presiden Prabowo di Tasyakuran HUT ke-1 Danantara,mana-mana,1
VyPCSPnxbaE,2026-03-11,Pidato Presiden Prabowo di Tasyakuran HUT ke-1 Danantara,manajemennya,1
VyPCSPnxbaE,2026-03-11,Pidato Presiden Prabowo di Tasyakuran HUT ke-1 Danantara,masalah,1
VyPCSPnxbaE,2026-03-11,Pidato Presiden Prabowo di Tasyakuran HUT ke-1 Danantara,masing-masing,1
VyPCSPnxbaE,2026-03-11,Pidato Presiden Prabowo di Tasyakuran HUT ke-1 Danantara,media,1
VyPCSPnxbaE,2026-03-11,Pidato Presiden Prabowo di Tasyakuran HUT ke-1 Danantara,melahirkan,1
VyPCSPnxbaE,2026-03-11,Pidato Presiden Prabowo di Tasyakuran HUT ke-1 Danantara,melaksanakan,1
VyPCSPnxbaE,2026-03-11,Pidato Presiden Prabowo di Tasyakuran HUT ke-1 Danantara,memaksa,1
VyPCSPnxbaE,2026-03-11,Pidato Presiden Prabowo di Tasyakuran HUT ke-1 Danantara,memanage,1
VyPCSPnxbaE,2026-03-11,Pidato Presiden Prabowo di Tasyakuran HUT ke-1 Danantara,membangun,1
VyPCSPnxbaE,2026-03-11,Pidato Presiden Prabowo di Tasyakuran HUT ke-1 Danantara,memberi,1
VyPCSPnxbaE,2026-03-11,Pidato Presiden Prabowo di Tasyakuran HUT ke-1 Danantara,memiliki,1
VyPCSPnxbaE,2026-03-11,Pidato Presiden Prabowo di Tasyakuran HUT ke-1 Danantara,mempercepat,1
VyPCSPnxbaE,2026-03-11,Pidato Presiden Prabowo di Tasyakuran HUT ke-1 Danantara,menderita,1
VyPCSPnxbaE,2026-03-11,Pidato Presiden Prabowo di Tasyakuran HUT ke-1 Danantara,mendesak,1
VyPCSPnxbaE,2026-03-11,Pidato Presiden Prabowo di Tasyakuran HUT ke-1 Danantara,mengapa,1
VyPCSPnxbaE,2026-03-11,Pidato Presiden Prabowo di Tasyakuran HUT ke-1 Danantara,menghasilkan,1
VyPCSPnxbaE,2026-03-11,Pidato Presiden Prabowo di Tasyakuran HUT ke-1 Danantara,mengikuti,1
VyPCSPnxbaE,2026-03-11,Pidato Presiden Prabowo di Tasyakuran HUT ke-1 Danantara,mengimbangi,1
VyPCSPnxbaE,2026-03-11,Pidato Presiden Prabowo di Tasyakuran HUT ke-1 Danantara,menko,1
VyPCSPnxbaE,2026-03-11,Pidato Presiden Prabowo di Tasyakuran HUT ke-1 Danantara,menteri,1
VyPCSPnxbaE,2026-03-11,Pidato Presiden Prabowo di Tasyakuran HUT ke-1 Danantara,menunjuk,1
VyPCSPnxbaE,2026-03-11,Pidato Presiden Prabowo di Tasyakuran HUT ke-1 Danantara,menunjukkan,1
VyPCSPnxbaE,2026-03-11,Pidato Presiden Prabowo di Tasyakuran HUT ke-1 Danantara,menurut,1
VyPCSPnxbaE,2026-03-11,Pidato Presiden Prabowo di Tasyakuran HUT ke-1 Danantara,menyampaikan,1
VyPCSPnxbaE,2026-03-11,Pidato Presiden Prabowo di Tasyakuran HUT ke-1 Danantara,menyedihkan,1
VyPCSPnxbaE,2026-03-11,Pidato Presiden Prabowo di Tasyakuran HUT ke-1 Danantara,menyenang,1
VyPCSPnxbaE,2026-03-11,Pidato Presiden Prabowo di Tasyakuran HUT ke-1 Danantara,menyenang-nyenangkan,1
VyPCSPnxbaE,2026-03-11,Pidato Presiden Prabowo di Tasyakuran HUT ke-1 Danantara,merah,1
VyPCSPnxbaE,2026-03-11,Pidato Presiden Prabowo di Tasyakuran HUT ke-1 Danantara,minta,1
VyPCSPnxbaE,2026-03-11,Pidato Presiden Prabowo di Tasyakuran HUT ke-1 Danantara,msen,1
VyPCSPnxbaE,2026-03-11,Pidato Presiden Prabowo di Tasyakuran HUT ke-1 Danantara,mudah-mudahan,1
VyPCSPnxbaE,2026-03-11,Pidato Presiden Prabowo di Tasyakuran HUT ke-1 Danantara,naik,1
VyPCSPnxbaE,2026-03-11,Pidato Presiden Prabowo di Tasyakuran HUT ke-1 Danantara,nama,1
VyPCSPnxbaE,2026-03-11,Pidato Presiden Prabowo di Tasyakuran HUT ke-1 Danantara,namanya,1
VyPCSPnxbaE,2026-03-11,Pidato Presiden Prabowo di Tasyakuran HUT ke-1 Danantara,namo,1
VyPCSPnxbaE,2026-03-11,Pidato Presiden Prabowo di Tasyakuran HUT ke-1 Danantara,nanantara,1
VyPCSPnxbaE,2026-03-11,Pidato Presiden Prabowo di Tasyakuran HUT ke-1 Danantara,negeri,1
VyPCSPnxbaE,2026-03-11,Pidato Presiden Prabowo di Tasyakuran HUT ke-1 Danantara,niat,1
VyPCSPnxbaE,2026-03-11,Pidato Presiden Prabowo di Tasyakuran HUT ke-1 Danantara,niat-niat,1
VyPCSPnxbaE,2026-03-11,Pidato Presiden Prabowo di Tasyakuran HUT ke-1 Danantara,nusantara,1
VyPCSPnxbaE,2026-03-11,Pidato Presiden Prabowo di Tasyakuran HUT ke-1 Danantara,obat,1
VyPCSPnxbaE,2026-03-11,Pidato Presiden Prabowo di Tasyakuran HUT ke-1 Danantara,pabrik,1
VyPCSPnxbaE,2026-03-11,Pidato Presiden Prabowo di Tasyakuran HUT ke-1 Danantara,pada,1
VyPCSPnxbaE,2026-03-11,Pidato Presiden Prabowo di Tasyakuran HUT ke-1 Danantara,palsu,1
VyPCSPnxbaE,2026-03-11,Pidato Presiden Prabowo di Tasyakuran HUT ke-1 Danantara,pangan,1
VyPCSPnxbaE,2026-03-11,Pidato Presiden Prabowo di Tasyakuran HUT ke-1 Danantara,panglima,1
VyPCSPnxbaE,2026-03-11,Pidato Presiden Prabowo di Tasyakuran HUT ke-1 Danantara,pegawai,1
VyPCSPnxbaE,2026-03-11,Pidato Presiden Prabowo di Tasyakuran HUT ke-1 Danantara,pejabat,1
VyPCSPnxbaE,2026-03-11,Pidato Presiden Prabowo di Tasyakuran HUT ke-1 Danantara,pengawasan,1
VyPCSPnxbaE,2026-03-11,Pidato Presiden Prabowo di Tasyakuran HUT ke-1 Danantara,pengelolaan,1
VyPCSPnxbaE,2026-03-11,Pidato Presiden Prabowo di Tasyakuran HUT ke-1 Danantara,penting,1
VyPCSPnxbaE,2026-03-11,Pidato Presiden Prabowo di Tasyakuran HUT ke-1 Danantara,pentingnya,1
VyPCSPnxbaE,2026-03-11,Pidato Presiden Prabowo di Tasyakuran HUT ke-1 Danantara,penyimpangan-penyimpangan,1
VyPCSPnxbaE,2026-03-11,Pidato Presiden Prabowo di Tasyakuran HUT ke-1 Danantara,peraturan,1
VyPCSPnxbaE,2026-03-11,Pidato Presiden Prabowo di Tasyakuran HUT ke-1 Danantara,peraturan-peraturan,1
VyPCSPnxbaE,2026-03-11,Pidato Presiden Prabowo di Tasyakuran HUT ke-1 Danantara,percepat,1
VyPCSPnxbaE,2026-03-11,Pidato Presiden Prabowo di Tasyakuran HUT ke-1 Danantara,peringatan,1
VyPCSPnxbaE,2026-03-11,Pidato Presiden Prabowo di Tasyakuran HUT ke-1 Danantara,perintah,1
VyPCSPnxbaE,2026-03-11,Pidato Presiden Prabowo di Tasyakuran HUT ke-1 Danantara,perlu,1
VyPCSPnxbaE,2026-03-11,Pidato Presiden Prabowo di Tasyakuran HUT ke-1 Danantara,pers,1
VyPCSPnxbaE,2026-03-11,Pidato Presiden Prabowo di Tasyakuran HUT ke-1 Danantara,perusahaan-perusahaan,1
VyPCSPnxbaE,2026-03-11,Pidato Presiden Prabowo di Tasyakuran HUT ke-1 Danantara,pihak,1
VyPCSPnxbaE,2026-03-11,Pidato Presiden Prabowo di Tasyakuran HUT ke-1 Danantara,polisi,1
VyPCSPnxbaE,2026-03-11,Pidato Presiden Prabowo di Tasyakuran HUT ke-1 Danantara,political,1
VyPCSPnxbaE,2026-03-11,Pidato Presiden Prabowo di Tasyakuran HUT ke-1 Danantara,presiden,1
VyPCSPnxbaE,2026-03-11,Pidato Presiden Prabowo di Tasyakuran HUT ke-1 Danantara,prestasi-prestasi,1
VyPCSPnxbaE,2026-03-11,Pidato Presiden Prabowo di Tasyakuran HUT ke-1 Danantara,puasa,1
VyPCSPnxbaE,2026-03-11,Pidato Presiden Prabowo di Tasyakuran HUT ke-1 Danantara,puluh,1
VyPCSPnxbaE,2026-03-11,Pidato Presiden Prabowo di Tasyakuran HUT ke-1 Danantara,pundak,1
VyPCSPnxbaE,2026-03-11,Pidato Presiden Prabowo di Tasyakuran HUT ke-1 Danantara,putih,1
VyPCSPnxbaE,2026-03-11,Pidato Presiden Prabowo di Tasyakuran HUT ke-1 Danantara,putra-putri,1
VyPCSPnxbaE,2026-03-11,Pidato Presiden Prabowo di Tasyakuran HUT ke-1 Danantara,rakyat,1
VyPCSPnxbaE,2026-03-11,Pidato Presiden Prabowo di Tasyakuran HUT ke-1 Danantara,rasional,1
VyPCSPnxbaE,2026-03-11,Pidato Presiden Prabowo di Tasyakuran HUT ke-1 Danantara,rekan,1
VyPCSPnxbaE,2026-03-11,Pidato Presiden Prabowo di Tasyakuran HUT ke-1 Danantara,rukun,1
VyPCSPnxbaE,2026-03-11,Pidato Presiden Prabowo di Tasyakuran HUT ke-1 Danantara,salah,1
VyPCSPnxbaE,2026-03-11,Pidato Presiden Prabowo di Tasyakuran HUT ke-1 Danantara,samping,1
VyPCSPnxbaE,2026-03-11,Pidato Presiden Prabowo di Tasyakuran HUT ke-1 Danantara,sasada,1
VyPCSPnxbaE,2026-03-11,Pidato Presiden Prabowo di Tasyakuran HUT ke-1 Danantara,sasaranmu,1
VyPCSPnxbaE,2026-03-11,Pidato Presiden Prabowo di Tasyakuran HUT ke-1 Danantara,sawit,1
VyPCSPnxbaE,2026-03-11,Pidato Presiden Prabowo di Tasyakuran HUT ke-1 Danantara,sebagian,1
VyPCSPnxbaE,2026-03-11,Pidato Presiden Prabowo di Tasyakuran HUT ke-1 Danantara,sebelum-sebelumnya,1
VyPCSPnxbaE,2026-03-11,Pidato Presiden Prabowo di Tasyakuran HUT ke-1 Danantara,sebenarnya,1
VyPCSPnxbaE,2026-03-11,Pidato Presiden Prabowo di Tasyakuran HUT ke-1 Danantara,sebetulnya,1
VyPCSPnxbaE,2026-03-11,Pidato Presiden Prabowo di Tasyakuran HUT ke-1 Danantara,segala,1
VyPCSPnxbaE,2026-03-11,Pidato Presiden Prabowo di Tasyakuran HUT ke-1 Danantara,sejarah,1
VyPCSPnxbaE,2026-03-11,Pidato Presiden Prabowo di Tasyakuran HUT ke-1 Danantara,sekali,1
VyPCSPnxbaE,2026-03-11,Pidato Presiden Prabowo di Tasyakuran HUT ke-1 Danantara,sekian,1
VyPCSPnxbaE,2026-03-11,Pidato Presiden Prabowo di Tasyakuran HUT ke-1 Danantara,sementara,1
VyPCSPnxbaE,2026-03-11,Pidato Presiden Prabowo di Tasyakuran HUT ke-1 Danantara,senayan,1
VyPCSPnxbaE,2026-03-11,Pidato Presiden Prabowo di Tasyakuran HUT ke-1 Danantara,sepenuhnya,1
VyPCSPnxbaE,2026-03-11,Pidato Presiden Prabowo di Tasyakuran HUT ke-1 Danantara,sesingkat-singkatnya,1
VyPCSPnxbaE,2026-03-11,Pidato Presiden Prabowo di Tasyakuran HUT ke-1 Danantara,singkong,1
VyPCSPnxbaE,2026-03-11,Pidato Presiden Prabowo di Tasyakuran HUT ke-1 Danantara,situ,1
VyPCSPnxbaE,2026-03-11,Pidato Presiden Prabowo di Tasyakuran HUT ke-1 Danantara,smart,1
VyPCSPnxbaE,2026-03-11,Pidato Presiden Prabowo di Tasyakuran HUT ke-1 Danantara,sore,1
VyPCSPnxbaE,2026-03-11,Pidato Presiden Prabowo di Tasyakuran HUT ke-1 Danantara,sovnalt,1
VyPCSPnxbaE,2026-03-11,Pidato Presiden Prabowo di Tasyakuran HUT ke-1 Danantara,standar-standar,1
VyPCSPnxbaE,2026-03-11,Pidato Presiden Prabowo di Tasyakuran HUT ke-1 Danantara,suasana,1
VyPCSPnxbaE,2026-03-11,Pidato Presiden Prabowo di Tasyakuran HUT ke-1 Danantara,subhanahu,1
VyPCSPnxbaE,2026-03-11,Pidato Presiden Prabowo di Tasyakuran HUT ke-1 Danantara,supaya,1
VyPCSPnxbaE,2026-03-11,Pidato Presiden Prabowo di Tasyakuran HUT ke-1 Danantara,surya,1
VyPCSPnxbaE,2026-03-11,Pidato Presiden Prabowo di Tasyakuran HUT ke-1 Danantara,susah,1
VyPCSPnxbaE,2026-03-11,Pidato Presiden Prabowo di Tasyakuran HUT ke-1 Danantara,swastiastu,1
VyPCSPnxbaE,2026-03-11,Pidato Presiden Prabowo di Tasyakuran HUT ke-1 Danantara,taala,1
VyPCSPnxbaE,2026-03-11,Pidato Presiden Prabowo di Tasyakuran HUT ke-1 Danantara,tabrakan,1
VyPCSPnxbaE,2026-03-11,Pidato Presiden Prabowo di Tasyakuran HUT ke-1 Danantara,tahu,1
VyPCSPnxbaE,2026-03-11,Pidato Presiden Prabowo di Tasyakuran HUT ke-1 Danantara,tahun-tahun,1
VyPCSPnxbaE,2026-03-11,Pidato Presiden Prabowo di Tasyakuran HUT ke-1 Danantara,tangan,1
VyPCSPnxbaE,2026-03-11,Pidato Presiden Prabowo di Tasyakuran HUT ke-1 Danantara,tanpa,1
VyPCSPnxbaE,2026-03-11,Pidato Presiden Prabowo di Tasyakuran HUT ke-1 Danantara,tantangan,1
VyPCSPnxbaE,2026-03-11,Pidato Presiden Prabowo di Tasyakuran HUT ke-1 Danantara,target,1
VyPCSPnxbaE,2026-03-11,Pidato Presiden Prabowo di Tasyakuran HUT ke-1 Danantara,tebu,1
VyPCSPnxbaE,2026-03-11,Pidato Presiden Prabowo di Tasyakuran HUT ke-1 Danantara,tekad,1
VyPCSPnxbaE,2026-03-11,Pidato Presiden Prabowo di Tasyakuran HUT ke-1 Danantara,tekstil,1
VyPCSPnxbaE,2026-03-11,Pidato Presiden Prabowo di Tasyakuran HUT ke-1 Danantara,tenaga,1
VyPCSPnxbaE,2026-03-11,Pidato Presiden Prabowo di Tasyakuran HUT ke-1 Danantara,tentunya,1
VyPCSPnxbaE,2026-03-11,Pidato Presiden Prabowo di Tasyakuran HUT ke-1 Danantara,terakhir,1
VyPCSPnxbaE,2026-03-11,Pidato Presiden Prabowo di Tasyakuran HUT ke-1 Danantara,terbaik,1
VyPCSPnxbaE,2026-03-11,Pidato Presiden Prabowo di Tasyakuran HUT ke-1 Danantara,terbarukan,1
VyPCSPnxbaE,2026-03-11,Pidato Presiden Prabowo di Tasyakuran HUT ke-1 Danantara,terutama,1
VyPCSPnxbaE,2026-03-11,Pidato Presiden Prabowo di Tasyakuran HUT ke-1 Danantara,tetapi,1
VyPCSPnxbaE,2026-03-11,Pidato Presiden Prabowo di Tasyakuran HUT ke-1 Danantara,titip,1
VyPCSPnxbaE,2026-03-11,Pidato Presiden Prabowo di Tasyakuran HUT ke-1 Danantara,tni,1
VyPCSPnxbaE,2026-03-11,Pidato Presiden Prabowo di Tasyakuran HUT ke-1 Danantara,tokoh-tokoh,1
VyPCSPnxbaE,2026-03-11,Pidato Presiden Prabowo di Tasyakuran HUT ke-1 Danantara,tugas,1
VyPCSPnxbaE,2026-03-11,Pidato Presiden Prabowo di Tasyakuran HUT ke-1 Danantara,tuhan,1
VyPCSPnxbaE,2026-03-11,Pidato Presiden Prabowo di Tasyakuran HUT ke-1 Danantara,tunjuk,1
VyPCSPnxbaE,2026-03-11,Pidato Presiden Prabowo di Tasyakuran HUT ke-1 Danantara,ujian,1
VyPCSPnxbaE,2026-03-11,Pidato Presiden Prabowo di Tasyakuran HUT ke-1 Danantara,ulang,1
VyPCSPnxbaE,2026-03-11,Pidato Presiden Prabowo di Tasyakuran HUT ke-1 Danantara,undangan,1
VyPCSPnxbaE,2026-03-11,Pidato Presiden Prabowo di Tasyakuran HUT ke-1 Danantara,upayakan,1
VyPCSPnxbaE,2026-03-11,Pidato Presiden Prabowo di Tasyakuran HUT ke-1 Danantara,wa,1
VyPCSPnxbaE,2026-03-11,Pidato Presiden Prabowo di Tasyakuran HUT ke-1 Danantara,wajah,1
VyPCSPnxbaE,2026-03-11,Pidato Presiden Prabowo di Tasyakuran HUT ke-1 Danantara,walaupun,1
VyPCSPnxbaE,2026-03-11,Pidato Presiden Prabowo di Tasyakuran HUT ke-1 Danantara,wasalamualaikum,1
VyPCSPnxbaE,2026-03-11,Pidato Presiden Prabowo di Tasyakuran HUT ke-1 Danantara,waspada,1
VyPCSPnxbaE,2026-03-11,Pidato Presiden Prabowo di Tasyakuran HUT ke-1 Danantara,wealth,1
5OIq7GaU4sI,2026-02-28,Sambutan Presiden Prabowo pada Perayaan Tahun Baru Imlek Nasional,dan,12
5OIq7GaU4sI,2026-02-28,Sambutan Presiden Prabowo pada Perayaan Tahun Baru Imlek Nasional,imlek,11
5OIq7GaU4sI,2026-02-28,Sambutan Presiden Prabowo pada Perayaan Tahun Baru Imlek Nasional,ini,11
5OIq7GaU4sI,2026-02-28,Sambutan Presiden Prabowo pada Perayaan Tahun Baru Imlek Nasional,bangsa,9
5OIq7GaU4sI,2026-02-28,Sambutan Presiden Prabowo pada Perayaan Tahun Baru Imlek Nasional,indonesia,9
5OIq7GaU4sI,2026-02-28,Sambutan Presiden Prabowo pada Perayaan Tahun Baru Imlek Nasional,yang,8
5OIq7GaU4sI,2026-02-28,Sambutan Presiden Prabowo pada Perayaan Tahun Baru Imlek Nasional,tahun,7
5OIq7GaU4sI,2026-02-28,Sambutan Presiden Prabowo pada Perayaan Tahun Baru Imlek Nasional,adalah,6
5OIq7GaU4sI,2026-02-28,Sambutan Presiden Prabowo pada Perayaan Tahun Baru Imlek Nasional,baru,6
5OIq7GaU4sI,2026-02-28,Sambutan Presiden Prabowo pada Perayaan Tahun Baru Imlek Nasional,kita,6
5OIq7GaU4sI,2026-02-28,Sambutan Presiden Prabowo pada Perayaan Tahun Baru Imlek Nasional,perayaan,6
5OIq7GaU4sI,2026-02-28,Sambutan Presiden Prabowo pada Perayaan Tahun Baru Imlek Nasional,dengan,5
5OIq7GaU4sI,2026-02-28,Sambutan Presiden Prabowo pada Perayaan Tahun Baru Imlek Nasional,oleh,5
5OIq7GaU4sI,2026-02-28,Sambutan Presiden Prabowo pada Perayaan Tahun Baru Imlek Nasional,persatuan,5
5OIq7GaU4sI,2026-02-28,Sambutan Presiden Prabowo pada Perayaan Tahun Baru Imlek Nasional,saya,5
5OIq7GaU4sI,2026-02-28,Sambutan Presiden Prabowo pada Perayaan Tahun Baru Imlek Nasional,besar,4
5OIq7GaU4sI,2026-02-28,Sambutan Presiden Prabowo pada Perayaan Tahun Baru Imlek Nasional,di,4
5OIq7GaU4sI,2026-02-28,Sambutan Presiden Prabowo pada Perayaan Tahun Baru Imlek Nasional,satu,4
5OIq7GaU4sI,2026-02-28,Sambutan Presiden Prabowo pada Perayaan Tahun Baru Imlek Nasional,bagi,3
5OIq7GaU4sI,2026-02-28,Sambutan Presiden Prabowo pada Perayaan Tahun Baru Imlek Nasional,bahwa,3
5OIq7GaU4sI,2026-02-28,Sambutan Presiden Prabowo pada Perayaan Tahun Baru Imlek Nasional,bukan,3
5OIq7GaU4sI,2026-02-28,Sambutan Presiden Prabowo pada Perayaan Tahun Baru Imlek Nasional,hanya,3
5OIq7GaU4sI,2026-02-28,Sambutan Presiden Prabowo pada Perayaan Tahun Baru Imlek Nasional,harmoni,3
5OIq7GaU4sI,2026-02-28,Sambutan Presiden Prabowo pada Perayaan Tahun Baru Imlek Nasional,karena,3
5OIq7GaU4sI,2026-02-28,Sambutan Presiden Prabowo pada Perayaan Tahun Baru Imlek Nasional,merdeka,3
5OIq7GaU4sI,2026-02-28,Sambutan Presiden Prabowo pada Perayaan Tahun Baru Imlek Nasional,nusantara,3
5OIq7GaU4sI,2026-02-28,Sambutan Presiden Prabowo pada Perayaan Tahun Baru Imlek Nasional,om,3
5OIq7GaU4sI,2026-02-28,Sambutan Presiden Prabowo pada Perayaan Tahun Baru Imlek Nasional,salam,3
5OIq7GaU4sI,2026-02-28,Sambutan Presiden Prabowo pada Perayaan Tahun Baru Imlek Nasional,santi,3
5OIq7GaU4sI,2026-02-28,Sambutan Presiden Prabowo pada Perayaan Tahun Baru Imlek Nasional,sebagai,3
5OIq7GaU4sI,2026-02-28,Sambutan Presiden Prabowo pada Perayaan Tahun Baru Imlek Nasional,seluruh,3
5OIq7GaU4sI,2026-02-28,Sambutan Presiden Prabowo pada Perayaan Tahun Baru Imlek Nasional,semua,3
5OIq7GaU4sI,2026-02-28,Sambutan Presiden Prabowo pada Perayaan Tahun Baru Imlek Nasional,api,2
5OIq7GaU4sI,2026-02-28,Sambutan Presiden Prabowo pada Perayaan Tahun Baru Imlek Nasional,atas,2
5OIq7GaU4sI,2026-02-28,Sambutan Presiden Prabowo pada Perayaan Tahun Baru Imlek Nasional,dibangun,2
5OIq7GaU4sI,2026-02-28,Sambutan Presiden Prabowo pada Perayaan Tahun Baru Imlek Nasional,festival,2
5OIq7GaU4sI,2026-02-28,Sambutan Presiden Prabowo pada Perayaan Tahun Baru Imlek Nasional,keberanian,2
5OIq7GaU4sI,2026-02-28,Sambutan Presiden Prabowo pada Perayaan Tahun Baru Imlek Nasional,kebersamaan,2
5OIq7GaU4sI,2026-02-28,Sambutan Presiden Prabowo pada Perayaan Tahun Baru Imlek Nasional,kesehatan,2
5OIq7GaU4sI,2026-02-28,Sambutan Presiden Prabowo pada Perayaan Tahun Baru Imlek Nasional,kuda,2
5OIq7GaU4sI,2026-02-28,Sambutan Presiden Prabowo pada Perayaan Tahun Baru Imlek Nasional,membawa,2
5OIq7GaU4sI,2026-02-28,Sambutan Presiden Prabowo pada Perayaan Tahun Baru Imlek Nasional,menegaskan,2
5OIq7GaU4sI,2026-02-28,Sambutan Presiden Prabowo pada Perayaan Tahun Baru Imlek Nasional,nama,2
5OIq7GaU4sI,2026-02-28,Sambutan Presiden Prabowo pada Perayaan Tahun Baru Imlek Nasional,nilai,2
5OIq7GaU4sI,2026-02-28,Sambutan Presiden Prabowo pada Perayaan Tahun Baru Imlek Nasional,perbedaan,2
5OIq7GaU4sI,2026-02-28,Sambutan Presiden Prabowo pada Perayaan Tahun Baru Imlek Nasional,republik,2
5OIq7GaU4sI,2026-02-28,Sambutan Presiden Prabowo pada Perayaan Tahun Baru Imlek Nasional,saja,2
5OIq7GaU4sI,2026-02-28,Sambutan Presiden Prabowo pada Perayaan Tahun Baru Imlek Nasional,saudara-saudara,2
5OIq7GaU4sI,2026-02-28,Sambutan Presiden Prabowo pada Perayaan Tahun Baru Imlek Nasional,sejahtera,2
5OIq7GaU4sI,2026-02-28,Sambutan Presiden Prabowo pada Perayaan Tahun Baru Imlek Nasional,sekalian,2
5OIq7GaU4sI,2026-02-28,Sambutan Presiden Prabowo pada Perayaan Tahun Baru Imlek Nasional,selamat,2
5OIq7GaU4sI,2026-02-28,Sambutan Presiden Prabowo pada Perayaan Tahun Baru Imlek Nasional,shalom,2
5OIq7GaU4sI,2026-02-28,Sambutan Presiden Prabowo pada Perayaan Tahun Baru Imlek Nasional,tapi,2
5OIq7GaU4sI,2026-02-28,Sambutan Presiden Prabowo pada Perayaan Tahun Baru Imlek Nasional,tidak,2
5OIq7GaU4sI,2026-02-28,Sambutan Presiden Prabowo pada Perayaan Tahun Baru Imlek Nasional,untuk,2
5OIq7GaU4sI,2026-02-28,Sambutan Presiden Prabowo pada Perayaan Tahun Baru Imlek Nasional,wabarakatuh,2
5OIq7GaU4sI,2026-02-28,Sambutan Presiden Prabowo pada Perayaan Tahun Baru Imlek Nasional,warahmatullahi,2
5OIq7GaU4sI,2026-02-28,Sambutan Presiden Prabowo pada Perayaan Tahun Baru Imlek Nasional,adil,1
5OIq7GaU4sI,2026-02-28,Sambutan Presiden Prabowo pada Perayaan Tahun Baru Imlek Nasional,air,1
5OIq7GaU4sI,2026-02-28,Sambutan Presiden Prabowo pada Perayaan Tahun Baru Imlek Nasional,anak,1
5OIq7GaU4sI,2026-02-28,Sambutan Presiden Prabowo pada Perayaan Tahun Baru Imlek Nasional,asalamualaikum,1
5OIq7GaU4sI,2026-02-28,Sambutan Presiden Prabowo pada Perayaan Tahun Baru Imlek Nasional,asli,1
5OIq7GaU4sI,2026-02-28,Sambutan Presiden Prabowo pada Perayaan Tahun Baru Imlek Nasional,atau,1
5OIq7GaU4sI,2026-02-28,Sambutan Presiden Prabowo pada Perayaan Tahun Baru Imlek Nasional,batam,1
5OIq7GaU4sI,2026-02-28,Sambutan Presiden Prabowo pada Perayaan Tahun Baru Imlek Nasional,berada,1
5OIq7GaU4sI,2026-02-28,Sambutan Presiden Prabowo pada Perayaan Tahun Baru Imlek Nasional,beragam,1
5OIq7GaU4sI,2026-02-28,Sambutan Presiden Prabowo pada Perayaan Tahun Baru Imlek Nasional,berbagai,1
5OIq7GaU4sI,2026-02-28,Sambutan Presiden Prabowo pada Perayaan Tahun Baru Imlek Nasional,berbeda,1
5OIq7GaU4sI,2026-02-28,Sambutan Presiden Prabowo pada Perayaan Tahun Baru Imlek Nasional,berdiri,1
5OIq7GaU4sI,2026-02-28,Sambutan Presiden Prabowo pada Perayaan Tahun Baru Imlek Nasional,berharap,1
5OIq7GaU4sI,2026-02-28,Sambutan Presiden Prabowo pada Perayaan Tahun Baru Imlek Nasional,berlangsung,1
5OIq7GaU4sI,2026-02-28,Sambutan Presiden Prabowo pada Perayaan Tahun Baru Imlek Nasional,bermartabat,1
5OIq7GaU4sI,2026-02-28,Sambutan Presiden Prabowo pada Perayaan Tahun Baru Imlek Nasional,bertampingan,1
5OIq7GaU4sI,2026-02-28,Sambutan Presiden Prabowo pada Perayaan Tahun Baru Imlek Nasional,bismillahirrahmanirrahim,1
5OIq7GaU4sI,2026-02-28,Sambutan Presiden Prabowo pada Perayaan Tahun Baru Imlek Nasional,bogor,1
5OIq7GaU4sI,2026-02-28,Sambutan Presiden Prabowo pada Perayaan Tahun Baru Imlek Nasional,budaya,1
5OIq7GaU4sI,2026-02-28,Sambutan Presiden Prabowo pada Perayaan Tahun Baru Imlek Nasional,buddhaya,1
5OIq7GaU4sI,2026-02-28,Sambutan Presiden Prabowo pada Perayaan Tahun Baru Imlek Nasional,bukti,1
5OIq7GaU4sI,2026-02-28,Sambutan Presiden Prabowo pada Perayaan Tahun Baru Imlek Nasional,bulan,1
5OIq7GaU4sI,2026-02-28,Sambutan Presiden Prabowo pada Perayaan Tahun Baru Imlek Nasional,cintai,1
5OIq7GaU4sI,2026-02-28,Sambutan Presiden Prabowo pada Perayaan Tahun Baru Imlek Nasional,dalam,1
5OIq7GaU4sI,2026-02-28,Sambutan Presiden Prabowo pada Perayaan Tahun Baru Imlek Nasional,dari,1
5OIq7GaU4sI,2026-02-28,Sambutan Presiden Prabowo pada Perayaan Tahun Baru Imlek Nasional,depan,1
5OIq7GaU4sI,2026-02-28,Sambutan Presiden Prabowo pada Perayaan Tahun Baru Imlek Nasional,diri,1
5OIq7GaU4sI,2026-02-28,Sambutan Presiden Prabowo pada Perayaan Tahun Baru Imlek Nasional,faai,1
5OIq7GaU4sI,2026-02-28,Sambutan Presiden Prabowo pada Perayaan Tahun Baru Imlek Nasional,fachai,1
5OIq7GaU4sI,2026-02-28,Sambutan Presiden Prabowo pada Perayaan Tahun Baru Imlek Nasional,golongan,1
5OIq7GaU4sI,2026-02-28,Sambutan Presiden Prabowo pada Perayaan Tahun Baru Imlek Nasional,gongsi,1
5OIq7GaU4sI,2026-02-28,Sambutan Presiden Prabowo pada Perayaan Tahun Baru Imlek Nasional,gotongroyong,1
5OIq7GaU4sI,2026-02-28,Sambutan Presiden Prabowo pada Perayaan Tahun Baru Imlek Nasional,hadir,1
5OIq7GaU4sI,2026-02-28,Sambutan Presiden Prabowo pada Perayaan Tahun Baru Imlek Nasional,harapan,1
5OIq7GaU4sI,2026-02-28,Sambutan Presiden Prabowo pada Perayaan Tahun Baru Imlek Nasional,hidup,1
5OIq7GaU4sI,2026-02-28,Sambutan Presiden Prabowo pada Perayaan Tahun Baru Imlek Nasional,hormati,1
5OIq7GaU4sI,2026-02-28,Sambutan Presiden Prabowo pada Perayaan Tahun Baru Imlek Nasional,islam,1
5OIq7GaU4sI,2026-02-28,Sambutan Presiden Prabowo pada Perayaan Tahun Baru Imlek Nasional,jati,1
5OIq7GaU4sI,2026-02-28,Sambutan Presiden Prabowo pada Perayaan Tahun Baru Imlek Nasional,justru,1
5OIq7GaU4sI,2026-02-28,Sambutan Presiden Prabowo pada Perayaan Tahun Baru Imlek Nasional,kasih,1
5OIq7GaU4sI,2026-02-28,Sambutan Presiden Prabowo pada Perayaan Tahun Baru Imlek Nasional,keagamaan,1
5OIq7GaU4sI,2026-02-28,Sambutan Presiden Prabowo pada Perayaan Tahun Baru Imlek Nasional,kebahagiaan,1
5OIq7GaU4sI,2026-02-28,Sambutan Presiden Prabowo pada Perayaan Tahun Baru Imlek Nasional,kebajikan,1
5OIq7GaU4sI,2026-02-28,Sambutan Presiden Prabowo pada Perayaan Tahun Baru Imlek Nasional,kebangsaan,1
5OIq7GaU4sI,2026-02-28,Sambutan Presiden Prabowo pada Perayaan Tahun Baru Imlek Nasional,keberagaman,1
5OIq7GaU4sI,2026-02-28,Sambutan Presiden Prabowo pada Perayaan Tahun Baru Imlek Nasional,keberkahan,1
5OIq7GaU4sI,2026-02-28,Sambutan Presiden Prabowo pada Perayaan Tahun Baru Imlek Nasional,keberuntungan,1
5OIq7GaU4sI,2026-02-28,Sambutan Presiden Prabowo pada Perayaan Tahun Baru Imlek Nasional,kedamaian,1
5OIq7GaU4sI,2026-02-28,Sambutan Presiden Prabowo pada Perayaan Tahun Baru Imlek Nasional,kekuatan,1
5OIq7GaU4sI,2026-02-28,Sambutan Presiden Prabowo pada Perayaan Tahun Baru Imlek Nasional,kemanusiaan,1
5OIq7GaU4sI,2026-02-28,Sambutan Presiden Prabowo pada Perayaan Tahun Baru Imlek Nasional,kenyataan,1
5OIq7GaU4sI,2026-02-28,Sambutan Presiden Prabowo pada Perayaan Tahun Baru Imlek Nasional,keras,1
5OIq7GaU4sI,2026-02-28,Sambutan Presiden Prabowo pada Perayaan Tahun Baru Imlek Nasional,kerja,1
5OIq7GaU4sI,2026-02-28,Sambutan Presiden Prabowo pada Perayaan Tahun Baru Imlek Nasional,kongsi,1
5OIq7GaU4sI,2026-02-28,Sambutan Presiden Prabowo pada Perayaan Tahun Baru Imlek Nasional,kota,1
5OIq7GaU4sI,2026-02-28,Sambutan Presiden Prabowo pada Perayaan Tahun Baru Imlek Nasional,kuat,1
5OIq7GaU4sI,2026-02-28,Sambutan Presiden Prabowo pada Perayaan Tahun Baru Imlek Nasional,makassar,1
5OIq7GaU4sI,2026-02-28,Sambutan Presiden Prabowo pada Perayaan Tahun Baru Imlek Nasional,makmur,1
5OIq7GaU4sI,2026-02-28,Sambutan Presiden Prabowo pada Perayaan Tahun Baru Imlek Nasional,makna,1
5OIq7GaU4sI,2026-02-28,Sambutan Presiden Prabowo pada Perayaan Tahun Baru Imlek Nasional,mana,1
5OIq7GaU4sI,2026-02-28,Sambutan Presiden Prabowo pada Perayaan Tahun Baru Imlek Nasional,manado,1
5OIq7GaU4sI,2026-02-28,Sambutan Presiden Prabowo pada Perayaan Tahun Baru Imlek Nasional,mari,1
5OIq7GaU4sI,2026-02-28,Sambutan Presiden Prabowo pada Perayaan Tahun Baru Imlek Nasional,masa,1
5OIq7GaU4sI,2026-02-28,Sambutan Presiden Prabowo pada Perayaan Tahun Baru Imlek Nasional,medan,1
5OIq7GaU4sI,2026-02-28,Sambutan Presiden Prabowo pada Perayaan Tahun Baru Imlek Nasional,memiliki,1
5OIq7GaU4sI,2026-02-28,Sambutan Presiden Prabowo pada Perayaan Tahun Baru Imlek Nasional,menampilkan,1
5OIq7GaU4sI,2026-02-28,Sambutan Presiden Prabowo pada Perayaan Tahun Baru Imlek Nasional,mencerminkan,1
5OIq7GaU4sI,2026-02-28,Sambutan Presiden Prabowo pada Perayaan Tahun Baru Imlek Nasional,menjadi,1
5OIq7GaU4sI,2026-02-28,Sambutan Presiden Prabowo pada Perayaan Tahun Baru Imlek Nasional,menyertai,1
5OIq7GaU4sI,2026-02-28,Sambutan Presiden Prabowo pada Perayaan Tahun Baru Imlek Nasional,merawat,1
5OIq7GaU4sI,2026-02-28,Sambutan Presiden Prabowo pada Perayaan Tahun Baru Imlek Nasional,merayakan,1
5OIq7GaU4sI,2026-02-28,Sambutan Presiden Prabowo pada Perayaan Tahun Baru Imlek Nasional,momentum,1
5OIq7GaU4sI,2026-02-28,Sambutan Presiden Prabowo pada Perayaan Tahun Baru Imlek Nasional,mulai,1
5OIq7GaU4sI,2026-02-28,Sambutan Presiden Prabowo pada Perayaan Tahun Baru Imlek Nasional,namo,1
5OIq7GaU4sI,2026-02-28,Sambutan Presiden Prabowo pada Perayaan Tahun Baru Imlek Nasional,optimisme,1
5OIq7GaU4sI,2026-02-28,Sambutan Presiden Prabowo pada Perayaan Tahun Baru Imlek Nasional,pada,1
5OIq7GaU4sI,2026-02-28,Sambutan Presiden Prabowo pada Perayaan Tahun Baru Imlek Nasional,palembang,1
5OIq7GaU4sI,2026-02-28,Sambutan Presiden Prabowo pada Perayaan Tahun Baru Imlek Nasional,pemerintah,1
5OIq7GaU4sI,2026-02-28,Sambutan Presiden Prabowo pada Perayaan Tahun Baru Imlek Nasional,penyelenggaraan,1
5OIq7GaU4sI,2026-02-28,Sambutan Presiden Prabowo pada Perayaan Tahun Baru Imlek Nasional,persaudaraan,1
5OIq7GaU4sI,2026-02-28,Sambutan Presiden Prabowo pada Perayaan Tahun Baru Imlek Nasional,pontianak,1
5OIq7GaU4sI,2026-02-28,Sambutan Presiden Prabowo pada Perayaan Tahun Baru Imlek Nasional,prabowo,1
5OIq7GaU4sI,2026-02-28,Sambutan Presiden Prabowo pada Perayaan Tahun Baru Imlek Nasional,presiden,1
5OIq7GaU4sI,2026-02-28,Sambutan Presiden Prabowo pada Perayaan Tahun Baru Imlek Nasional,pribadi,1
5OIq7GaU4sI,2026-02-28,Sambutan Presiden Prabowo pada Perayaan Tahun Baru Imlek Nasional,pun,1
5OIq7GaU4sI,2026-02-28,Sambutan Presiden Prabowo pada Perayaan Tahun Baru Imlek Nasional,ramadan,1
5OIq7GaU4sI,2026-02-28,Sambutan Presiden Prabowo pada Perayaan Tahun Baru Imlek Nasional,rukun,1
5OIq7GaU4sI,2026-02-28,Sambutan Presiden Prabowo pada Perayaan Tahun Baru Imlek Nasional,salve,1
5OIq7GaU4sI,2026-02-28,Sambutan Presiden Prabowo pada Perayaan Tahun Baru Imlek Nasional,salvei,1
5OIq7GaU4sI,2026-02-28,Sambutan Presiden Prabowo pada Perayaan Tahun Baru Imlek Nasional,sangat,1
5OIq7GaU4sI,2026-02-28,Sambutan Presiden Prabowo pada Perayaan Tahun Baru Imlek Nasional,saudara,1
5OIq7GaU4sI,2026-02-28,Sambutan Presiden Prabowo pada Perayaan Tahun Baru Imlek Nasional,sebangsa,1
5OIq7GaU4sI,2026-02-28,Sambutan Presiden Prabowo pada Perayaan Tahun Baru Imlek Nasional,semarang,1
5OIq7GaU4sI,2026-02-28,Sambutan Presiden Prabowo pada Perayaan Tahun Baru Imlek Nasional,semoga,1
5OIq7GaU4sI,2026-02-28,Sambutan Presiden Prabowo pada Perayaan Tahun Baru Imlek Nasional,setanah,1
5OIq7GaU4sI,2026-02-28,Sambutan Presiden Prabowo pada Perayaan Tahun Baru Imlek Nasional,simbol,1
5OIq7GaU4sI,2026-02-28,Sambutan Presiden Prabowo pada Perayaan Tahun Baru Imlek Nasional,singkawang,1
5OIq7GaU4sI,2026-02-28,Sambutan Presiden Prabowo pada Perayaan Tahun Baru Imlek Nasional,slogan,1
5OIq7GaU4sI,2026-02-28,Sambutan Presiden Prabowo pada Perayaan Tahun Baru Imlek Nasional,solidaritas,1
5OIq7GaU4sI,2026-02-28,Sambutan Presiden Prabowo pada Perayaan Tahun Baru Imlek Nasional,solo,1
5OIq7GaU4sI,2026-02-28,Sambutan Presiden Prabowo pada Perayaan Tahun Baru Imlek Nasional,songsong,1
5OIq7GaU4sI,2026-02-28,Sambutan Presiden Prabowo pada Perayaan Tahun Baru Imlek Nasional,subianto,1
5OIq7GaU4sI,2026-02-28,Sambutan Presiden Prabowo pada Perayaan Tahun Baru Imlek Nasional,suci,1
5OIq7GaU4sI,2026-02-28,Sambutan Presiden Prabowo pada Perayaan Tahun Baru Imlek Nasional,suku,1
5OIq7GaU4sI,2026-02-28,Sambutan Presiden Prabowo pada Perayaan Tahun Baru Imlek Nasional,surabaya,1
5OIq7GaU4sI,2026-02-28,Sambutan Presiden Prabowo pada Perayaan Tahun Baru Imlek Nasional,swastiastu,1
5OIq7GaU4sI,2026-02-28,Sambutan Presiden Prabowo pada Perayaan Tahun Baru Imlek Nasional,takut,1
5OIq7GaU4sI,2026-02-28,Sambutan Presiden Prabowo pada Perayaan Tahun Baru Imlek Nasional,tegak,1
5OIq7GaU4sI,2026-02-28,Sambutan Presiden Prabowo pada Perayaan Tahun Baru Imlek Nasional,tekad,1
5OIq7GaU4sI,2026-02-28,Sambutan Presiden Prabowo pada Perayaan Tahun Baru Imlek Nasional,tema,1
5OIq7GaU4sI,2026-02-28,Sambutan Presiden Prabowo pada Perayaan Tahun Baru Imlek Nasional,terima,1
5OIq7GaU4sI,2026-02-28,Sambutan Presiden Prabowo pada Perayaan Tahun Baru Imlek Nasional,tetapi,1
5OIq7GaU4sI,2026-02-28,Sambutan Presiden Prabowo pada Perayaan Tahun Baru Imlek Nasional,tradisi,1
5OIq7GaU4sI,2026-02-28,Sambutan Presiden Prabowo pada Perayaan Tahun Baru Imlek Nasional,tujuan,1
5OIq7GaU4sI,2026-02-28,Sambutan Presiden Prabowo pada Perayaan Tahun Baru Imlek Nasional,ucapkan,1
5OIq7GaU4sI,2026-02-28,Sambutan Presiden Prabowo pada Perayaan Tahun Baru Imlek Nasional,umat,1
5OIq7GaU4sI,2026-02-28,Sambutan Presiden Prabowo pada Perayaan Tahun Baru Imlek Nasional,wajah,1
5OIq7GaU4sI,2026-02-28,Sambutan Presiden Prabowo pada Perayaan Tahun Baru Imlek Nasional,wasalamualaikum,1
CfnRESwOZKQ,2025-04-10,Pidato Kenegaraan Presiden Prabowo di Hadapan Parlemen Turkiye,saya,35
CfnRESwOZKQ,2025-04-10,Pidato Kenegaraan Presiden Prabowo di Hadapan Parlemen Turkiye,yang,33
CfnRESwOZKQ,2025-04-10,Pidato Kenegaraan Presiden Prabowo di Hadapan Parlemen Turkiye,di,21
CfnRESwOZKQ,2025-04-10,Pidato Kenegaraan Presiden Prabowo di Hadapan Parlemen Turkiye,turki,21
CfnRESwOZKQ,2025-04-10,Pidato Kenegaraan Presiden Prabowo di Hadapan Parlemen Turkiye,kita,17
CfnRESwOZKQ,2025-04-10,Pidato Kenegaraan Presiden Prabowo di Hadapan Parlemen Turkiye,indonesia,16
CfnRESwOZKQ,2025-04-10,Pidato Kenegaraan Presiden Prabowo di Hadapan Parlemen Turkiye,dan,15
CfnRESwOZKQ,2025-04-10,Pidato Kenegaraan Presiden Prabowo di Hadapan Parlemen Turkiye,ini,14
CfnRESwOZKQ,2025-04-10,Pidato Kenegaraan Presiden Prabowo di Hadapan Parlemen Turkiye,oleh,13
CfnRESwOZKQ,2025-04-10,Pidato Kenegaraan Presiden Prabowo di Hadapan Parlemen Turkiye,saudara-saudara,11
CfnRESwOZKQ,2025-04-10,Pidato Kenegaraan Presiden Prabowo di Hadapan Parlemen Turkiye,kami,10
CfnRESwOZKQ,2025-04-10,Pidato Kenegaraan Presiden Prabowo di Hadapan Parlemen Turkiye,rakyat,10
CfnRESwOZKQ,2025-04-10,Pidato Kenegaraan Presiden Prabowo di Hadapan Parlemen Turkiye,sekalian,10
CfnRESwOZKQ,2025-04-10,Pidato Kenegaraan Presiden Prabowo di Hadapan Parlemen Turkiye,adalah,9
CfnRESwOZKQ,2025-04-10,Pidato Kenegaraan Presiden Prabowo di Hadapan Parlemen Turkiye,dengan,9
CfnRESwOZKQ,2025-04-10,Pidato Kenegaraan Presiden Prabowo di Hadapan Parlemen Turkiye,bagi,8
CfnRESwOZKQ,2025-04-10,Pidato Kenegaraan Presiden Prabowo di Hadapan Parlemen Turkiye,ke,8
CfnRESwOZKQ,2025-04-10,Pidato Kenegaraan Presiden Prabowo di Hadapan Parlemen Turkiye,sebagai,8
CfnRESwOZKQ,2025-04-10,Pidato Kenegaraan Presiden Prabowo di Hadapan Parlemen Turkiye,dari,7
CfnRESwOZKQ,2025-04-10,Pidato Kenegaraan Presiden Prabowo di Hadapan Parlemen Turkiye,dunia,7
CfnRESwOZKQ,2025-04-10,Pidato Kenegaraan Presiden Prabowo di Hadapan Parlemen Turkiye,untuk,7
CfnRESwOZKQ,2025-04-10,Pidato Kenegaraan Presiden Prabowo di Hadapan Parlemen Turkiye,bahwa,6
CfnRESwOZKQ,2025-04-10,Pidato Kenegaraan Presiden Prabowo di Hadapan Parlemen Turkiye,ingin,6
CfnRESwOZKQ,2025-04-10,Pidato Kenegaraan Presiden Prabowo di Hadapan Parlemen Turkiye,perjuangan,6
CfnRESwOZKQ,2025-04-10,Pidato Kenegaraan Presiden Prabowo di Hadapan Parlemen Turkiye,terhormat,6
CfnRESwOZKQ,2025-04-10,Pidato Kenegaraan Presiden Prabowo di Hadapan Parlemen Turkiye,kalau,5
CfnRESwOZKQ,2025-04-10,Pidato Kenegaraan Presiden Prabowo di Hadapan Parlemen Turkiye,kepemimpinan,5
CfnRESwOZKQ,2025-04-10,Pidato Kenegaraan Presiden Prabowo di Hadapan Parlemen Turkiye,mereka,5
CfnRESwOZKQ,2025-04-10,Pidato Kenegaraan Presiden Prabowo di Hadapan Parlemen Turkiye,saat,5
CfnRESwOZKQ,2025-04-10,Pidato Kenegaraan Presiden Prabowo di Hadapan Parlemen Turkiye,sama,5
CfnRESwOZKQ,2025-04-10,Pidato Kenegaraan Presiden Prabowo di Hadapan Parlemen Turkiye,sejarah,5
CfnRESwOZKQ,2025-04-10,Pidato Kenegaraan Presiden Prabowo di Hadapan Parlemen Turkiye,tidak,5
CfnRESwOZKQ,2025-04-10,Pidato Kenegaraan Presiden Prabowo di Hadapan Parlemen Turkiye,besar,4
CfnRESwOZKQ,2025-04-10,Pidato Kenegaraan Presiden Prabowo di Hadapan Parlemen Turkiye,bicara,4
CfnRESwOZKQ,2025-04-10,Pidato Kenegaraan Presiden Prabowo di Hadapan Parlemen Turkiye,contoh,4
CfnRESwOZKQ,2025-04-10,Pidato Kenegaraan Presiden Prabowo di Hadapan Parlemen Turkiye,datang,4
CfnRESwOZKQ,2025-04-10,Pidato Kenegaraan Presiden Prabowo di Hadapan Parlemen Turkiye,hidup,4
CfnRESwOZKQ,2025-04-10,Pidato Kenegaraan Presiden Prabowo di Hadapan Parlemen Turkiye,itu,4
CfnRESwOZKQ,2025-04-10,Pidato Kenegaraan Presiden Prabowo di Hadapan Parlemen Turkiye,mengirim,4
CfnRESwOZKQ,2025-04-10,Pidato Kenegaraan Presiden Prabowo di Hadapan Parlemen Turkiye,merasa,4
CfnRESwOZKQ,2025-04-10,Pidato Kenegaraan Presiden Prabowo di Hadapan Parlemen Turkiye,negara,4
CfnRESwOZKQ,2025-04-10,Pidato Kenegaraan Presiden Prabowo di Hadapan Parlemen Turkiye,penuh,4
CfnRESwOZKQ,2025-04-10,Pidato Kenegaraan Presiden Prabowo di Hadapan Parlemen Turkiye,republik,4
CfnRESwOZKQ,2025-04-10,Pidato Kenegaraan Presiden Prabowo di Hadapan Parlemen Turkiye,sebuah,4
CfnRESwOZKQ,2025-04-10,Pidato Kenegaraan Presiden Prabowo di Hadapan Parlemen Turkiye,you,4
CfnRESwOZKQ,2025-04-10,Pidato Kenegaraan Presiden Prabowo di Hadapan Parlemen Turkiye,agung,3
CfnRESwOZKQ,2025-04-10,Pidato Kenegaraan Presiden Prabowo di Hadapan Parlemen Turkiye,baik,3
CfnRESwOZKQ,2025-04-10,Pidato Kenegaraan Presiden Prabowo di Hadapan Parlemen Turkiye,bersama,3
CfnRESwOZKQ,2025-04-10,Pidato Kenegaraan Presiden Prabowo di Hadapan Parlemen Turkiye,hari,3
CfnRESwOZKQ,2025-04-10,Pidato Kenegaraan Presiden Prabowo di Hadapan Parlemen Turkiye,ikon,3
CfnRESwOZKQ,2025-04-10,Pidato Kenegaraan Presiden Prabowo di Hadapan Parlemen Turkiye,karena,3
CfnRESwOZKQ,2025-04-10,Pidato Kenegaraan Presiden Prabowo di Hadapan Parlemen Turkiye,keadaan,3
CfnRESwOZKQ,2025-04-10,Pidato Kenegaraan Presiden Prabowo di Hadapan Parlemen Turkiye,kemal,3
CfnRESwOZKQ,2025-04-10,Pidato Kenegaraan Presiden Prabowo di Hadapan Parlemen Turkiye,majelis,3
CfnRESwOZKQ,2025-04-10,Pidato Kenegaraan Presiden Prabowo di Hadapan Parlemen Turkiye,manusia,3
CfnRESwOZKQ,2025-04-10,Pidato Kenegaraan Presiden Prabowo di Hadapan Parlemen Turkiye,membela,3
CfnRESwOZKQ,2025-04-10,Pidato Kenegaraan Presiden Prabowo di Hadapan Parlemen Turkiye,much,3
CfnRESwOZKQ,2025-04-10,Pidato Kenegaraan Presiden Prabowo di Hadapan Parlemen Turkiye,otoman,3
CfnRESwOZKQ,2025-04-10,Pidato Kenegaraan Presiden Prabowo di Hadapan Parlemen Turkiye,peradaban,3
CfnRESwOZKQ,2025-04-10,Pidato Kenegaraan Presiden Prabowo di Hadapan Parlemen Turkiye,punya,3
CfnRESwOZKQ,2025-04-10,Pidato Kenegaraan Presiden Prabowo di Hadapan Parlemen Turkiye,sampai,3
CfnRESwOZKQ,2025-04-10,Pidato Kenegaraan Presiden Prabowo di Hadapan Parlemen Turkiye,saudara,3
CfnRESwOZKQ,2025-04-10,Pidato Kenegaraan Presiden Prabowo di Hadapan Parlemen Turkiye,sekarang,3
CfnRESwOZKQ,2025-04-10,Pidato Kenegaraan Presiden Prabowo di Hadapan Parlemen Turkiye,selalu,3
CfnRESwOZKQ,2025-04-10,Pidato Kenegaraan Presiden Prabowo di Hadapan Parlemen Turkiye,semua,3
CfnRESwOZKQ,2025-04-10,Pidato Kenegaraan Presiden Prabowo di Hadapan Parlemen Turkiye,seorang,3
CfnRESwOZKQ,2025-04-10,Pidato Kenegaraan Presiden Prabowo di Hadapan Parlemen Turkiye,tegas,3
CfnRESwOZKQ,2025-04-10,Pidato Kenegaraan Presiden Prabowo di Hadapan Parlemen Turkiye,tentang,3
CfnRESwOZKQ,2025-04-10,Pidato Kenegaraan Presiden Prabowo di Hadapan Parlemen Turkiye,terbuka,3
CfnRESwOZKQ,2025-04-10,Pidato Kenegaraan Presiden Prabowo di Hadapan Parlemen Turkiye,thank,3
CfnRESwOZKQ,2025-04-10,Pidato Kenegaraan Presiden Prabowo di Hadapan Parlemen Turkiye,turkiye,3
CfnRESwOZKQ,2025-04-10,Pidato Kenegaraan Presiden Prabowo di Hadapan Parlemen Turkiye,very,3
CfnRESwOZKQ,2025-04-10,Pidato Kenegaraan Presiden Prabowo di Hadapan Parlemen Turkiye,anak,2
CfnRESwOZKQ,2025-04-10,Pidato Kenegaraan Presiden Prabowo di Hadapan Parlemen Turkiye,anda,2
CfnRESwOZKQ,2025-04-10,Pidato Kenegaraan Presiden Prabowo di Hadapan Parlemen Turkiye,bangsa-bangsa,2
CfnRESwOZKQ,2025-04-10,Pidato Kenegaraan Presiden Prabowo di Hadapan Parlemen Turkiye,banyak,2
CfnRESwOZKQ,2025-04-10,Pidato Kenegaraan Presiden Prabowo di Hadapan Parlemen Turkiye,bekerja,2
CfnRESwOZKQ,2025-04-10,Pidato Kenegaraan Presiden Prabowo di Hadapan Parlemen Turkiye,bersih,2
CfnRESwOZKQ,2025-04-10,Pidato Kenegaraan Presiden Prabowo di Hadapan Parlemen Turkiye,bisa,2
CfnRESwOZKQ,2025-04-10,Pidato Kenegaraan Presiden Prabowo di Hadapan Parlemen Turkiye,bukan,2
CfnRESwOZKQ,2025-04-10,Pidato Kenegaraan Presiden Prabowo di Hadapan Parlemen Turkiye,demokrasi,2
CfnRESwOZKQ,2025-04-10,Pidato Kenegaraan Presiden Prabowo di Hadapan Parlemen Turkiye,hak,2
CfnRESwOZKQ,2025-04-10,Pidato Kenegaraan Presiden Prabowo di Hadapan Parlemen Turkiye,hanya,2
CfnRESwOZKQ,2025-04-10,Pidato Kenegaraan Presiden Prabowo di Hadapan Parlemen Turkiye,harus,2
CfnRESwOZKQ,2025-04-10,Pidato Kenegaraan Presiden Prabowo di Hadapan Parlemen Turkiye,hati,2
CfnRESwOZKQ,2025-04-10,Pidato Kenegaraan Presiden Prabowo di Hadapan Parlemen Turkiye,ingat,2
CfnRESwOZKQ,2025-04-10,Pidato Kenegaraan Presiden Prabowo di Hadapan Parlemen Turkiye,itulah,2
CfnRESwOZKQ,2025-04-10,Pidato Kenegaraan Presiden Prabowo di Hadapan Parlemen Turkiye,jadi,2
CfnRESwOZKQ,2025-04-10,Pidato Kenegaraan Presiden Prabowo di Hadapan Parlemen Turkiye,jakarta,2
CfnRESwOZKQ,2025-04-10,Pidato Kenegaraan Presiden Prabowo di Hadapan Parlemen Turkiye,kantor,2
CfnRESwOZKQ,2025-04-10,Pidato Kenegaraan Presiden Prabowo di Hadapan Parlemen Turkiye,kasih,2
CfnRESwOZKQ,2025-04-10,Pidato Kenegaraan Presiden Prabowo di Hadapan Parlemen Turkiye,keberanian,2
CfnRESwOZKQ,2025-04-10,Pidato Kenegaraan Presiden Prabowo di Hadapan Parlemen Turkiye,kehormatan,2
CfnRESwOZKQ,2025-04-10,Pidato Kenegaraan Presiden Prabowo di Hadapan Parlemen Turkiye,kenapa,2
CfnRESwOZKQ,2025-04-10,Pidato Kenegaraan Presiden Prabowo di Hadapan Parlemen Turkiye,kepala,2
CfnRESwOZKQ,2025-04-10,Pidato Kenegaraan Presiden Prabowo di Hadapan Parlemen Turkiye,ketidakpastian,2
CfnRESwOZKQ,2025-04-10,Pidato Kenegaraan Presiden Prabowo di Hadapan Parlemen Turkiye,ketua,2
CfnRESwOZKQ,2025-04-10,Pidato Kenegaraan Presiden Prabowo di Hadapan Parlemen Turkiye,kuat,2
CfnRESwOZKQ,2025-04-10,Pidato Kenegaraan Presiden Prabowo di Hadapan Parlemen Turkiye,kunjungan,2
CfnRESwOZKQ,2025-04-10,Pidato Kenegaraan Presiden Prabowo di Hadapan Parlemen Turkiye,lebih,2
CfnRESwOZKQ,2025-04-10,Pidato Kenegaraan Presiden Prabowo di Hadapan Parlemen Turkiye,lemah,2
CfnRESwOZKQ,2025-04-10,Pidato Kenegaraan Presiden Prabowo di Hadapan Parlemen Turkiye,mari,2
CfnRESwOZKQ,2025-04-10,Pidato Kenegaraan Presiden Prabowo di Hadapan Parlemen Turkiye,mehmed,2
CfnRESwOZKQ,2025-04-10,Pidato Kenegaraan Presiden Prabowo di Hadapan Parlemen Turkiye,memerlukan,2
CfnRESwOZKQ,2025-04-10,Pidato Kenegaraan Presiden Prabowo di Hadapan Parlemen Turkiye,menuju,2
CfnRESwOZKQ,2025-04-10,Pidato Kenegaraan Presiden Prabowo di Hadapan Parlemen Turkiye,menyampaikan,2
CfnRESwOZKQ,2025-04-10,Pidato Kenegaraan Presiden Prabowo di Hadapan Parlemen Turkiye,muda,2
CfnRESwOZKQ,2025-04-10,Pidato Kenegaraan Presiden Prabowo di Hadapan Parlemen Turkiye,mungkin,2
CfnRESwOZKQ,2025-04-10,Pidato Kenegaraan Presiden Prabowo di Hadapan Parlemen Turkiye,muslim,2
CfnRESwOZKQ,2025-04-10,Pidato Kenegaraan Presiden Prabowo di Hadapan Parlemen Turkiye,mustafa,2
CfnRESwOZKQ,2025-04-10,Pidato Kenegaraan Presiden Prabowo di Hadapan Parlemen Turkiye,nasional,2
CfnRESwOZKQ,2025-04-10,Pidato Kenegaraan Presiden Prabowo di Hadapan Parlemen Turkiye,negara-negara,2
CfnRESwOZKQ,2025-04-10,Pidato Kenegaraan Presiden Prabowo di Hadapan Parlemen Turkiye,pada,2
CfnRESwOZKQ,2025-04-10,Pidato Kenegaraan Presiden Prabowo di Hadapan Parlemen Turkiye,pahlawan,2
CfnRESwOZKQ,2025-04-10,Pidato Kenegaraan Presiden Prabowo di Hadapan Parlemen Turkiye,para,2
CfnRESwOZKQ,2025-04-10,Pidato Kenegaraan Presiden Prabowo di Hadapan Parlemen Turkiye,pemerintah,2
CfnRESwOZKQ,2025-04-10,Pidato Kenegaraan Presiden Prabowo di Hadapan Parlemen Turkiye,pemimpin-pemimpin,2
CfnRESwOZKQ,2025-04-10,Pidato Kenegaraan Presiden Prabowo di Hadapan Parlemen Turkiye,penakluk,2
CfnRESwOZKQ,2025-04-10,Pidato Kenegaraan Presiden Prabowo di Hadapan Parlemen Turkiye,penindasan,2
CfnRESwOZKQ,2025-04-10,Pidato Kenegaraan Presiden Prabowo di Hadapan Parlemen Turkiye,politisi,2
CfnRESwOZKQ,2025-04-10,Pidato Kenegaraan Presiden Prabowo di Hadapan Parlemen Turkiye,presiden,2
CfnRESwOZKQ,2025-04-10,Pidato Kenegaraan Presiden Prabowo di Hadapan Parlemen Turkiye,pribadi,2
CfnRESwOZKQ,2025-04-10,Pidato Kenegaraan Presiden Prabowo di Hadapan Parlemen Turkiye,pura-pura,2
CfnRESwOZKQ,2025-04-10,Pidato Kenegaraan Presiden Prabowo di Hadapan Parlemen Turkiye,rumah,2
CfnRESwOZKQ,2025-04-10,Pidato Kenegaraan Presiden Prabowo di Hadapan Parlemen Turkiye,sahabat,2
CfnRESwOZKQ,2025-04-10,Pidato Kenegaraan Presiden Prabowo di Hadapan Parlemen Turkiye,sedang,2
CfnRESwOZKQ,2025-04-10,Pidato Kenegaraan Presiden Prabowo di Hadapan Parlemen Turkiye,sikap,2
CfnRESwOZKQ,2025-04-10,Pidato Kenegaraan Presiden Prabowo di Hadapan Parlemen Turkiye,suatu,2
CfnRESwOZKQ,2025-04-10,Pidato Kenegaraan Presiden Prabowo di Hadapan Parlemen Turkiye,terbesar,2
CfnRESwOZKQ,2025-04-10,Pidato Kenegaraan Presiden Prabowo di Hadapan Parlemen Turkiye,terima,2
CfnRESwOZKQ,2025-04-10,Pidato Kenegaraan Presiden Prabowo di Hadapan Parlemen Turkiye,terutama,2
CfnRESwOZKQ,2025-04-10,Pidato Kenegaraan Presiden Prabowo di Hadapan Parlemen Turkiye,tiap,2
CfnRESwOZKQ,2025-04-10,Pidato Kenegaraan Presiden Prabowo di Hadapan Parlemen Turkiye,umat,2
CfnRESwOZKQ,2025-04-10,Pidato Kenegaraan Presiden Prabowo di Hadapan Parlemen Turkiye,wabarakatuh,2
CfnRESwOZKQ,2025-04-10,Pidato Kenegaraan Presiden Prabowo di Hadapan Parlemen Turkiye,warahmatullahi,2
CfnRESwOZKQ,2025-04-10,Pidato Kenegaraan Presiden Prabowo di Hadapan Parlemen Turkiye,abad,1
CfnRESwOZKQ,2025-04-10,Pidato Kenegaraan Presiden Prabowo di Hadapan Parlemen Turkiye,aceh,1
CfnRESwOZKQ,2025-04-10,Pidato Kenegaraan Presiden Prabowo di Hadapan Parlemen Turkiye,ada,1
CfnRESwOZKQ,2025-04-10,Pidato Kenegaraan Presiden Prabowo di Hadapan Parlemen Turkiye,agak,1
CfnRESwOZKQ,2025-04-10,Pidato Kenegaraan Presiden Prabowo di Hadapan Parlemen Turkiye,akan,1
CfnRESwOZKQ,2025-04-10,Pidato Kenegaraan Presiden Prabowo di Hadapan Parlemen Turkiye,aman,1
CfnRESwOZKQ,2025-04-10,Pidato Kenegaraan Presiden Prabowo di Hadapan Parlemen Turkiye,anak-anak,1
CfnRESwOZKQ,2025-04-10,Pidato Kenegaraan Presiden Prabowo di Hadapan Parlemen Turkiye,anggota,1
CfnRESwOZKQ,2025-04-10,Pidato Kenegaraan Presiden Prabowo di Hadapan Parlemen Turkiye,are,1
CfnRESwOZKQ,2025-04-10,Pidato Kenegaraan Presiden Prabowo di Hadapan Parlemen Turkiye,asalamualaikum,1
CfnRESwOZKQ,2025-04-10,Pidato Kenegaraan Presiden Prabowo di Hadapan Parlemen Turkiye,asasi,1
CfnRESwOZKQ,2025-04-10,Pidato Kenegaraan Presiden Prabowo di Hadapan Parlemen Turkiye,atatur,1
CfnRESwOZKQ,2025-04-10,Pidato Kenegaraan Presiden Prabowo di Hadapan Parlemen Turkiye,ataturk,1
CfnRESwOZKQ,2025-04-10,Pidato Kenegaraan Presiden Prabowo di Hadapan Parlemen Turkiye,atau,1
CfnRESwOZKQ,2025-04-10,Pidato Kenegaraan Presiden Prabowo di Hadapan Parlemen Turkiye,azazi,1
CfnRESwOZKQ,2025-04-10,Pidato Kenegaraan Presiden Prabowo di Hadapan Parlemen Turkiye,bangsa,1
CfnRESwOZKQ,2025-04-10,Pidato Kenegaraan Presiden Prabowo di Hadapan Parlemen Turkiye,bangun,1
CfnRESwOZKQ,2025-04-10,Pidato Kenegaraan Presiden Prabowo di Hadapan Parlemen Turkiye,bantuan,1
CfnRESwOZKQ,2025-04-10,Pidato Kenegaraan Presiden Prabowo di Hadapan Parlemen Turkiye,barat,1
CfnRESwOZKQ,2025-04-10,Pidato Kenegaraan Presiden Prabowo di Hadapan Parlemen Turkiye,begini,1
CfnRESwOZKQ,2025-04-10,Pidato Kenegaraan Presiden Prabowo di Hadapan Parlemen Turkiye,belajar,1
CfnRESwOZKQ,2025-04-10,Pidato Kenegaraan Presiden Prabowo di Hadapan Parlemen Turkiye,berabad-abad,1
CfnRESwOZKQ,2025-04-10,Pidato Kenegaraan Presiden Prabowo di Hadapan Parlemen Turkiye,berbuat,1
CfnRESwOZKQ,2025-04-10,Pidato Kenegaraan Presiden Prabowo di Hadapan Parlemen Turkiye,berdiri,1
CfnRESwOZKQ,2025-04-10,Pidato Kenegaraan Presiden Prabowo di Hadapan Parlemen Turkiye,berdosa,1
CfnRESwOZKQ,2025-04-10,Pidato Kenegaraan Presiden Prabowo di Hadapan Parlemen Turkiye,berhadapan,1
CfnRESwOZKQ,2025-04-10,Pidato Kenegaraan Presiden Prabowo di Hadapan Parlemen Turkiye,berkampanye,1
CfnRESwOZKQ,2025-04-10,Pidato Kenegaraan Presiden Prabowo di Hadapan Parlemen Turkiye,berkembang,1
CfnRESwOZKQ,2025-04-10,Pidato Kenegaraan Presiden Prabowo di Hadapan Parlemen Turkiye,bersahabat,1
CfnRESwOZKQ,2025-04-10,Pidato Kenegaraan Presiden Prabowo di Hadapan Parlemen Turkiye,bersama-sama,1
CfnRESwOZKQ,2025-04-10,Pidato Kenegaraan Presiden Prabowo di Hadapan Parlemen Turkiye,bersejarah,1
CfnRESwOZKQ,2025-04-10,Pidato Kenegaraan Presiden Prabowo di Hadapan Parlemen Turkiye,bismillahirrahmanirrahim,1
CfnRESwOZKQ,2025-04-10,Pidato Kenegaraan Presiden Prabowo di Hadapan Parlemen Turkiye,bom,1
CfnRESwOZKQ,2025-04-10,Pidato Kenegaraan Presiden Prabowo di Hadapan Parlemen Turkiye,cerita,1
CfnRESwOZKQ,2025-04-10,Pidato Kenegaraan Presiden Prabowo di Hadapan Parlemen Turkiye,cintai,1
CfnRESwOZKQ,2025-04-10,Pidato Kenegaraan Presiden Prabowo di Hadapan Parlemen Turkiye,daerah-daerah,1
CfnRESwOZKQ,2025-04-10,Pidato Kenegaraan Presiden Prabowo di Hadapan Parlemen Turkiye,dalam,1
CfnRESwOZKQ,2025-04-10,Pidato Kenegaraan Presiden Prabowo di Hadapan Parlemen Turkiye,damai,1
CfnRESwOZKQ,2025-04-10,Pidato Kenegaraan Presiden Prabowo di Hadapan Parlemen Turkiye,dapat,1
CfnRESwOZKQ,2025-04-10,Pidato Kenegaraan Presiden Prabowo di Hadapan Parlemen Turkiye,dekat,1
CfnRESwOZKQ,2025-04-10,Pidato Kenegaraan Presiden Prabowo di Hadapan Parlemen Turkiye,deli,1
CfnRESwOZKQ,2025-04-10,Pidato Kenegaraan Presiden Prabowo di Hadapan Parlemen Turkiye,depan,1
CfnRESwOZKQ,2025-04-10,Pidato Kenegaraan Presiden Prabowo di Hadapan Parlemen Turkiye,dialami,1
CfnRESwOZKQ,2025-04-10,Pidato Kenegaraan Presiden Prabowo di Hadapan Parlemen Turkiye,diam,1
CfnRESwOZKQ,2025-04-10,Pidato Kenegaraan Presiden Prabowo di Hadapan Parlemen Turkiye,dibantu,1
CfnRESwOZKQ,2025-04-10,Pidato Kenegaraan Presiden Prabowo di Hadapan Parlemen Turkiye,dibom,1
CfnRESwOZKQ,2025-04-10,Pidato Kenegaraan Presiden Prabowo di Hadapan Parlemen Turkiye,diceritakan,1
CfnRESwOZKQ,2025-04-10,Pidato Kenegaraan Presiden Prabowo di Hadapan Parlemen Turkiye,didengar,1
CfnRESwOZKQ,2025-04-10,Pidato Kenegaraan Presiden Prabowo di Hadapan Parlemen Turkiye,diinspirasi,1
CfnRESwOZKQ,2025-04-10,Pidato Kenegaraan Presiden Prabowo di Hadapan Parlemen Turkiye,dilatih,1
CfnRESwOZKQ,2025-04-10,Pidato Kenegaraan Presiden Prabowo di Hadapan Parlemen Turkiye,diri,1
CfnRESwOZKQ,2025-04-10,Pidato Kenegaraan Presiden Prabowo di Hadapan Parlemen Turkiye,diserang,1
CfnRESwOZKQ,2025-04-10,Pidato Kenegaraan Presiden Prabowo di Hadapan Parlemen Turkiye,dulu,1
CfnRESwOZKQ,2025-04-10,Pidato Kenegaraan Presiden Prabowo di Hadapan Parlemen Turkiye,duta,1
CfnRESwOZKQ,2025-04-10,Pidato Kenegaraan Presiden Prabowo di Hadapan Parlemen Turkiye,ekonomi,1
CfnRESwOZKQ,2025-04-10,Pidato Kenegaraan Presiden Prabowo di Hadapan Parlemen Turkiye,gaza,1
CfnRESwOZKQ,2025-04-10,Pidato Kenegaraan Presiden Prabowo di Hadapan Parlemen Turkiye,geopolitik,1
CfnRESwOZKQ,2025-04-10,Pidato Kenegaraan Presiden Prabowo di Hadapan Parlemen Turkiye,global,1
CfnRESwOZKQ,2025-04-10,Pidato Kenegaraan Presiden Prabowo di Hadapan Parlemen Turkiye,grogi,1
CfnRESwOZKQ,2025-04-10,Pidato Kenegaraan Presiden Prabowo di Hadapan Parlemen Turkiye,h,1
CfnRESwOZKQ,2025-04-10,Pidato Kenegaraan Presiden Prabowo di Hadapan Parlemen Turkiye,hadapan,1
CfnRESwOZKQ,2025-04-10,Pidato Kenegaraan Presiden Prabowo di Hadapan Parlemen Turkiye,hadir,1
CfnRESwOZKQ,2025-04-10,Pidato Kenegaraan Presiden Prabowo di Hadapan Parlemen Turkiye,hadirin,1
CfnRESwOZKQ,2025-04-10,Pidato Kenegaraan Presiden Prabowo di Hadapan Parlemen Turkiye,hampir,1
CfnRESwOZKQ,2025-04-10,Pidato Kenegaraan Presiden Prabowo di Hadapan Parlemen Turkiye,hangat,1
CfnRESwOZKQ,2025-04-10,Pidato Kenegaraan Presiden Prabowo di Hadapan Parlemen Turkiye,harga,1
CfnRESwOZKQ,2025-04-10,Pidato Kenegaraan Presiden Prabowo di Hadapan Parlemen Turkiye,hatinya,1
CfnRESwOZKQ,2025-04-10,Pidato Kenegaraan Presiden Prabowo di Hadapan Parlemen Turkiye,hormati,1
CfnRESwOZKQ,2025-04-10,Pidato Kenegaraan Presiden Prabowo di Hadapan Parlemen Turkiye,how,1
CfnRESwOZKQ,2025-04-10,Pidato Kenegaraan Presiden Prabowo di Hadapan Parlemen Turkiye,hubungan,1
CfnRESwOZKQ,2025-04-10,Pidato Kenegaraan Presiden Prabowo di Hadapan Parlemen Turkiye,i,1
CfnRESwOZKQ,2025-04-10,Pidato Kenegaraan Presiden Prabowo di Hadapan Parlemen Turkiye,ibu-ibu,1
CfnRESwOZKQ,2025-04-10,Pidato Kenegaraan Presiden Prabowo di Hadapan Parlemen Turkiye,ikatan,1
CfnRESwOZKQ,2025-04-10,Pidato Kenegaraan Presiden Prabowo di Hadapan Parlemen Turkiye,imperialis-imperialis,1
CfnRESwOZKQ,2025-04-10,Pidato Kenegaraan Presiden Prabowo di Hadapan Parlemen Turkiye,internasional,1
CfnRESwOZKQ,2025-04-10,Pidato Kenegaraan Presiden Prabowo di Hadapan Parlemen Turkiye,islam,1
CfnRESwOZKQ,2025-04-10,Pidato Kenegaraan Presiden Prabowo di Hadapan Parlemen Turkiye,istimewa,1
CfnRESwOZKQ,2025-04-10,Pidato Kenegaraan Presiden Prabowo di Hadapan Parlemen Turkiye,jantung,1
CfnRESwOZKQ,2025-04-10,Pidato Kenegaraan Presiden Prabowo di Hadapan Parlemen Turkiye,juta,1
CfnRESwOZKQ,2025-04-10,Pidato Kenegaraan Presiden Prabowo di Hadapan Parlemen Turkiye,kagum,1
CfnRESwOZKQ,2025-04-10,Pidato Kenegaraan Presiden Prabowo di Hadapan Parlemen Turkiye,kakek-kakek,1
CfnRESwOZKQ,2025-04-10,Pidato Kenegaraan Presiden Prabowo di Hadapan Parlemen Turkiye,kali,1
CfnRESwOZKQ,2025-04-10,Pidato Kenegaraan Presiden Prabowo di Hadapan Parlemen Turkiye,ke-21,1
CfnRESwOZKQ,2025-04-10,Pidato Kenegaraan Presiden Prabowo di Hadapan Parlemen Turkiye,keadilan,1
CfnRESwOZKQ,2025-04-10,Pidato Kenegaraan Presiden Prabowo di Hadapan Parlemen Turkiye,kearifan,1
CfnRESwOZKQ,2025-04-10,Pidato Kenegaraan Presiden Prabowo di Hadapan Parlemen Turkiye,kebenaran,1
CfnRESwOZKQ,2025-04-10,Pidato Kenegaraan Presiden Prabowo di Hadapan Parlemen Turkiye,kehidupan,1
CfnRESwOZKQ,2025-04-10,Pidato Kenegaraan Presiden Prabowo di Hadapan Parlemen Turkiye,kehilangan,1
CfnRESwOZKQ,2025-04-10,Pidato Kenegaraan Presiden Prabowo di Hadapan Parlemen Turkiye,kekaisaran,1
CfnRESwOZKQ,2025-04-10,Pidato Kenegaraan Presiden Prabowo di Hadapan Parlemen Turkiye,kekasaran,1
CfnRESwOZKQ,2025-04-10,Pidato Kenegaraan Presiden Prabowo di Hadapan Parlemen Turkiye,kemajuan-kemajuan,1
CfnRESwOZKQ,2025-04-10,Pidato Kenegaraan Presiden Prabowo di Hadapan Parlemen Turkiye,kemerdekaan,1
CfnRESwOZKQ,2025-04-10,Pidato Kenegaraan Presiden Prabowo di Hadapan Parlemen Turkiye,kenegaraan,1
CfnRESwOZKQ,2025-04-10,Pidato Kenegaraan Presiden Prabowo di Hadapan Parlemen Turkiye,kepentingan,1
CfnRESwOZKQ,2025-04-10,Pidato Kenegaraan Presiden Prabowo di Hadapan Parlemen Turkiye,kerja,1
CfnRESwOZKQ,2025-04-10,Pidato Kenegaraan Presiden Prabowo di Hadapan Parlemen Turkiye,kesejahteraan,1
CfnRESwOZKQ,2025-04-10,Pidato Kenegaraan Presiden Prabowo di Hadapan Parlemen Turkiye,khusus,1
CfnRESwOZKQ,2025-04-10,Pidato Kenegaraan Presiden Prabowo di Hadapan Parlemen Turkiye,korupsi,1
CfnRESwOZKQ,2025-04-10,Pidato Kenegaraan Presiden Prabowo di Hadapan Parlemen Turkiye,kurtulmus,1
CfnRESwOZKQ,2025-04-10,Pidato Kenegaraan Presiden Prabowo di Hadapan Parlemen Turkiye,lahir,1
CfnRESwOZKQ,2025-04-10,Pidato Kenegaraan Presiden Prabowo di Hadapan Parlemen Turkiye,lembaga,1
CfnRESwOZKQ,2025-04-10,Pidato Kenegaraan Presiden Prabowo di Hadapan Parlemen Turkiye,luar,1
CfnRESwOZKQ,2025-04-10,Pidato Kenegaraan Presiden Prabowo di Hadapan Parlemen Turkiye,masih,1
CfnRESwOZKQ,2025-04-10,Pidato Kenegaraan Presiden Prabowo di Hadapan Parlemen Turkiye,melihat,1
CfnRESwOZKQ,2025-04-10,Pidato Kenegaraan Presiden Prabowo di Hadapan Parlemen Turkiye,membagi,1
CfnRESwOZKQ,2025-04-10,Pidato Kenegaraan Presiden Prabowo di Hadapan Parlemen Turkiye,membangun,1
CfnRESwOZKQ,2025-04-10,Pidato Kenegaraan Presiden Prabowo di Hadapan Parlemen Turkiye,memiliki,1
CfnRESwOZKQ,2025-04-10,Pidato Kenegaraan Presiden Prabowo di Hadapan Parlemen Turkiye,memimpin,1
CfnRESwOZKQ,2025-04-10,Pidato Kenegaraan Presiden Prabowo di Hadapan Parlemen Turkiye,memperbaiki,1
CfnRESwOZKQ,2025-04-10,Pidato Kenegaraan Presiden Prabowo di Hadapan Parlemen Turkiye,mencapai,1
CfnRESwOZKQ,2025-04-10,Pidato Kenegaraan Presiden Prabowo di Hadapan Parlemen Turkiye,mencatat,1
CfnRESwOZKQ,2025-04-10,Pidato Kenegaraan Presiden Prabowo di Hadapan Parlemen Turkiye,mendalam,1
CfnRESwOZKQ,2025-04-10,Pidato Kenegaraan Presiden Prabowo di Hadapan Parlemen Turkiye,menerima,1
CfnRESwOZKQ,2025-04-10,Pidato Kenegaraan Presiden Prabowo di Hadapan Parlemen Turkiye,mengakui,1
CfnRESwOZKQ,2025-04-10,Pidato Kenegaraan Presiden Prabowo di Hadapan Parlemen Turkiye,mengenal,1
CfnRESwOZKQ,2025-04-10,Pidato Kenegaraan Presiden Prabowo di Hadapan Parlemen Turkiye,mengunjungi,1
CfnRESwOZKQ,2025-04-10,Pidato Kenegaraan Presiden Prabowo di Hadapan Parlemen Turkiye,menteri,1
CfnRESwOZKQ,2025-04-10,Pidato Kenegaraan Presiden Prabowo di Hadapan Parlemen Turkiye,menurut,1
CfnRESwOZKQ,2025-04-10,Pidato Kenegaraan Presiden Prabowo di Hadapan Parlemen Turkiye,menyerah,1
CfnRESwOZKQ,2025-04-10,Pidato Kenegaraan Presiden Prabowo di Hadapan Parlemen Turkiye,merasakan,1
CfnRESwOZKQ,2025-04-10,Pidato Kenegaraan Presiden Prabowo di Hadapan Parlemen Turkiye,merupakan,1
CfnRESwOZKQ,2025-04-10,Pidato Kenegaraan Presiden Prabowo di Hadapan Parlemen Turkiye,momen,1
CfnRESwOZKQ,2025-04-10,Pidato Kenegaraan Presiden Prabowo di Hadapan Parlemen Turkiye,mus,1
CfnRESwOZKQ,2025-04-10,Pidato Kenegaraan Presiden Prabowo di Hadapan Parlemen Turkiye,mustfa,1
CfnRESwOZKQ,2025-04-10,Pidato Kenegaraan Presiden Prabowo di Hadapan Parlemen Turkiye,nilai-nilai,1
CfnRESwOZKQ,2025-04-10,Pidato Kenegaraan Presiden Prabowo di Hadapan Parlemen Turkiye,numan,1
CfnRESwOZKQ,2025-04-10,Pidato Kenegaraan Presiden Prabowo di Hadapan Parlemen Turkiye,organisasi,1
CfnRESwOZKQ,2025-04-10,Pidato Kenegaraan Presiden Prabowo di Hadapan Parlemen Turkiye,ossani,1
CfnRESwOZKQ,2025-04-10,Pidato Kenegaraan Presiden Prabowo di Hadapan Parlemen Turkiye,palestina,1
CfnRESwOZKQ,2025-04-10,Pidato Kenegaraan Presiden Prabowo di Hadapan Parlemen Turkiye,paling,1
CfnRESwOZKQ,2025-04-10,Pidato Kenegaraan Presiden Prabowo di Hadapan Parlemen Turkiye,parlemen,1
CfnRESwOZKQ,2025-04-10,Pidato Kenegaraan Presiden Prabowo di Hadapan Parlemen Turkiye,patriotisme,1
CfnRESwOZKQ,2025-04-10,Pidato Kenegaraan Presiden Prabowo di Hadapan Parlemen Turkiye,patung,1
CfnRESwOZKQ,2025-04-10,Pidato Kenegaraan Presiden Prabowo di Hadapan Parlemen Turkiye,pelanggaran,1
CfnRESwOZKQ,2025-04-10,Pidato Kenegaraan Presiden Prabowo di Hadapan Parlemen Turkiye,penasihat,1
CfnRESwOZKQ,2025-04-10,Pidato Kenegaraan Presiden Prabowo di Hadapan Parlemen Turkiye,pendapat,1
CfnRESwOZKQ,2025-04-10,Pidato Kenegaraan Presiden Prabowo di Hadapan Parlemen Turkiye,penerus,1
CfnRESwOZKQ,2025-04-10,Pidato Kenegaraan Presiden Prabowo di Hadapan Parlemen Turkiye,pengagum,1
CfnRESwOZKQ,2025-04-10,Pidato Kenegaraan Presiden Prabowo di Hadapan Parlemen Turkiye,perjuangannya,1
CfnRESwOZKQ,2025-04-10,Pidato Kenegaraan Presiden Prabowo di Hadapan Parlemen Turkiye,persahabatan,1
CfnRESwOZKQ,2025-04-10,Pidato Kenegaraan Presiden Prabowo di Hadapan Parlemen Turkiye,pertama,1
CfnRESwOZKQ,2025-04-10,Pidato Kenegaraan Presiden Prabowo di Hadapan Parlemen Turkiye,perwakilan,1
CfnRESwOZKQ,2025-04-10,Pidato Kenegaraan Presiden Prabowo di Hadapan Parlemen Turkiye,perwira-perwira,1
CfnRESwOZKQ,2025-04-10,Pidato Kenegaraan Presiden Prabowo di Hadapan Parlemen Turkiye,pidato,1
CfnRESwOZKQ,2025-04-10,Pidato Kenegaraan Presiden Prabowo di Hadapan Parlemen Turkiye,prajurit-prajurit,1
CfnRESwOZKQ,2025-04-10,Pidato Kenegaraan Presiden Prabowo di Hadapan Parlemen Turkiye,prof,1
CfnRESwOZKQ,2025-04-10,Pidato Kenegaraan Presiden Prabowo di Hadapan Parlemen Turkiye,rakyat-rakyat,1
CfnRESwOZKQ,2025-04-10,Pidato Kenegaraan Presiden Prabowo di Hadapan Parlemen Turkiye,rakyatnya,1
CfnRESwOZKQ,2025-04-10,Pidato Kenegaraan Presiden Prabowo di Hadapan Parlemen Turkiye,rasa,1
CfnRESwOZKQ,2025-04-10,Pidato Kenegaraan Presiden Prabowo di Hadapan Parlemen Turkiye,ruangan,1
CfnRESwOZKQ,2025-04-10,Pidato Kenegaraan Presiden Prabowo di Hadapan Parlemen Turkiye,salam,1
CfnRESwOZKQ,2025-04-10,Pidato Kenegaraan Presiden Prabowo di Hadapan Parlemen Turkiye,sama-sama,1
CfnRESwOZKQ,2025-04-10,Pidato Kenegaraan Presiden Prabowo di Hadapan Parlemen Turkiye,sang,1
CfnRESwOZKQ,2025-04-10,Pidato Kenegaraan Presiden Prabowo di Hadapan Parlemen Turkiye,saudara-saudaramu,1
CfnRESwOZKQ,2025-04-10,Pidato Kenegaraan Presiden Prabowo di Hadapan Parlemen Turkiye,secara,1
CfnRESwOZKQ,2025-04-10,Pidato Kenegaraan Presiden Prabowo di Hadapan Parlemen Turkiye,sejarahnya,1
CfnRESwOZKQ,2025-04-10,Pidato Kenegaraan Presiden Prabowo di Hadapan Parlemen Turkiye,sekedar,1
CfnRESwOZKQ,2025-04-10,Pidato Kenegaraan Presiden Prabowo di Hadapan Parlemen Turkiye,selama,1
CfnRESwOZKQ,2025-04-10,Pidato Kenegaraan Presiden Prabowo di Hadapan Parlemen Turkiye,seluruh,1
CfnRESwOZKQ,2025-04-10,Pidato Kenegaraan Presiden Prabowo di Hadapan Parlemen Turkiye,semakin,1
CfnRESwOZKQ,2025-04-10,Pidato Kenegaraan Presiden Prabowo di Hadapan Parlemen Turkiye,semangat,1
CfnRESwOZKQ,2025-04-10,Pidato Kenegaraan Presiden Prabowo di Hadapan Parlemen Turkiye,sendiri,1
CfnRESwOZKQ,2025-04-10,Pidato Kenegaraan Presiden Prabowo di Hadapan Parlemen Turkiye,senjata,1
CfnRESwOZKQ,2025-04-10,Pidato Kenegaraan Presiden Prabowo di Hadapan Parlemen Turkiye,serdang,1
CfnRESwOZKQ,2025-04-10,Pidato Kenegaraan Presiden Prabowo di Hadapan Parlemen Turkiye,sering,1
CfnRESwOZKQ,2025-04-10,Pidato Kenegaraan Presiden Prabowo di Hadapan Parlemen Turkiye,seseorang,1
CfnRESwOZKQ,2025-04-10,Pidato Kenegaraan Presiden Prabowo di Hadapan Parlemen Turkiye,siapapun,1
CfnRESwOZKQ,2025-04-10,Pidato Kenegaraan Presiden Prabowo di Hadapan Parlemen Turkiye,sini,1
CfnRESwOZKQ,2025-04-10,Pidato Kenegaraan Presiden Prabowo di Hadapan Parlemen Turkiye,solidaritas,1
CfnRESwOZKQ,2025-04-10,Pidato Kenegaraan Presiden Prabowo di Hadapan Parlemen Turkiye,south,1
CfnRESwOZKQ,2025-04-10,Pidato Kenegaraan Presiden Prabowo di Hadapan Parlemen Turkiye,suara,1
CfnRESwOZKQ,2025-04-10,Pidato Kenegaraan Presiden Prabowo di Hadapan Parlemen Turkiye,sultan-sultan,1
CfnRESwOZKQ,2025-04-10,Pidato Kenegaraan Presiden Prabowo di Hadapan Parlemen Turkiye,sumatera,1
CfnRESwOZKQ,2025-04-10,Pidato Kenegaraan Presiden Prabowo di Hadapan Parlemen Turkiye,supaya,1
CfnRESwOZKQ,2025-04-10,Pidato Kenegaraan Presiden Prabowo di Hadapan Parlemen Turkiye,tahu,1
CfnRESwOZKQ,2025-04-10,Pidato Kenegaraan Presiden Prabowo di Hadapan Parlemen Turkiye,tahun,1
CfnRESwOZKQ,2025-04-10,Pidato Kenegaraan Presiden Prabowo di Hadapan Parlemen Turkiye,tampil,1
CfnRESwOZKQ,2025-04-10,Pidato Kenegaraan Presiden Prabowo di Hadapan Parlemen Turkiye,tamu-tamu,1
CfnRESwOZKQ,2025-04-10,Pidato Kenegaraan Presiden Prabowo di Hadapan Parlemen Turkiye,tanah,1
CfnRESwOZKQ,2025-04-10,Pidato Kenegaraan Presiden Prabowo di Hadapan Parlemen Turkiye,tangan,1
CfnRESwOZKQ,2025-04-10,Pidato Kenegaraan Presiden Prabowo di Hadapan Parlemen Turkiye,tanpa,1
CfnRESwOZKQ,2025-04-10,Pidato Kenegaraan Presiden Prabowo di Hadapan Parlemen Turkiye,tapi,1
CfnRESwOZKQ,2025-04-10,Pidato Kenegaraan Presiden Prabowo di Hadapan Parlemen Turkiye,telah,1
CfnRESwOZKQ,2025-04-10,Pidato Kenegaraan Presiden Prabowo di Hadapan Parlemen Turkiye,tempat,1
CfnRESwOZKQ,2025-04-10,Pidato Kenegaraan Presiden Prabowo di Hadapan Parlemen Turkiye,tentara,1
CfnRESwOZKQ,2025-04-10,Pidato Kenegaraan Presiden Prabowo di Hadapan Parlemen Turkiye,terbaik,1
CfnRESwOZKQ,2025-04-10,Pidato Kenegaraan Presiden Prabowo di Hadapan Parlemen Turkiye,terhadap,1
CfnRESwOZKQ,2025-04-10,Pidato Kenegaraan Presiden Prabowo di Hadapan Parlemen Turkiye,terjadi,1
CfnRESwOZKQ,2025-04-10,Pidato Kenegaraan Presiden Prabowo di Hadapan Parlemen Turkiye,terjalin,1
CfnRESwOZKQ,2025-04-10,Pidato Kenegaraan Presiden Prabowo di Hadapan Parlemen Turkiye,terkasih,1
CfnRESwOZKQ,2025-04-10,Pidato Kenegaraan Presiden Prabowo di Hadapan Parlemen Turkiye,tersentuh,1
CfnRESwOZKQ,2025-04-10,Pidato Kenegaraan Presiden Prabowo di Hadapan Parlemen Turkiye,tertindas,1
CfnRESwOZKQ,2025-04-10,Pidato Kenegaraan Presiden Prabowo di Hadapan Parlemen Turkiye,tetapi,1
CfnRESwOZKQ,2025-04-10,Pidato Kenegaraan Presiden Prabowo di Hadapan Parlemen Turkiye,transformasi,1
CfnRESwOZKQ,2025-04-10,Pidato Kenegaraan Presiden Prabowo di Hadapan Parlemen Turkiye,turk,1
CfnRESwOZKQ,2025-04-10,Pidato Kenegaraan Presiden Prabowo di Hadapan Parlemen Turkiye,waalaikumsalam,1
CfnRESwOZKQ,2025-04-10,Pidato Kenegaraan Presiden Prabowo di Hadapan Parlemen Turkiye,wakil,1
CfnRESwOZKQ,2025-04-10,Pidato Kenegaraan Presiden Prabowo di Hadapan Parlemen Turkiye,warahmatullah,1
CfnRESwOZKQ,2025-04-10,Pidato Kenegaraan Presiden Prabowo di Hadapan Parlemen Turkiye,wasalamualaikum,1
CfnRESwOZKQ,2025-04-10,Pidato Kenegaraan Presiden Prabowo di Hadapan Parlemen Turkiye,yakin,1
E_doThSKS4E,2025-08-07,Presiden Prabowo Hadiri KSTI Indonesia 2025,dan,21
E_doThSKS4E,2025-08-07,Presiden Prabowo Hadiri KSTI Indonesia 2025,saudara,21
E_doThSKS4E,2025-08-07,Presiden Prabowo Hadiri KSTI Indonesia 2025,yang,21
E_doThSKS4E,2025-08-07,Presiden Prabowo Hadiri KSTI Indonesia 2025,menteri,20
E_doThSKS4E,2025-08-07,Presiden Prabowo Hadiri KSTI Indonesia 2025,saya,12
E_doThSKS4E,2025-08-07,Presiden Prabowo Hadiri KSTI Indonesia 2025,direktur,10
E_doThSKS4E,2025-08-07,Presiden Prabowo Hadiri KSTI Indonesia 2025,hadir,10
E_doThSKS4E,2025-08-07,Presiden Prabowo Hadiri KSTI Indonesia 2025,itb,9
E_doThSKS4E,2025-08-07,Presiden Prabowo Hadiri KSTI Indonesia 2025,prof,8
E_doThSKS4E,2025-08-07,Presiden Prabowo Hadiri KSTI Indonesia 2025,utama,8
E_doThSKS4E,2025-08-07,Presiden Prabowo Hadiri KSTI Indonesia 2025,para,7
E_doThSKS4E,2025-08-07,Presiden Prabowo Hadiri KSTI Indonesia 2025,pt,6
E_doThSKS4E,2025-08-07,Presiden Prabowo Hadiri KSTI Indonesia 2025,teknologi,6
E_doThSKS4E,2025-08-07,Presiden Prabowo Hadiri KSTI Indonesia 2025,wakil,6
E_doThSKS4E,2025-08-07,Presiden Prabowo Hadiri KSTI Indonesia 2025,badan,5
E_doThSKS4E,2025-08-07,Presiden Prabowo Hadiri KSTI Indonesia 2025,banggakan,5
E_doThSKS4E,2025-08-07,Presiden Prabowo Hadiri KSTI Indonesia 2025,hormati,5
E_doThSKS4E,2025-08-07,Presiden Prabowo Hadiri KSTI Indonesia 2025,ini,5
E_doThSKS4E,2025-08-07,Presiden Prabowo Hadiri KSTI Indonesia 2025,kepala,5
E_doThSKS4E,2025-08-07,Presiden Prabowo Hadiri KSTI Indonesia 2025,tinggi,5
E_doThSKS4E,2025-08-07,Presiden Prabowo Hadiri KSTI Indonesia 2025,ada,4
E_doThSKS4E,2025-08-07,Presiden Prabowo Hadiri KSTI Indonesia 2025,bangsa,4
E_doThSKS4E,2025-08-07,Presiden Prabowo Hadiri KSTI Indonesia 2025,brian,4
E_doThSKS4E,2025-08-07,Presiden Prabowo Hadiri KSTI Indonesia 2025,dari,4
E_doThSKS4E,2025-08-07,Presiden Prabowo Hadiri KSTI Indonesia 2025,di,4
E_doThSKS4E,2025-08-07,Presiden Prabowo Hadiri KSTI Indonesia 2025,indonesia,4
E_doThSKS4E,2025-08-07,Presiden Prabowo Hadiri KSTI Indonesia 2025,kita,4
E_doThSKS4E,2025-08-07,Presiden Prabowo Hadiri KSTI Indonesia 2025,pendidikan,4
E_doThSKS4E,2025-08-07,Presiden Prabowo Hadiri KSTI Indonesia 2025,sains,4
E_doThSKS4E,2025-08-07,Presiden Prabowo Hadiri KSTI Indonesia 2025,tidak,4
E_doThSKS4E,2025-08-07,Presiden Prabowo Hadiri KSTI Indonesia 2025,ya,4
E_doThSKS4E,2025-08-07,Presiden Prabowo Hadiri KSTI Indonesia 2025,bandung,3
E_doThSKS4E,2025-08-07,Presiden Prabowo Hadiri KSTI Indonesia 2025,boleh,3
E_doThSKS4E,2025-08-07,Presiden Prabowo Hadiri KSTI Indonesia 2025,enggak,3
E_doThSKS4E,2025-08-07,Presiden Prabowo Hadiri KSTI Indonesia 2025,lagi,3
E_doThSKS4E,2025-08-07,Presiden Prabowo Hadiri KSTI Indonesia 2025,mana,3
E_doThSKS4E,2025-08-07,Presiden Prabowo Hadiri KSTI Indonesia 2025,nasional,3
E_doThSKS4E,2025-08-07,Presiden Prabowo Hadiri KSTI Indonesia 2025,nih,3
E_doThSKS4E,2025-08-07,Presiden Prabowo Hadiri KSTI Indonesia 2025,perguruan,3
E_doThSKS4E,2025-08-07,Presiden Prabowo Hadiri KSTI Indonesia 2025,rektor,3
E_doThSKS4E,2025-08-07,Presiden Prabowo Hadiri KSTI Indonesia 2025,saudari,3
E_doThSKS4E,2025-08-07,Presiden Prabowo Hadiri KSTI Indonesia 2025,takut,3
E_doThSKS4E,2025-08-07,Presiden Prabowo Hadiri KSTI Indonesia 2025,ui,3
E_doThSKS4E,2025-08-07,Presiden Prabowo Hadiri KSTI Indonesia 2025,atau,2
E_doThSKS4E,2025-08-07,Presiden Prabowo Hadiri KSTI Indonesia 2025,barat,2
E_doThSKS4E,2025-08-07,Presiden Prabowo Hadiri KSTI Indonesia 2025,berani,2
E_doThSKS4E,2025-08-07,Presiden Prabowo Hadiri KSTI Indonesia 2025,besar,2
E_doThSKS4E,2025-08-07,Presiden Prabowo Hadiri KSTI Indonesia 2025,beserta,2
E_doThSKS4E,2025-08-07,Presiden Prabowo Hadiri KSTI Indonesia 2025,budaya,2
E_doThSKS4E,2025-08-07,Presiden Prabowo Hadiri KSTI Indonesia 2025,daftar,2
E_doThSKS4E,2025-08-07,Presiden Prabowo Hadiri KSTI Indonesia 2025,dedi,2
E_doThSKS4E,2025-08-07,Presiden Prabowo Hadiri KSTI Indonesia 2025,digitalisasi,2
E_doThSKS4E,2025-08-07,Presiden Prabowo Hadiri KSTI Indonesia 2025,dirgantara,2
E_doThSKS4E,2025-08-07,Presiden Prabowo Hadiri KSTI Indonesia 2025,ee,2
E_doThSKS4E,2025-08-07,Presiden Prabowo Hadiri KSTI Indonesia 2025,inovasi,2
E_doThSKS4E,2025-08-07,Presiden Prabowo Hadiri KSTI Indonesia 2025,institut,2
E_doThSKS4E,2025-08-07,Presiden Prabowo Hadiri KSTI Indonesia 2025,investasi,2
E_doThSKS4E,2025-08-07,Presiden Prabowo Hadiri KSTI Indonesia 2025,ipb,2
E_doThSKS4E,2025-08-07,Presiden Prabowo Hadiri KSTI Indonesia 2025,jawa,2
E_doThSKS4E,2025-08-07,Presiden Prabowo Hadiri KSTI Indonesia 2025,juga,2
E_doThSKS4E,2025-08-07,Presiden Prabowo Hadiri KSTI Indonesia 2025,kabinet,2
E_doThSKS4E,2025-08-07,Presiden Prabowo Hadiri KSTI Indonesia 2025,kan,2
E_doThSKS4E,2025-08-07,Presiden Prabowo Hadiri KSTI Indonesia 2025,karunia,2
E_doThSKS4E,2025-08-07,Presiden Prabowo Hadiri KSTI Indonesia 2025,komunikasi,2
E_doThSKS4E,2025-08-07,Presiden Prabowo Hadiri KSTI Indonesia 2025,koordinator,2
E_doThSKS4E,2025-08-07,Presiden Prabowo Hadiri KSTI Indonesia 2025,kopi,2
E_doThSKS4E,2025-08-07,Presiden Prabowo Hadiri KSTI Indonesia 2025,mulyadi,2
E_doThSKS4E,2025-08-07,Presiden Prabowo Hadiri KSTI Indonesia 2025,pimpinan,2
E_doThSKS4E,2025-08-07,Presiden Prabowo Hadiri KSTI Indonesia 2025,profesor,2
E_doThSKS4E,2025-08-07,Presiden Prabowo Hadiri KSTI Indonesia 2025,provinsi,2
E_doThSKS4E,2025-08-07,Presiden Prabowo Hadiri KSTI Indonesia 2025,riset,2
E_doThSKS4E,2025-08-07,Presiden Prabowo Hadiri KSTI Indonesia 2025,salam,2
E_doThSKS4E,2025-08-07,Presiden Prabowo Hadiri KSTI Indonesia 2025,sangat,2
E_doThSKS4E,2025-08-07,Presiden Prabowo Hadiri KSTI Indonesia 2025,sekretaris,2
E_doThSKS4E,2025-08-07,Presiden Prabowo Hadiri KSTI Indonesia 2025,semua,2
E_doThSKS4E,2025-08-07,Presiden Prabowo Hadiri KSTI Indonesia 2025,serta,2
E_doThSKS4E,2025-08-07,Presiden Prabowo Hadiri KSTI Indonesia 2025,siapa,2
E_doThSKS4E,2025-08-07,Presiden Prabowo Hadiri KSTI Indonesia 2025,sini,2
E_doThSKS4E,2025-08-07,Presiden Prabowo Hadiri KSTI Indonesia 2025,sri,2
E_doThSKS4E,2025-08-07,Presiden Prabowo Hadiri KSTI Indonesia 2025,sudah,2
E_doThSKS4E,2025-08-07,Presiden Prabowo Hadiri KSTI Indonesia 2025,sungguh,2
E_doThSKS4E,2025-08-07,Presiden Prabowo Hadiri KSTI Indonesia 2025,turut,2
E_doThSKS4E,2025-08-07,Presiden Prabowo Hadiri KSTI Indonesia 2025,ugm,2
E_doThSKS4E,2025-08-07,Presiden Prabowo Hadiri KSTI Indonesia 2025,wartawan,2
E_doThSKS4E,2025-08-07,Presiden Prabowo Hadiri KSTI Indonesia 2025,adi,1
E_doThSKS4E,2025-08-07,Presiden Prabowo Hadiri KSTI Indonesia 2025,agak,1
E_doThSKS4E,2025-08-07,Presiden Prabowo Hadiri KSTI Indonesia 2025,ah,1
E_doThSKS4E,2025-08-07,Presiden Prabowo Hadiri KSTI Indonesia 2025,akademika,1
E_doThSKS4E,2025-08-07,Presiden Prabowo Hadiri KSTI Indonesia 2025,akan,1
E_doThSKS4E,2025-08-07,Presiden Prabowo Hadiri KSTI Indonesia 2025,akasya,1
E_doThSKS4E,2025-08-07,Presiden Prabowo Hadiri KSTI Indonesia 2025,akbar,1
E_doThSKS4E,2025-08-07,Presiden Prabowo Hadiri KSTI Indonesia 2025,aloisius,1
E_doThSKS4E,2025-08-07,Presiden Prabowo Hadiri KSTI Indonesia 2025,amalia,1
E_doThSKS4E,2025-08-07,Presiden Prabowo Hadiri KSTI Indonesia 2025,amperiawan,1
E_doThSKS4E,2025-08-07,Presiden Prabowo Hadiri KSTI Indonesia 2025,ancaman,1
E_doThSKS4E,2025-08-07,Presiden Prabowo Hadiri KSTI Indonesia 2025,andin,1
E_doThSKS4E,2025-08-07,Presiden Prabowo Hadiri KSTI Indonesia 2025,angga,1
E_doThSKS4E,2025-08-07,Presiden Prabowo Hadiri KSTI Indonesia 2025,apa-apa,1
E_doThSKS4E,2025-08-07,Presiden Prabowo Hadiri KSTI Indonesia 2025,asalamualaikum,1
E_doThSKS4E,2025-08-07,Presiden Prabowo Hadiri KSTI Indonesia 2025,bacakan,1
E_doThSKS4E,2025-08-07,Presiden Prabowo Hadiri KSTI Indonesia 2025,bagi,1
E_doThSKS4E,2025-08-07,Presiden Prabowo Hadiri KSTI Indonesia 2025,bahan,1
E_doThSKS4E,2025-08-07,Presiden Prabowo Hadiri KSTI Indonesia 2025,baik,1
E_doThSKS4E,2025-08-07,Presiden Prabowo Hadiri KSTI Indonesia 2025,banyak,1
E_doThSKS4E,2025-08-07,Presiden Prabowo Hadiri KSTI Indonesia 2025,bapak,1
E_doThSKS4E,2025-08-07,Presiden Prabowo Hadiri KSTI Indonesia 2025,bapenas,1
E_doThSKS4E,2025-08-07,Presiden Prabowo Hadiri KSTI Indonesia 2025,belum,1
E_doThSKS4E,2025-08-07,Presiden Prabowo Hadiri KSTI Indonesia 2025,beragam,1
E_doThSKS4E,2025-08-07,Presiden Prabowo Hadiri KSTI Indonesia 2025,berkenan,1
E_doThSKS4E,2025-08-07,Presiden Prabowo Hadiri KSTI Indonesia 2025,biofarma,1
E_doThSKS4E,2025-08-07,Presiden Prabowo Hadiri KSTI Indonesia 2025,bu,1
E_doThSKS4E,2025-08-07,Presiden Prabowo Hadiri KSTI Indonesia 2025,buddhaya,1
E_doThSKS4E,2025-08-07,Presiden Prabowo Hadiri KSTI Indonesia 2025,budi,1
E_doThSKS4E,2025-08-07,Presiden Prabowo Hadiri KSTI Indonesia 2025,bumn,1
E_doThSKS4E,2025-08-07,Presiden Prabowo Hadiri KSTI Indonesia 2025,catatan,1
E_doThSKS4E,2025-08-07,Presiden Prabowo Hadiri KSTI Indonesia 2025,cipta,1
E_doThSKS4E,2025-08-07,Presiden Prabowo Hadiri KSTI Indonesia 2025,civitas,1
E_doThSKS4E,2025-08-07,Presiden Prabowo Hadiri KSTI Indonesia 2025,coba,1
E_doThSKS4E,2025-08-07,Presiden Prabowo Hadiri KSTI Indonesia 2025,dadan,1
E_doThSKS4E,2025-08-07,Presiden Prabowo Hadiri KSTI Indonesia 2025,dahana,1
E_doThSKS4E,2025-08-07,Presiden Prabowo Hadiri KSTI Indonesia 2025,dana,1
E_doThSKS4E,2025-08-07,Presiden Prabowo Hadiri KSTI Indonesia 2025,darmawan,1
E_doThSKS4E,2025-08-07,Presiden Prabowo Hadiri KSTI Indonesia 2025,datang,1
E_doThSKS4E,2025-08-07,Presiden Prabowo Hadiri KSTI Indonesia 2025,dharma,1
E_doThSKS4E,2025-08-07,Presiden Prabowo Hadiri KSTI Indonesia 2025,dian,1
E_doThSKS4E,2025-08-07,Presiden Prabowo Hadiri KSTI Indonesia 2025,dibaca,1
E_doThSKS4E,2025-08-07,Presiden Prabowo Hadiri KSTI Indonesia 2025,dibatasi,1
E_doThSKS4E,2025-08-07,Presiden Prabowo Hadiri KSTI Indonesia 2025,diberikan,1
E_doThSKS4E,2025-08-07,Presiden Prabowo Hadiri KSTI Indonesia 2025,dicatat,1
E_doThSKS4E,2025-08-07,Presiden Prabowo Hadiri KSTI Indonesia 2025,dipersilakan,1
E_doThSKS4E,2025-08-07,Presiden Prabowo Hadiri KSTI Indonesia 2025,disapa,1
E_doThSKS4E,2025-08-07,Presiden Prabowo Hadiri KSTI Indonesia 2025,disiapkan,1
E_doThSKS4E,2025-08-07,Presiden Prabowo Hadiri KSTI Indonesia 2025,doktor,1
E_doThSKS4E,2025-08-07,Presiden Prabowo Hadiri KSTI Indonesia 2025,dosen,1
E_doThSKS4E,2025-08-07,Presiden Prabowo Hadiri KSTI Indonesia 2025,dr,1
E_doThSKS4E,2025-08-07,Presiden Prabowo Hadiri KSTI Indonesia 2025,eh,1
E_doThSKS4E,2025-08-07,Presiden Prabowo Hadiri KSTI Indonesia 2025,engineering,1
E_doThSKS4E,2025-08-07,Presiden Prabowo Hadiri KSTI Indonesia 2025,farhan,1
E_doThSKS4E,2025-08-07,Presiden Prabowo Hadiri KSTI Indonesia 2025,fauzan,1
E_doThSKS4E,2025-08-07,Presiden Prabowo Hadiri KSTI Indonesia 2025,forko,1
E_doThSKS4E,2025-08-07,Presiden Prabowo Hadiri KSTI Indonesia 2025,gita,1
E_doThSKS4E,2025-08-07,Presiden Prabowo Hadiri KSTI Indonesia 2025,gizi,1
E_doThSKS4E,2025-08-07,Presiden Prabowo Hadiri KSTI Indonesia 2025,gubernur,1
E_doThSKS4E,2025-08-07,Presiden Prabowo Hadiri KSTI Indonesia 2025,gunadi,1
E_doThSKS4E,2025-08-07,Presiden Prabowo Hadiri KSTI Indonesia 2025,guru,1
E_doThSKS4E,2025-08-07,Presiden Prabowo Hadiri KSTI Indonesia 2025,hadi,1
E_doThSKS4E,2025-08-07,Presiden Prabowo Hadiri KSTI Indonesia 2025,hadianto,1
E_doThSKS4E,2025-08-07,Presiden Prabowo Hadiri KSTI Indonesia 2025,hafid,1
E_doThSKS4E,2025-08-07,Presiden Prabowo Hadiri KSTI Indonesia 2025,hah,1
E_doThSKS4E,2025-08-07,Presiden Prabowo Hadiri KSTI Indonesia 2025,handoko,1
E_doThSKS4E,2025-08-07,Presiden Prabowo Hadiri KSTI Indonesia 2025,hari,1
E_doThSKS4E,2025-08-07,Presiden Prabowo Hadiri KSTI Indonesia 2025,harus,1
E_doThSKS4E,2025-08-07,Presiden Prabowo Hadiri KSTI Indonesia 2025,hilirisasi,1
E_doThSKS4E,2025-08-07,Presiden Prabowo Hadiri KSTI Indonesia 2025,hilisasi,1
E_doThSKS4E,2025-08-07,Presiden Prabowo Hadiri KSTI Indonesia 2025,hindayana,1
E_doThSKS4E,2025-08-07,Presiden Prabowo Hadiri KSTI Indonesia 2025,hiroshima,1
E_doThSKS4E,2025-08-07,Presiden Prabowo Hadiri KSTI Indonesia 2025,horas,1
E_doThSKS4E,2025-08-07,Presiden Prabowo Hadiri KSTI Indonesia 2025,ib,1
E_doThSKS4E,2025-08-07,Presiden Prabowo Hadiri KSTI Indonesia 2025,imawan,1
E_doThSKS4E,2025-08-07,Presiden Prabowo Hadiri KSTI Indonesia 2025,indrawijaya,1
E_doThSKS4E,2025-08-07,Presiden Prabowo Hadiri KSTI Indonesia 2025,industri,1
E_doThSKS4E,2025-08-07,Presiden Prabowo Hadiri KSTI Indonesia 2025,ir,1
E_doThSKS4E,2025-08-07,Presiden Prabowo Hadiri KSTI Indonesia 2025,its,1
E_doThSKS4E,2025-08-07,Presiden Prabowo Hadiri KSTI Indonesia 2025,iya,1
E_doThSKS4E,2025-08-07,Presiden Prabowo Hadiri KSTI Indonesia 2025,jadi,1
E_doThSKS4E,2025-08-07,Presiden Prabowo Hadiri KSTI Indonesia 2025,jajaran,1
E_doThSKS4E,2025-08-07,Presiden Prabowo Hadiri KSTI Indonesia 2025,jauh-jauh,1
E_doThSKS4E,2025-08-07,Presiden Prabowo Hadiri KSTI Indonesia 2025,jenderal,1
E_doThSKS4E,2025-08-07,Presiden Prabowo Hadiri KSTI Indonesia 2025,johan,1
E_doThSKS4E,2025-08-07,Presiden Prabowo Hadiri KSTI Indonesia 2025,kabinat,1
E_doThSKS4E,2025-08-07,Presiden Prabowo Hadiri KSTI Indonesia 2025,kaharudin,1
E_doThSKS4E,2025-08-07,Presiden Prabowo Hadiri KSTI Indonesia 2025,kandidat,1
E_doThSKS4E,2025-08-07,Presiden Prabowo Hadiri KSTI Indonesia 2025,kang,1
E_doThSKS4E,2025-08-07,Presiden Prabowo Hadiri KSTI Indonesia 2025,karena,1
E_doThSKS4E,2025-08-07,Presiden Prabowo Hadiri KSTI Indonesia 2025,kasih,1
E_doThSKS4E,2025-08-07,Presiden Prabowo Hadiri KSTI Indonesia 2025,kebajikan,1
E_doThSKS4E,2025-08-07,Presiden Prabowo Hadiri KSTI Indonesia 2025,kebudayaan,1
E_doThSKS4E,2025-08-07,Presiden Prabowo Hadiri KSTI Indonesia 2025,kehormatan,1
E_doThSKS4E,2025-08-07,Presiden Prabowo Hadiri KSTI Indonesia 2025,kelautan,1
E_doThSKS4E,2025-08-07,Presiden Prabowo Hadiri KSTI Indonesia 2025,kepada,1
E_doThSKS4E,2025-08-07,Presiden Prabowo Hadiri KSTI Indonesia 2025,kesehatan,1
E_doThSKS4E,2025-08-07,Presiden Prabowo Hadiri KSTI Indonesia 2025,ketenagakerjaan,1
E_doThSKS4E,2025-08-07,Presiden Prabowo Hadiri KSTI Indonesia 2025,keuangan,1
E_doThSKS4E,2025-08-07,Presiden Prabowo Hadiri KSTI Indonesia 2025,khusus,1
E_doThSKS4E,2025-08-07,Presiden Prabowo Hadiri KSTI Indonesia 2025,krakat,1
E_doThSKS4E,2025-08-07,Presiden Prabowo Hadiri KSTI Indonesia 2025,kristi,1
E_doThSKS4E,2025-08-07,Presiden Prabowo Hadiri KSTI Indonesia 2025,kuasa,1
E_doThSKS4E,2025-08-07,Presiden Prabowo Hadiri KSTI Indonesia 2025,laksana,1
E_doThSKS4E,2025-08-07,Presiden Prabowo Hadiri KSTI Indonesia 2025,land,1
E_doThSKS4E,2025-08-07,Presiden Prabowo Hadiri KSTI Indonesia 2025,led,1
E_doThSKS4E,2025-08-07,Presiden Prabowo Hadiri KSTI Indonesia 2025,lembaga,1
E_doThSKS4E,2025-08-07,Presiden Prabowo Hadiri KSTI Indonesia 2025,letnan,1
E_doThSKS4E,2025-08-07,Presiden Prabowo Hadiri KSTI Indonesia 2025,lu,1
E_doThSKS4E,2025-08-07,Presiden Prabowo Hadiri KSTI Indonesia 2025,maha,1
E_doThSKS4E,2025-08-07,Presiden Prabowo Hadiri KSTI Indonesia 2025,mahasiswa,1
E_doThSKS4E,2025-08-07,Presiden Prabowo Hadiri KSTI Indonesia 2025,mantiri,1
E_doThSKS4E,2025-08-07,Presiden Prabowo Hadiri KSTI Indonesia 2025,manusia,1
E_doThSKS4E,2025-08-07,Presiden Prabowo Hadiri KSTI Indonesia 2025,mathematics,1
E_doThSKS4E,2025-08-07,Presiden Prabowo Hadiri KSTI Indonesia 2025,media,1
E_doThSKS4E,2025-08-07,Presiden Prabowo Hadiri KSTI Indonesia 2025,meninggalkan,1
E_doThSKS4E,2025-08-07,Presiden Prabowo Hadiri KSTI Indonesia 2025,menjadi,1
E_doThSKS4E,2025-08-07,Presiden Prabowo Hadiri KSTI Indonesia 2025,menyapa,1
E_doThSKS4E,2025-08-07,Presiden Prabowo Hadiri KSTI Indonesia 2025,merah,1
E_doThSKS4E,2025-08-07,Presiden Prabowo Hadiri KSTI Indonesia 2025,metia,1
E_doThSKS4E,2025-08-07,Presiden Prabowo Hadiri KSTI Indonesia 2025,minum,1
E_doThSKS4E,2025-08-07,Presiden Prabowo Hadiri KSTI Indonesia 2025,muhammad,1
E_doThSKS4E,2025-08-07,Presiden Prabowo Hadiri KSTI Indonesia 2025,mulyani,1
E_doThSKS4E,2025-08-07,Presiden Prabowo Hadiri KSTI Indonesia 2025,nagasaki,1
E_doThSKS4E,2025-08-07,Presiden Prabowo Hadiri KSTI Indonesia 2025,nah,1
E_doThSKS4E,2025-08-07,Presiden Prabowo Hadiri KSTI Indonesia 2025,namo,1
E_doThSKS4E,2025-08-07,Presiden Prabowo Hadiri KSTI Indonesia 2025,namun,1
E_doThSKS4E,2025-08-07,Presiden Prabowo Hadiri KSTI Indonesia 2025,negara,1
E_doThSKS4E,2025-08-07,Presiden Prabowo Hadiri KSTI Indonesia 2025,negeri,1
E_doThSKS4E,2025-08-07,Presiden Prabowo Hadiri KSTI Indonesia 2025,ninggar,1
E_doThSKS4E,2025-08-07,Presiden Prabowo Hadiri KSTI Indonesia 2025,nyusun,1
E_doThSKS4E,2025-08-07,Presiden Prabowo Hadiri KSTI Indonesia 2025,oh,1
E_doThSKS4E,2025-08-07,Presiden Prabowo Hadiri KSTI Indonesia 2025,oke,1
E_doThSKS4E,2025-08-07,Presiden Prabowo Hadiri KSTI Indonesia 2025,oleh,1
E_doThSKS4E,2025-08-07,Presiden Prabowo Hadiri KSTI Indonesia 2025,om,1
E_doThSKS4E,2025-08-07,Presiden Prabowo Hadiri KSTI Indonesia 2025,pagi,1
E_doThSKS4E,2025-08-07,Presiden Prabowo Hadiri KSTI Indonesia 2025,pal,1
E_doThSKS4E,2025-08-07,Presiden Prabowo Hadiri KSTI Indonesia 2025,pambudi,1
E_doThSKS4E,2025-08-07,Presiden Prabowo Hadiri KSTI Indonesia 2025,pasarbu,1
E_doThSKS4E,2025-08-07,Presiden Prabowo Hadiri KSTI Indonesia 2025,pembangunan,1
E_doThSKS4E,2025-08-07,Presiden Prabowo Hadiri KSTI Indonesia 2025,peneliti,1
E_doThSKS4E,2025-08-07,Presiden Prabowo Hadiri KSTI Indonesia 2025,pengelola,1
E_doThSKS4E,2025-08-07,Presiden Prabowo Hadiri KSTI Indonesia 2025,penting,1
E_doThSKS4E,2025-08-07,Presiden Prabowo Hadiri KSTI Indonesia 2025,penyelenggara,1
E_doThSKS4E,2025-08-07,Presiden Prabowo Hadiri KSTI Indonesia 2025,perikanan,1
E_doThSKS4E,2025-08-07,Presiden Prabowo Hadiri KSTI Indonesia 2025,perkasa,1
E_doThSKS4E,2025-08-07,Presiden Prabowo Hadiri KSTI Indonesia 2025,pers,1
E_doThSKS4E,2025-08-07,Presiden Prabowo Hadiri KSTI Indonesia 2025,pertahanan,1
E_doThSKS4E,2025-08-07,Presiden Prabowo Hadiri KSTI Indonesia 2025,pertamina,1
E_doThSKS4E,2025-08-07,Presiden Prabowo Hadiri KSTI Indonesia 2025,pimda,1
E_doThSKS4E,2025-08-07,Presiden Prabowo Hadiri KSTI Indonesia 2025,pindat,1
E_doThSKS4E,2025-08-07,Presiden Prabowo Hadiri KSTI Indonesia 2025,pln,1
E_doThSKS4E,2025-08-07,Presiden Prabowo Hadiri KSTI Indonesia 2025,prabowo,1
E_doThSKS4E,2025-08-07,Presiden Prabowo Hadiri KSTI Indonesia 2025,prasetyo,1
E_doThSKS4E,2025-08-07,Presiden Prabowo Hadiri KSTI Indonesia 2025,prasojo,1
E_doThSKS4E,2025-08-07,Presiden Prabowo Hadiri KSTI Indonesia 2025,pratikno,1
E_doThSKS4E,2025-08-07,Presiden Prabowo Hadiri KSTI Indonesia 2025,puji,1
E_doThSKS4E,2025-08-07,Presiden Prabowo Hadiri KSTI Indonesia 2025,pun,1
E_doThSKS4E,2025-08-07,Presiden Prabowo Hadiri KSTI Indonesia 2025,purnawirawan,1
E_doThSKS4E,2025-08-07,Presiden Prabowo Hadiri KSTI Indonesia 2025,pusat,1
E_doThSKS4E,2025-08-07,Presiden Prabowo Hadiri KSTI Indonesia 2025,putih,1
E_doThSKS4E,2025-08-07,Presiden Prabowo Hadiri KSTI Indonesia 2025,rahmat,1
E_doThSKS4E,2025-08-07,Presiden Prabowo Hadiri KSTI Indonesia 2025,raka,1
E_doThSKS4E,2025-08-07,Presiden Prabowo Hadiri KSTI Indonesia 2025,rekan-rekan,1
E_doThSKS4E,2025-08-07,Presiden Prabowo Hadiri KSTI Indonesia 2025,ri,1
E_doThSKS4E,2025-08-07,Presiden Prabowo Hadiri KSTI Indonesia 2025,rintangan,1
E_doThSKS4E,2025-08-07,Presiden Prabowo Hadiri KSTI Indonesia 2025,rozan,1
E_doThSKS4E,2025-08-07,Presiden Prabowo Hadiri KSTI Indonesia 2025,rozlani,1
E_doThSKS4E,2025-08-07,Presiden Prabowo Hadiri KSTI Indonesia 2025,ruangan,1
E_doThSKS4E,2025-08-07,Presiden Prabowo Hadiri KSTI Indonesia 2025,rupanya,1
E_doThSKS4E,2025-08-07,Presiden Prabowo Hadiri KSTI Indonesia 2025,saddiq,1
E_doThSKS4E,2025-08-07,Presiden Prabowo Hadiri KSTI Indonesia 2025,sadikin,1
E_doThSKS4E,2025-08-07,Presiden Prabowo Hadiri KSTI Indonesia 2025,safri,1
E_doThSKS4E,2025-08-07,Presiden Prabowo Hadiri KSTI Indonesia 2025,sakti,1
E_doThSKS4E,2025-08-07,Presiden Prabowo Hadiri KSTI Indonesia 2025,salve,1
E_doThSKS4E,2025-08-07,Presiden Prabowo Hadiri KSTI Indonesia 2025,samsudin,1
E_doThSKS4E,2025-08-07,Presiden Prabowo Hadiri KSTI Indonesia 2025,santoso,1
E_doThSKS4E,2025-08-07,Presiden Prabowo Hadiri KSTI Indonesia 2025,satu,1
E_doThSKS4E,2025-08-07,Presiden Prabowo Hadiri KSTI Indonesia 2025,sebagai,1
E_doThSKS4E,2025-08-07,Presiden Prabowo Hadiri KSTI Indonesia 2025,segala,1
E_doThSKS4E,2025-08-07,Presiden Prabowo Hadiri KSTI Indonesia 2025,sejahtera,1
E_doThSKS4E,2025-08-07,Presiden Prabowo Hadiri KSTI Indonesia 2025,sekali,1
E_doThSKS4E,2025-08-07,Presiden Prabowo Hadiri KSTI Indonesia 2025,sekalian,1
E_doThSKS4E,2025-08-07,Presiden Prabowo Hadiri KSTI Indonesia 2025,selamat,1
E_doThSKS4E,2025-08-07,Presiden Prabowo Hadiri KSTI Indonesia 2025,seluruh,1
E_doThSKS4E,2025-08-07,Presiden Prabowo Hadiri KSTI Indonesia 2025,semuanya,1
E_doThSKS4E,2025-08-07,Presiden Prabowo Hadiri KSTI Indonesia 2025,senat,1
E_doThSKS4E,2025-08-07,Presiden Prabowo Hadiri KSTI Indonesia 2025,setelah,1
E_doThSKS4E,2025-08-07,Presiden Prabowo Hadiri KSTI Indonesia 2025,setiawan,1
E_doThSKS4E,2025-08-07,Presiden Prabowo Hadiri KSTI Indonesia 2025,setingkat,1
E_doThSKS4E,2025-08-07,Presiden Prabowo Hadiri KSTI Indonesia 2025,shalom,1
E_doThSKS4E,2025-08-07,Presiden Prabowo Hadiri KSTI Indonesia 2025,sigit,1
E_doThSKS4E,2025-08-07,Presiden Prabowo Hadiri KSTI Indonesia 2025,simon,1
E_doThSKS4E,2025-08-07,Presiden Prabowo Hadiri KSTI Indonesia 2025,siswarini,1
E_doThSKS4E,2025-08-07,Presiden Prabowo Hadiri KSTI Indonesia 2025,stan,1
E_doThSKS4E,2025-08-07,Presiden Prabowo Hadiri KSTI Indonesia 2025,statistik,1
E_doThSKS4E,2025-08-07,Presiden Prabowo Hadiri KSTI Indonesia 2025,stella,1
E_doThSKS4E,2025-08-07,Presiden Prabowo Hadiri KSTI Indonesia 2025,stir,1
E_doThSKS4E,2025-08-07,Presiden Prabowo Hadiri KSTI Indonesia 2025,swasta,1
E_doThSKS4E,2025-08-07,Presiden Prabowo Hadiri KSTI Indonesia 2025,swastiastu,1
E_doThSKS4E,2025-08-07,Presiden Prabowo Hadiri KSTI Indonesia 2025,tahu,1
E_doThSKS4E,2025-08-07,Presiden Prabowo Hadiri KSTI Indonesia 2025,tamu,1
E_doThSKS4E,2025-08-07,Presiden Prabowo Hadiri KSTI Indonesia 2025,tantangan,1
E_doThSKS4E,2025-08-07,Presiden Prabowo Hadiri KSTI Indonesia 2025,tata,1
E_doThSKS4E,2025-08-07,Presiden Prabowo Hadiri KSTI Indonesia 2025,tedi,1
E_doThSKS4E,2025-08-07,Presiden Prabowo Hadiri KSTI Indonesia 2025,telkom,1
E_doThSKS4E,2025-08-07,Presiden Prabowo Hadiri KSTI Indonesia 2025,temannya,1
E_doThSKS4E,2025-08-07,Presiden Prabowo Hadiri KSTI Indonesia 2025,tengah,1
E_doThSKS4E,2025-08-07,Presiden Prabowo Hadiri KSTI Indonesia 2025,terima,1
E_doThSKS4E,2025-08-07,Presiden Prabowo Hadiri KSTI Indonesia 2025,tersebut,1
E_doThSKS4E,2025-08-07,Presiden Prabowo Hadiri KSTI Indonesia 2025,tingginya,1
E_doThSKS4E,2025-08-07,Presiden Prabowo Hadiri KSTI Indonesia 2025,tni,1
E_doThSKS4E,2025-08-07,Presiden Prabowo Hadiri KSTI Indonesia 2025,toda,1
E_doThSKS4E,2025-08-07,Presiden Prabowo Hadiri KSTI Indonesia 2025,tranggono,1
E_doThSKS4E,2025-08-07,Presiden Prabowo Hadiri KSTI Indonesia 2025,tri,1
E_doThSKS4E,2025-08-07,Presiden Prabowo Hadiri KSTI Indonesia 2025,tuh,1
E_doThSKS4E,2025-08-07,Presiden Prabowo Hadiri KSTI Indonesia 2025,uhang,1
E_doThSKS4E,2025-08-07,Presiden Prabowo Hadiri KSTI Indonesia 2025,undangan,1
E_doThSKS4E,2025-08-07,Presiden Prabowo Hadiri KSTI Indonesia 2025,unggul,1
E_doThSKS4E,2025-08-07,Presiden Prabowo Hadiri KSTI Indonesia 2025,untuk,1
E_doThSKS4E,2025-08-07,Presiden Prabowo Hadiri KSTI Indonesia 2025,viada,1
E_doThSKS4E,2025-08-07,Presiden Prabowo Hadiri KSTI Indonesia 2025,waalaikumsalam,1
E_doThSKS4E,2025-08-07,Presiden Prabowo Hadiri KSTI Indonesia 2025,wabarakatuh,1
E_doThSKS4E,2025-08-07,Presiden Prabowo Hadiri KSTI Indonesia 2025,wahyu,1
E_doThSKS4E,2025-08-07,Presiden Prabowo Hadiri KSTI Indonesia 2025,waktu,1
E_doThSKS4E,2025-08-07,Presiden Prabowo Hadiri KSTI Indonesia 2025,walikota,1
E_doThSKS4E,2025-08-07,Presiden Prabowo Hadiri KSTI Indonesia 2025,warahmatullahi,1
E_doThSKS4E,2025-08-07,Presiden Prabowo Hadiri KSTI Indonesia 2025,yasierli,1
E_doThSKS4E,2025-08-07,Presiden Prabowo Hadiri KSTI Indonesia 2025,yoga,1
E_doThSKS4E,2025-08-07,Presiden Prabowo Hadiri KSTI Indonesia 2025,yuliarto,1
E_doThSKS4E,2025-08-07,Presiden Prabowo Hadiri KSTI Indonesia 2025,zenot,1
3e_gu9rWwWQ,2025-08-31,Pernyataan Presiden Prabowo Menyikapi Aksi Demo,yang,29
3e_gu9rWwWQ,2025-08-31,Pernyataan Presiden Prabowo Menyikapi Aksi Demo,dan,28
3e_gu9rWwWQ,2025-08-31,Pernyataan Presiden Prabowo Menyikapi Aksi Demo,kita,18
3e_gu9rWwWQ,2025-08-31,Pernyataan Presiden Prabowo Menyikapi Aksi Demo,saya,12
3e_gu9rWwWQ,2025-08-31,Pernyataan Presiden Prabowo Menyikapi Aksi Demo,dpr,11
3e_gu9rWwWQ,2025-08-31,Pernyataan Presiden Prabowo Menyikapi Aksi Demo,terhadap,10
3e_gu9rWwWQ,2025-08-31,Pernyataan Presiden Prabowo Menyikapi Aksi Demo,umum,10
3e_gu9rWwWQ,2025-08-31,Pernyataan Presiden Prabowo Menyikapi Aksi Demo,dengan,9
3e_gu9rWwWQ,2025-08-31,Pernyataan Presiden Prabowo Menyikapi Aksi Demo,di,8
3e_gu9rWwWQ,2025-08-31,Pernyataan Presiden Prabowo Menyikapi Aksi Demo,kepada,8
3e_gu9rWwWQ,2025-08-31,Pernyataan Presiden Prabowo Menyikapi Aksi Demo,negara,8
3e_gu9rWwWQ,2025-08-31,Pernyataan Presiden Prabowo Menyikapi Aksi Demo,untuk,8
3e_gu9rWwWQ,2025-08-31,Pernyataan Presiden Prabowo Menyikapi Aksi Demo,dari,7
3e_gu9rWwWQ,2025-08-31,Pernyataan Presiden Prabowo Menyikapi Aksi Demo,juga,7
3e_gu9rWwWQ,2025-08-31,Pernyataan Presiden Prabowo Menyikapi Aksi Demo,menyampaikan,7
3e_gu9rWwWQ,2025-08-31,Pernyataan Presiden Prabowo Menyikapi Aksi Demo,akan,6
3e_gu9rWwWQ,2025-08-31,Pernyataan Presiden Prabowo Menyikapi Aksi Demo,aspirasi,6
3e_gu9rWwWQ,2025-08-31,Pernyataan Presiden Prabowo Menyikapi Aksi Demo,indonesia,6
3e_gu9rWwWQ,2025-08-31,Pernyataan Presiden Prabowo Menyikapi Aksi Demo,ingin,6
3e_gu9rWwWQ,2025-08-31,Pernyataan Presiden Prabowo Menyikapi Aksi Demo,masyarakat,6
3e_gu9rWwWQ,2025-08-31,Pernyataan Presiden Prabowo Menyikapi Aksi Demo,para,6
3e_gu9rWwWQ,2025-08-31,Pernyataan Presiden Prabowo Menyikapi Aksi Demo,partai,6
3e_gu9rWwWQ,2025-08-31,Pernyataan Presiden Prabowo Menyikapi Aksi Demo,rakyat,6
3e_gu9rWwWQ,2025-08-31,Pernyataan Presiden Prabowo Menyikapi Aksi Demo,saudara-saudara,6
3e_gu9rWwWQ,2025-08-31,Pernyataan Presiden Prabowo Menyikapi Aksi Demo,sekalian,6
3e_gu9rWwWQ,2025-08-31,Pernyataan Presiden Prabowo Menyikapi Aksi Demo,semua,6
3e_gu9rWwWQ,2025-08-31,Pernyataan Presiden Prabowo Menyikapi Aksi Demo,sudah,6
3e_gu9rWwWQ,2025-08-31,Pernyataan Presiden Prabowo Menyikapi Aksi Demo,anggota,5
3e_gu9rWwWQ,2025-08-31,Pernyataan Presiden Prabowo Menyikapi Aksi Demo,dalam,5
3e_gu9rWwWQ,2025-08-31,Pernyataan Presiden Prabowo Menyikapi Aksi Demo,harus,5
3e_gu9rWwWQ,2025-08-31,Pernyataan Presiden Prabowo Menyikapi Aksi Demo,hukum,5
3e_gu9rWwWQ,2025-08-31,Pernyataan Presiden Prabowo Menyikapi Aksi Demo,luar,5
3e_gu9rWwWQ,2025-08-31,Pernyataan Presiden Prabowo Menyikapi Aksi Demo,masing-masing,5
3e_gu9rWwWQ,2025-08-31,Pernyataan Presiden Prabowo Menyikapi Aksi Demo,pimpinan,5
3e_gu9rWwWQ,2025-08-31,Pernyataan Presiden Prabowo Menyikapi Aksi Demo,selalu,5
3e_gu9rWwWQ,2025-08-31,Pernyataan Presiden Prabowo Menyikapi Aksi Demo,tanpa,5
3e_gu9rWwWQ,2025-08-31,Pernyataan Presiden Prabowo Menyikapi Aksi Demo,telah,5
3e_gu9rWwWQ,2025-08-31,Pernyataan Presiden Prabowo Menyikapi Aksi Demo,baik,4
3e_gu9rWwWQ,2025-08-31,Pernyataan Presiden Prabowo Menyikapi Aksi Demo,beberapa,4
3e_gu9rWwWQ,2025-08-31,Pernyataan Presiden Prabowo Menyikapi Aksi Demo,damai,4
3e_gu9rWwWQ,2025-08-31,Pernyataan Presiden Prabowo Menyikapi Aksi Demo,dilakukan,4
3e_gu9rWwWQ,2025-08-31,Pernyataan Presiden Prabowo Menyikapi Aksi Demo,fasilitas,4
3e_gu9rWwWQ,2025-08-31,Pernyataan Presiden Prabowo Menyikapi Aksi Demo,ketua,4
3e_gu9rWwWQ,2025-08-31,Pernyataan Presiden Prabowo Menyikapi Aksi Demo,menjaga,4
3e_gu9rWwWQ,2025-08-31,Pernyataan Presiden Prabowo Menyikapi Aksi Demo,mereka,4
3e_gu9rWwWQ,2025-08-31,Pernyataan Presiden Prabowo Menyikapi Aksi Demo,merusak,4
3e_gu9rWwWQ,2025-08-31,Pernyataan Presiden Prabowo Menyikapi Aksi Demo,murni,4
3e_gu9rWwWQ,2025-08-31,Pernyataan Presiden Prabowo Menyikapi Aksi Demo,termasuk,4
3e_gu9rWwWQ,2025-08-31,Pernyataan Presiden Prabowo Menyikapi Aksi Demo,tidak,4
3e_gu9rWwWQ,2025-08-31,Pernyataan Presiden Prabowo Menyikapi Aksi Demo,ada,3
3e_gu9rWwWQ,2025-08-31,Pernyataan Presiden Prabowo Menyikapi Aksi Demo,bahwa,3
3e_gu9rWwWQ,2025-08-31,Pernyataan Presiden Prabowo Menyikapi Aksi Demo,dapat,3
3e_gu9rWwWQ,2025-08-31,Pernyataan Presiden Prabowo Menyikapi Aksi Demo,diadu,3
3e_gu9rWwWQ,2025-08-31,Pernyataan Presiden Prabowo Menyikapi Aksi Demo,disampaikan,3
3e_gu9rWwWQ,2025-08-31,Pernyataan Presiden Prabowo Menyikapi Aksi Demo,domba,3
3e_gu9rWwWQ,2025-08-31,Pernyataan Presiden Prabowo Menyikapi Aksi Demo,ini,3
3e_gu9rWwWQ,2025-08-31,Pernyataan Presiden Prabowo Menyikapi Aksi Demo,kami,3
3e_gu9rWwWQ,2025-08-31,Pernyataan Presiden Prabowo Menyikapi Aksi Demo,kelompok-kelompok,3
3e_gu9rWwWQ,2025-08-31,Pernyataan Presiden Prabowo Menyikapi Aksi Demo,kepentingan,3
3e_gu9rWwWQ,2025-08-31,Pernyataan Presiden Prabowo Menyikapi Aksi Demo,lagi,3
3e_gu9rWwWQ,2025-08-31,Pernyataan Presiden Prabowo Menyikapi Aksi Demo,mari,3
3e_gu9rWwWQ,2025-08-31,Pernyataan Presiden Prabowo Menyikapi Aksi Demo,melakukan,3
3e_gu9rWwWQ,2025-08-31,Pernyataan Presiden Prabowo Menyikapi Aksi Demo,merdeka,3
3e_gu9rWwWQ,2025-08-31,Pernyataan Presiden Prabowo Menyikapi Aksi Demo,pemerintah,3
3e_gu9rWwWQ,2025-08-31,Pernyataan Presiden Prabowo Menyikapi Aksi Demo,pemerintahan,3
3e_gu9rWwWQ,2025-08-31,Pernyataan Presiden Prabowo Menyikapi Aksi Demo,politik,3
3e_gu9rWwWQ,2025-08-31,Pernyataan Presiden Prabowo Menyikapi Aksi Demo,ri,3
3e_gu9rWwWQ,2025-08-31,Pernyataan Presiden Prabowo Menyikapi Aksi Demo,sampaikan,3
3e_gu9rWwWQ,2025-08-31,Pernyataan Presiden Prabowo Menyikapi Aksi Demo,santi,3
3e_gu9rWwWQ,2025-08-31,Pernyataan Presiden Prabowo Menyikapi Aksi Demo,secara,3
3e_gu9rWwWQ,2025-08-31,Pernyataan Presiden Prabowo Menyikapi Aksi Demo,sekali,3
3e_gu9rWwWQ,2025-08-31,Pernyataan Presiden Prabowo Menyikapi Aksi Demo,tadi,3
3e_gu9rWwWQ,2025-08-31,Pernyataan Presiden Prabowo Menyikapi Aksi Demo,terus,3
3e_gu9rWwWQ,2025-08-31,Pernyataan Presiden Prabowo Menyikapi Aksi Demo,tokoh-tokoh,3
3e_gu9rWwWQ,2025-08-31,Pernyataan Presiden Prabowo Menyikapi Aksi Demo,adalah,2
3e_gu9rWwWQ,2025-08-31,Pernyataan Presiden Prabowo Menyikapi Aksi Demo,adanya,2
3e_gu9rWwWQ,2025-08-31,Pernyataan Presiden Prabowo Menyikapi Aksi Demo,air,2
3e_gu9rWwWQ,2025-08-31,Pernyataan Presiden Prabowo Menyikapi Aksi Demo,aparat,2
3e_gu9rWwWQ,2025-08-31,Pernyataan Presiden Prabowo Menyikapi Aksi Demo,atau,2
3e_gu9rWwWQ,2025-08-31,Pernyataan Presiden Prabowo Menyikapi Aksi Demo,ataupun,2
3e_gu9rWwWQ,2025-08-31,Pernyataan Presiden Prabowo Menyikapi Aksi Demo,bahkan,2
3e_gu9rWwWQ,2025-08-31,Pernyataan Presiden Prabowo Menyikapi Aksi Demo,bertugas,2
3e_gu9rWwWQ,2025-08-31,Pernyataan Presiden Prabowo Menyikapi Aksi Demo,besaran,2
3e_gu9rWwWQ,2025-08-31,Pernyataan Presiden Prabowo Menyikapi Aksi Demo,bisa,2
3e_gu9rWwWQ,2025-08-31,Pernyataan Presiden Prabowo Menyikapi Aksi Demo,dihormati,2
3e_gu9rWwWQ,2025-08-31,Pernyataan Presiden Prabowo Menyikapi Aksi Demo,hari,2
3e_gu9rWwWQ,2025-08-31,Pernyataan Presiden Prabowo Menyikapi Aksi Demo,itu,2
3e_gu9rWwWQ,2025-08-31,Pernyataan Presiden Prabowo Menyikapi Aksi Demo,jangan,2
3e_gu9rWwWQ,2025-08-31,Pernyataan Presiden Prabowo Menyikapi Aksi Demo,kasih,2
3e_gu9rWwWQ,2025-08-31,Pernyataan Presiden Prabowo Menyikapi Aksi Demo,ke,2
3e_gu9rWwWQ,2025-08-31,Pernyataan Presiden Prabowo Menyikapi Aksi Demo,kebebasan,2
3e_gu9rWwWQ,2025-08-31,Pernyataan Presiden Prabowo Menyikapi Aksi Demo,kebijakan,2
3e_gu9rWwWQ,2025-08-31,Pernyataan Presiden Prabowo Menyikapi Aksi Demo,keluarga,2
3e_gu9rWwWQ,2025-08-31,Pernyataan Presiden Prabowo Menyikapi Aksi Demo,kepolisian,2
3e_gu9rWwWQ,2025-08-31,Pernyataan Presiden Prabowo Menyikapi Aksi Demo,kerja,2
3e_gu9rWwWQ,2025-08-31,Pernyataan Presiden Prabowo Menyikapi Aksi Demo,kunjungan,2
3e_gu9rWwWQ,2025-08-31,Pernyataan Presiden Prabowo Menyikapi Aksi Demo,lain,2
3e_gu9rWwWQ,2025-08-31,Pernyataan Presiden Prabowo Menyikapi Aksi Demo,langkah,2
3e_gu9rWwWQ,2025-08-31,Pernyataan Presiden Prabowo Menyikapi Aksi Demo,langsung,2
3e_gu9rWwWQ,2025-08-31,Pernyataan Presiden Prabowo Menyikapi Aksi Demo,maupun,2
3e_gu9rWwWQ,2025-08-31,Pernyataan Presiden Prabowo Menyikapi Aksi Demo,melindungi,2
3e_gu9rWwWQ,2025-08-31,Pernyataan Presiden Prabowo Menyikapi Aksi Demo,menerima,2
3e_gu9rWwWQ,2025-08-31,Pernyataan Presiden Prabowo Menyikapi Aksi Demo,mengambil,2
3e_gu9rWwWQ,2025-08-31,Pernyataan Presiden Prabowo Menyikapi Aksi Demo,mengancam,2
3e_gu9rWwWQ,2025-08-31,Pernyataan Presiden Prabowo Menyikapi Aksi Demo,mengarah,2
3e_gu9rWwWQ,2025-08-31,Pernyataan Presiden Prabowo Menyikapi Aksi Demo,menghormati,2
3e_gu9rWwWQ,2025-08-31,Pernyataan Presiden Prabowo Menyikapi Aksi Demo,merugikan,2
3e_gu9rWwWQ,2025-08-31,Pernyataan Presiden Prabowo Menyikapi Aksi Demo,minta,2
3e_gu9rWwWQ,2025-08-31,Pernyataan Presiden Prabowo Menyikapi Aksi Demo,moratorium,2
3e_gu9rWwWQ,2025-08-31,Pernyataan Presiden Prabowo Menyikapi Aksi Demo,namun,2
3e_gu9rWwWQ,2025-08-31,Pernyataan Presiden Prabowo Menyikapi Aksi Demo,negeri,2
3e_gu9rWwWQ,2025-08-31,Pernyataan Presiden Prabowo Menyikapi Aksi Demo,om,2
3e_gu9rWwWQ,2025-08-31,Pernyataan Presiden Prabowo Menyikapi Aksi Demo,pada,2
3e_gu9rWwWQ,2025-08-31,Pernyataan Presiden Prabowo Menyikapi Aksi Demo,paling,2
3e_gu9rWwWQ,2025-08-31,Pernyataan Presiden Prabowo Menyikapi Aksi Demo,pelanggaran,2
3e_gu9rWwWQ,2025-08-31,Pernyataan Presiden Prabowo Menyikapi Aksi Demo,pencabutan,2
3e_gu9rWwWQ,2025-08-31,Pernyataan Presiden Prabowo Menyikapi Aksi Demo,penjarahan,2
3e_gu9rWwWQ,2025-08-31,Pernyataan Presiden Prabowo Menyikapi Aksi Demo,penyampaian,2
3e_gu9rWwWQ,2025-08-31,Pernyataan Presiden Prabowo Menyikapi Aksi Demo,perintahkan,2
3e_gu9rWwWQ,2025-08-31,Pernyataan Presiden Prabowo Menyikapi Aksi Demo,publik,2
3e_gu9rWwWQ,2025-08-31,Pernyataan Presiden Prabowo Menyikapi Aksi Demo,rahayu,2
3e_gu9rWwWQ,2025-08-31,Pernyataan Presiden Prabowo Menyikapi Aksi Demo,republik,2
3e_gu9rWwWQ,2025-08-31,Pernyataan Presiden Prabowo Menyikapi Aksi Demo,rumah-rumah,2
3e_gu9rWwWQ,2025-08-31,Pernyataan Presiden Prabowo Menyikapi Aksi Demo,salam,2
3e_gu9rWwWQ,2025-08-31,Pernyataan Presiden Prabowo Menyikapi Aksi Demo,sampai,2
3e_gu9rWwWQ,2025-08-31,Pernyataan Presiden Prabowo Menyikapi Aksi Demo,segera,2
3e_gu9rWwWQ,2025-08-31,Pernyataan Presiden Prabowo Menyikapi Aksi Demo,sejahtera,2
3e_gu9rWwWQ,2025-08-31,Pernyataan Presiden Prabowo Menyikapi Aksi Demo,seluruh,2
3e_gu9rWwWQ,2025-08-31,Pernyataan Presiden Prabowo Menyikapi Aksi Demo,tegas,2
3e_gu9rWwWQ,2025-08-31,Pernyataan Presiden Prabowo Menyikapi Aksi Demo,terbuka,2
3e_gu9rWwWQ,2025-08-31,Pernyataan Presiden Prabowo Menyikapi Aksi Demo,terima,2
3e_gu9rWwWQ,2025-08-31,Pernyataan Presiden Prabowo Menyikapi Aksi Demo,tindaklanjuti,2
3e_gu9rWwWQ,2025-08-31,Pernyataan Presiden Prabowo Menyikapi Aksi Demo,tunjangan,2
3e_gu9rWwWQ,2025-08-31,Pernyataan Presiden Prabowo Menyikapi Aksi Demo,anarkis,1
3e_gu9rWwWQ,2025-08-31,Pernyataan Presiden Prabowo Menyikapi Aksi Demo,and,1
3e_gu9rWwWQ,2025-08-31,Pernyataan Presiden Prabowo Menyikapi Aksi Demo,apa,1
3e_gu9rWwWQ,2025-08-31,Pernyataan Presiden Prabowo Menyikapi Aksi Demo,apabila,1
3e_gu9rWwWQ,2025-08-31,Pernyataan Presiden Prabowo Menyikapi Aksi Demo,artinya,1
3e_gu9rWwWQ,2025-08-31,Pernyataan Presiden Prabowo Menyikapi Aksi Demo,aspirasinya,1
3e_gu9rWwWQ,2025-08-31,Pernyataan Presiden Prabowo Menyikapi Aksi Demo,bagi,1
3e_gu9rWwWQ,2025-08-31,Pernyataan Presiden Prabowo Menyikapi Aksi Demo,bangkit,1
3e_gu9rWwWQ,2025-08-31,Pernyataan Presiden Prabowo Menyikapi Aksi Demo,bangsa,1
3e_gu9rWwWQ,2025-08-31,Pernyataan Presiden Prabowo Menyikapi Aksi Demo,bentuk,1
3e_gu9rWwWQ,2025-08-31,Pernyataan Presiden Prabowo Menyikapi Aksi Demo,berbicara,1
3e_gu9rWwWQ,2025-08-31,Pernyataan Presiden Prabowo Menyikapi Aksi Demo,berdialog,1
3e_gu9rWwWQ,2025-08-31,Pernyataan Presiden Prabowo Menyikapi Aksi Demo,bergotong-royong,1
3e_gu9rWwWQ,2025-08-31,Pernyataan Presiden Prabowo Menyikapi Aksi Demo,berkumpul,1
3e_gu9rWwWQ,2025-08-31,Pernyataan Presiden Prabowo Menyikapi Aksi Demo,berlaku,1
3e_gu9rWwWQ,2025-08-31,Pernyataan Presiden Prabowo Menyikapi Aksi Demo,berpendapat,1
3e_gu9rWwWQ,2025-08-31,Pernyataan Presiden Prabowo Menyikapi Aksi Demo,berpihak,1
3e_gu9rWwWQ,2025-08-31,Pernyataan Presiden Prabowo Menyikapi Aksi Demo,bersama-sama,1
3e_gu9rWwWQ,2025-08-31,Pernyataan Presiden Prabowo Menyikapi Aksi Demo,bersifat,1
3e_gu9rWwWQ,2025-08-31,Pernyataan Presiden Prabowo Menyikapi Aksi Demo,bertekad,1
3e_gu9rWwWQ,2025-08-31,Pernyataan Presiden Prabowo Menyikapi Aksi Demo,berunding,1
3e_gu9rWwWQ,2025-08-31,Pernyataan Presiden Prabowo Menyikapi Aksi Demo,campur,1
3e_gu9rWwWQ,2025-08-31,Pernyataan Presiden Prabowo Menyikapi Aksi Demo,cepat,1
3e_gu9rWwWQ,2025-08-31,Pernyataan Presiden Prabowo Menyikapi Aksi Demo,civil,1
3e_gu9rWwWQ,2025-08-31,Pernyataan Presiden Prabowo Menyikapi Aksi Demo,covenant,1
3e_gu9rWwWQ,2025-08-31,Pernyataan Presiden Prabowo Menyikapi Aksi Demo,delegasi,1
3e_gu9rWwWQ,2025-08-31,Pernyataan Presiden Prabowo Menyikapi Aksi Demo,demikian,1
3e_gu9rWwWQ,2025-08-31,Pernyataan Presiden Prabowo Menyikapi Aksi Demo,destabilisasi,1
3e_gu9rWwWQ,2025-08-31,Pernyataan Presiden Prabowo Menyikapi Aksi Demo,diambang,1
3e_gu9rWwWQ,2025-08-31,Pernyataan Presiden Prabowo Menyikapi Aksi Demo,diatur,1
3e_gu9rWwWQ,2025-08-31,Pernyataan Presiden Prabowo Menyikapi Aksi Demo,dibangun,1
3e_gu9rWwWQ,2025-08-31,Pernyataan Presiden Prabowo Menyikapi Aksi Demo,dicabut,1
3e_gu9rWwWQ,2025-08-31,Pernyataan Presiden Prabowo Menyikapi Aksi Demo,dicatat,1
3e_gu9rWwWQ,2025-08-31,Pernyataan Presiden Prabowo Menyikapi Aksi Demo,didengar,1
3e_gu9rWwWQ,2025-08-31,Pernyataan Presiden Prabowo Menyikapi Aksi Demo,diikuti,1
3e_gu9rWwWQ,2025-08-31,Pernyataan Presiden Prabowo Menyikapi Aksi Demo,diintervensi,1
3e_gu9rWwWQ,2025-08-31,Pernyataan Presiden Prabowo Menyikapi Aksi Demo,dilindungi,1
3e_gu9rWwWQ,2025-08-31,Pernyataan Presiden Prabowo Menyikapi Aksi Demo,dipersilakan,1
3e_gu9rWwWQ,2025-08-31,Pernyataan Presiden Prabowo Menyikapi Aksi Demo,diterima,1
3e_gu9rWwWQ,2025-08-31,Pernyataan Presiden Prabowo Menyikapi Aksi Demo,dprri,1
3e_gu9rWwWQ,2025-08-31,Pernyataan Presiden Prabowo Menyikapi Aksi Demo,ee,1
3e_gu9rWwWQ,2025-08-31,Pernyataan Presiden Prabowo Menyikapi Aksi Demo,ekonomi,1
3e_gu9rWwWQ,2025-08-31,Pernyataan Presiden Prabowo Menyikapi Aksi Demo,fasilitas-fasilitas,1
3e_gu9rWwWQ,2025-08-31,Pernyataan Presiden Prabowo Menyikapi Aksi Demo,fraksi,1
3e_gu9rWwWQ,2025-08-31,Pernyataan Presiden Prabowo Menyikapi Aksi Demo,gejala,1
3e_gu9rWwWQ,2025-08-31,Pernyataan Presiden Prabowo Menyikapi Aksi Demo,gotong-royong,1
3e_gu9rWwWQ,2025-08-31,Pernyataan Presiden Prabowo Menyikapi Aksi Demo,hadir,1
3e_gu9rWwWQ,2025-08-31,Pernyataan Presiden Prabowo Menyikapi Aksi Demo,hak,1
3e_gu9rWwWQ,2025-08-31,Pernyataan Presiden Prabowo Menyikapi Aksi Demo,hal,1
3e_gu9rWwWQ,2025-08-31,Pernyataan Presiden Prabowo Menyikapi Aksi Demo,hal-hal,1
3e_gu9rWwWQ,2025-08-31,Pernyataan Presiden Prabowo Menyikapi Aksi Demo,individu,1
3e_gu9rWwWQ,2025-08-31,Pernyataan Presiden Prabowo Menyikapi Aksi Demo,instansi-instansi,1
3e_gu9rWwWQ,2025-08-31,Pernyataan Presiden Prabowo Menyikapi Aksi Demo,international,1
3e_gu9rWwWQ,2025-08-31,Pernyataan Presiden Prabowo Menyikapi Aksi Demo,jaga,1
3e_gu9rWwWQ,2025-08-31,Pernyataan Presiden Prabowo Menyikapi Aksi Demo,jakarta,1
3e_gu9rWwWQ,2025-08-31,Pernyataan Presiden Prabowo Menyikapi Aksi Demo,jalannya,1
3e_gu9rWwWQ,2025-08-31,Pernyataan Presiden Prabowo Menyikapi Aksi Demo,jika,1
3e_gu9rWwWQ,2025-08-31,Pernyataan Presiden Prabowo Menyikapi Aksi Demo,jiwa,1
3e_gu9rWwWQ,2025-08-31,Pernyataan Presiden Prabowo Menyikapi Aksi Demo,kalau,1
3e_gu9rWwWQ,2025-08-31,Pernyataan Presiden Prabowo Menyikapi Aksi Demo,keanggotannya,1
3e_gu9rWwWQ,2025-08-31,Pernyataan Presiden Prabowo Menyikapi Aksi Demo,kebajikan,1
3e_gu9rWwWQ,2025-08-31,Pernyataan Presiden Prabowo Menyikapi Aksi Demo,kebangkitan,1
3e_gu9rWwWQ,2025-08-31,Pernyataan Presiden Prabowo Menyikapi Aksi Demo,kecil,1
3e_gu9rWwWQ,2025-08-31,Pernyataan Presiden Prabowo Menyikapi Aksi Demo,kegiatan,1
3e_gu9rWwWQ,2025-08-31,Pernyataan Presiden Prabowo Menyikapi Aksi Demo,kegiatan-kegiatan,1
3e_gu9rWwWQ,2025-08-31,Pernyataan Presiden Prabowo Menyikapi Aksi Demo,kehidupan,1
3e_gu9rWwWQ,2025-08-31,Pernyataan Presiden Prabowo Menyikapi Aksi Demo,kekerasan,1
3e_gu9rWwWQ,2025-08-31,Pernyataan Presiden Prabowo Menyikapi Aksi Demo,kekurangan,1
3e_gu9rWwWQ,2025-08-31,Pernyataan Presiden Prabowo Menyikapi Aksi Demo,kelihatan,1
3e_gu9rWwWQ,2025-08-31,Pernyataan Presiden Prabowo Menyikapi Aksi Demo,keliru,1
3e_gu9rWwWQ,2025-08-31,Pernyataan Presiden Prabowo Menyikapi Aksi Demo,kemarin,1
3e_gu9rWwWQ,2025-08-31,Pernyataan Presiden Prabowo Menyikapi Aksi Demo,kemudian,1
3e_gu9rWwWQ,2025-08-31,Pernyataan Presiden Prabowo Menyikapi Aksi Demo,kerusuhan,1
3e_gu9rWwWQ,2025-08-31,Pernyataan Presiden Prabowo Menyikapi Aksi Demo,kesalahan,1
3e_gu9rWwWQ,2025-08-31,Pernyataan Presiden Prabowo Menyikapi Aksi Demo,keselamatan,1
3e_gu9rWwWQ,2025-08-31,Pernyataan Presiden Prabowo Menyikapi Aksi Demo,kl,1
3e_gu9rWwWQ,2025-08-31,Pernyataan Presiden Prabowo Menyikapi Aksi Demo,koalisi,1
3e_gu9rWwWQ,2025-08-31,Pernyataan Presiden Prabowo Menyikapi Aksi Demo,korban,1
3e_gu9rWwWQ,2025-08-31,Pernyataan Presiden Prabowo Menyikapi Aksi Demo,koreksi,1
3e_gu9rWwWQ,2025-08-31,Pernyataan Presiden Prabowo Menyikapi Aksi Demo,kota,1
3e_gu9rWwWQ,2025-08-31,Pernyataan Presiden Prabowo Menyikapi Aksi Demo,kritik,1
3e_gu9rWwWQ,2025-08-31,Pernyataan Presiden Prabowo Menyikapi Aksi Demo,laporan,1
3e_gu9rWwWQ,2025-08-31,Pernyataan Presiden Prabowo Menyikapi Aksi Demo,lembaga,1
3e_gu9rWwWQ,2025-08-31,Pernyataan Presiden Prabowo Menyikapi Aksi Demo,lima,1
3e_gu9rWwWQ,2025-08-31,Pernyataan Presiden Prabowo Menyikapi Aksi Demo,lingkungan,1
3e_gu9rWwWQ,2025-08-31,Pernyataan Presiden Prabowo Menyikapi Aksi Demo,luas,1
3e_gu9rWwWQ,2025-08-31,Pernyataan Presiden Prabowo Menyikapi Aksi Demo,macam,1
3e_gu9rWwWQ,2025-08-31,Pernyataan Presiden Prabowo Menyikapi Aksi Demo,mahasiswa,1
3e_gu9rWwWQ,2025-08-31,Pernyataan Presiden Prabowo Menyikapi Aksi Demo,makar,1
3e_gu9rWwWQ,2025-08-31,Pernyataan Presiden Prabowo Menyikapi Aksi Demo,marilah,1
3e_gu9rWwWQ,2025-08-31,Pernyataan Presiden Prabowo Menyikapi Aksi Demo,mau,1
3e_gu9rWwWQ,2025-08-31,Pernyataan Presiden Prabowo Menyikapi Aksi Demo,melalui,1
3e_gu9rWwWQ,2025-08-31,Pernyataan Presiden Prabowo Menyikapi Aksi Demo,melawan,1
3e_gu9rWwWQ,2025-08-31,Pernyataan Presiden Prabowo Menyikapi Aksi Demo,memantau,1
3e_gu9rWwWQ,2025-08-31,Pernyataan Presiden Prabowo Menyikapi Aksi Demo,membakar,1
3e_gu9rWwWQ,2025-08-31,Pernyataan Presiden Prabowo Menyikapi Aksi Demo,meminta,1
3e_gu9rWwWQ,2025-08-31,Pernyataan Presiden Prabowo Menyikapi Aksi Demo,memperjuangkan,1
3e_gu9rWwWQ,2025-08-31,Pernyataan Presiden Prabowo Menyikapi Aksi Demo,menegakkan,1
3e_gu9rWwWQ,2025-08-31,Pernyataan Presiden Prabowo Menyikapi Aksi Demo,menghamburkan,1
3e_gu9rWwWQ,2025-08-31,Pernyataan Presiden Prabowo Menyikapi Aksi Demo,mengikuti,1
3e_gu9rWwWQ,2025-08-31,Pernyataan Presiden Prabowo Menyikapi Aksi Demo,mengingatkan,1
3e_gu9rWwWQ,2025-08-31,Pernyataan Presiden Prabowo Menyikapi Aksi Demo,mengirim,1
3e_gu9rWwWQ,2025-08-31,Pernyataan Presiden Prabowo Menyikapi Aksi Demo,mengundang,1
3e_gu9rWwWQ,2025-08-31,Pernyataan Presiden Prabowo Menyikapi Aksi Demo,menjadi,1
3e_gu9rWwWQ,2025-08-31,Pernyataan Presiden Prabowo Menyikapi Aksi Demo,menjarah,1
3e_gu9rWwWQ,2025-08-31,Pernyataan Presiden Prabowo Menyikapi Aksi Demo,menyikapi,1
3e_gu9rWwWQ,2025-08-31,Pernyataan Presiden Prabowo Menyikapi Aksi Demo,merupakan,1
3e_gu9rWwWQ,2025-08-31,Pernyataan Presiden Prabowo Menyikapi Aksi Demo,moyang,1
3e_gu9rWwWQ,2025-08-31,Pernyataan Presiden Prabowo Menyikapi Aksi Demo,mulai,1
3e_gu9rWwWQ,2025-08-31,Pernyataan Presiden Prabowo Menyikapi Aksi Demo,mungkin,1
3e_gu9rWwWQ,2025-08-31,Pernyataan Presiden Prabowo Menyikapi Aksi Demo,nasional,1
3e_gu9rWwWQ,2025-08-31,Pernyataan Presiden Prabowo Menyikapi Aksi Demo,nations,1
3e_gu9rWwWQ,2025-08-31,Pernyataan Presiden Prabowo Menyikapi Aksi Demo,nenek,1
3e_gu9rWwWQ,2025-08-31,Pernyataan Presiden Prabowo Menyikapi Aksi Demo,nomor,1
3e_gu9rWwWQ,2025-08-31,Pernyataan Presiden Prabowo Menyikapi Aksi Demo,oleh,1
3e_gu9rWwWQ,2025-08-31,Pernyataan Presiden Prabowo Menyikapi Aksi Demo,on,1
3e_gu9rWwWQ,2025-08-31,Pernyataan Presiden Prabowo Menyikapi Aksi Demo,pasal,1
3e_gu9rWwWQ,2025-08-31,Pernyataan Presiden Prabowo Menyikapi Aksi Demo,pastikan,1
3e_gu9rWwWQ,2025-08-31,Pernyataan Presiden Prabowo Menyikapi Aksi Demo,peka,1
3e_gu9rWwWQ,2025-08-31,Pernyataan Presiden Prabowo Menyikapi Aksi Demo,pelaksananya,1
3e_gu9rWwWQ,2025-08-31,Pernyataan Presiden Prabowo Menyikapi Aksi Demo,pelanggaran-pelanggaran,1
3e_gu9rWwWQ,2025-08-31,Pernyataan Presiden Prabowo Menyikapi Aksi Demo,pemeriksaan,1
3e_gu9rWwWQ,2025-08-31,Pernyataan Presiden Prabowo Menyikapi Aksi Demo,pendapat,1
3e_gu9rWwWQ,2025-08-31,Pernyataan Presiden Prabowo Menyikapi Aksi Demo,pengerusakan,1
3e_gu9rWwWQ,2025-08-31,Pernyataan Presiden Prabowo Menyikapi Aksi Demo,perbaikan,1
3e_gu9rWwWQ,2025-08-31,Pernyataan Presiden Prabowo Menyikapi Aksi Demo,perbaiki,1
3e_gu9rWwWQ,2025-08-31,Pernyataan Presiden Prabowo Menyikapi Aksi Demo,perbuatan,1
3e_gu9rWwWQ,2025-08-31,Pernyataan Presiden Prabowo Menyikapi Aksi Demo,percaya,1
3e_gu9rWwWQ,2025-08-31,Pernyataan Presiden Prabowo Menyikapi Aksi Demo,perkembangan,1
3e_gu9rWwWQ,2025-08-31,Pernyataan Presiden Prabowo Menyikapi Aksi Demo,pernyataan,1
3e_gu9rWwWQ,2025-08-31,Pernyataan Presiden Prabowo Menyikapi Aksi Demo,pernyataan-pernyataan,1
3e_gu9rWwWQ,2025-08-31,Pernyataan Presiden Prabowo Menyikapi Aksi Demo,persatuan,1
3e_gu9rWwWQ,2025-08-31,Pernyataan Presiden Prabowo Menyikapi Aksi Demo,petugas,1
3e_gu9rWwWQ,2025-08-31,Pernyataan Presiden Prabowo Menyikapi Aksi Demo,pihak,1
3e_gu9rWwWQ,2025-08-31,Pernyataan Presiden Prabowo Menyikapi Aksi Demo,pimpin,1
3e_gu9rWwWQ,2025-08-31,Pernyataan Presiden Prabowo Menyikapi Aksi Demo,political,1
3e_gu9rWwWQ,2025-08-31,Pernyataan Presiden Prabowo Menyikapi Aksi Demo,presiden,1
3e_gu9rWwWQ,2025-08-31,Pernyataan Presiden Prabowo Menyikapi Aksi Demo,pribadi,1
3e_gu9rWwWQ,2025-08-31,Pernyataan Presiden Prabowo Menyikapi Aksi Demo,proses,1
3e_gu9rWwWQ,2025-08-31,Pernyataan Presiden Prabowo Menyikapi Aksi Demo,pun,1
3e_gu9rWwWQ,2025-08-31,Pernyataan Presiden Prabowo Menyikapi Aksi Demo,pungkiri,1
3e_gu9rWwWQ,2025-08-31,Pernyataan Presiden Prabowo Menyikapi Aksi Demo,rakyatnya,1
3e_gu9rWwWQ,2025-08-31,Pernyataan Presiden Prabowo Menyikapi Aksi Demo,rangka,1
3e_gu9rWwWQ,2025-08-31,Pernyataan Presiden Prabowo Menyikapi Aksi Demo,rights,1
3e_gu9rWwWQ,2025-08-31,Pernyataan Presiden Prabowo Menyikapi Aksi Demo,rumah,1
3e_gu9rWwWQ,2025-08-31,Pernyataan Presiden Prabowo Menyikapi Aksi Demo,saat,1
3e_gu9rWwWQ,2025-08-31,Pernyataan Presiden Prabowo Menyikapi Aksi Demo,saling,1
3e_gu9rWwWQ,2025-08-31,Pernyataan Presiden Prabowo Menyikapi Aksi Demo,salve,1
3e_gu9rWwWQ,2025-08-31,Pernyataan Presiden Prabowo Menyikapi Aksi Demo,sebangsa,1
3e_gu9rWwWQ,2025-08-31,Pernyataan Presiden Prabowo Menyikapi Aksi Demo,segala,1
3e_gu9rWwWQ,2025-08-31,Pernyataan Presiden Prabowo Menyikapi Aksi Demo,sejak,1
3e_gu9rWwWQ,2025-08-31,Pernyataan Presiden Prabowo Menyikapi Aksi Demo,sekarang,1
3e_gu9rWwWQ,2025-08-31,Pernyataan Presiden Prabowo Menyikapi Aksi Demo,semangat,1
3e_gu9rWwWQ,2025-08-31,Pernyataan Presiden Prabowo Menyikapi Aksi Demo,senin,1
3e_gu9rWwWQ,2025-08-31,Pernyataan Presiden Prabowo Menyikapi Aksi Demo,sentra-sentra,1
3e_gu9rWwWQ,2025-08-31,Pernyataan Presiden Prabowo Menyikapi Aksi Demo,seperti,1
3e_gu9rWwWQ,2025-08-31,Pernyataan Presiden Prabowo Menyikapi Aksi Demo,september,1
3e_gu9rWwWQ,2025-08-31,Pernyataan Presiden Prabowo Menyikapi Aksi Demo,sesuai,1
3e_gu9rWwWQ,2025-08-31,Pernyataan Presiden Prabowo Menyikapi Aksi Demo,setanah,1
3e_gu9rWwWQ,2025-08-31,Pernyataan Presiden Prabowo Menyikapi Aksi Demo,setegas-tegasnya,1
3e_gu9rWwWQ,2025-08-31,Pernyataan Presiden Prabowo Menyikapi Aksi Demo,setelah,1
3e_gu9rWwWQ,2025-08-31,Pernyataan Presiden Prabowo Menyikapi Aksi Demo,shalom,1
3e_gu9rWwWQ,2025-08-31,Pernyataan Presiden Prabowo Menyikapi Aksi Demo,silak,1
3e_gu9rWwWQ,2025-08-31,Pernyataan Presiden Prabowo Menyikapi Aksi Demo,silakan,1
3e_gu9rWwWQ,2025-08-31,Pernyataan Presiden Prabowo Menyikapi Aksi Demo,situasi,1
3e_gu9rWwWQ,2025-08-31,Pernyataan Presiden Prabowo Menyikapi Aksi Demo,suarakan,1
3e_gu9rWwWQ,2025-08-31,Pernyataan Presiden Prabowo Menyikapi Aksi Demo,sungguh-sungguh,1
3e_gu9rWwWQ,2025-08-31,Pernyataan Presiden Prabowo Menyikapi Aksi Demo,supaya,1
3e_gu9rWwWQ,2025-08-31,Pernyataan Presiden Prabowo Menyikapi Aksi Demo,tahun,1
3e_gu9rWwWQ,2025-08-31,Pernyataan Presiden Prabowo Menyikapi Aksi Demo,tanah,1
3e_gu9rWwWQ,2025-08-31,Pernyataan Presiden Prabowo Menyikapi Aksi Demo,tangan,1
3e_gu9rWwWQ,2025-08-31,Pernyataan Presiden Prabowo Menyikapi Aksi Demo,tempat-tempat,1
3e_gu9rWwWQ,2025-08-31,Pernyataan Presiden Prabowo Menyikapi Aksi Demo,tenang,1
3e_gu9rWwWQ,2025-08-31,Pernyataan Presiden Prabowo Menyikapi Aksi Demo,terdapat,1
3e_gu9rWwWQ,2025-08-31,Pernyataan Presiden Prabowo Menyikapi Aksi Demo,terhitung,1
3e_gu9rWwWQ,2025-08-31,Pernyataan Presiden Prabowo Menyikapi Aksi Demo,terjadi,1
3e_gu9rWwWQ,2025-08-31,Pernyataan Presiden Prabowo Menyikapi Aksi Demo,terorisme,1
3e_gu9rWwWQ,2025-08-31,Pernyataan Presiden Prabowo Menyikapi Aksi Demo,tertinggal,1
3e_gu9rWwWQ,2025-08-31,Pernyataan Presiden Prabowo Menyikapi Aksi Demo,tetapi,1
3e_gu9rWwWQ,2025-08-31,Pernyataan Presiden Prabowo Menyikapi Aksi Demo,tindakan,1
3e_gu9rWwWQ,2025-08-31,Pernyataan Presiden Prabowo Menyikapi Aksi Demo,tindakan-tindakan,1
3e_gu9rWwWQ,2025-08-31,Pernyataan Presiden Prabowo Menyikapi Aksi Demo,tni,1
3e_gu9rWwWQ,2025-08-31,Pernyataan Presiden Prabowo Menyikapi Aksi Demo,transparan,1
3e_gu9rWwWQ,2025-08-31,Pernyataan Presiden Prabowo Menyikapi Aksi Demo,tuntutan,1
3e_gu9rWwWQ,2025-08-31,Pernyataan Presiden Prabowo Menyikapi Aksi Demo,uang,1
3e_gu9rWwWQ,2025-08-31,Pernyataan Presiden Prabowo Menyikapi Aksi Demo,undang-undang,1
3e_gu9rWwWQ,2025-08-31,Pernyataan Presiden Prabowo Menyikapi Aksi Demo,united,1
3e_gu9rWwWQ,2025-08-31,Pernyataan Presiden Prabowo Menyikapi Aksi Demo,utusan-utusan,1
3e_gu9rWwWQ,2025-08-31,Pernyataan Presiden Prabowo Menyikapi Aksi Demo,wabarakatuh,1
3e_gu9rWwWQ,2025-08-31,Pernyataan Presiden Prabowo Menyikapi Aksi Demo,wajib,1
3e_gu9rWwWQ,2025-08-31,Pernyataan Presiden Prabowo Menyikapi Aksi Demo,warahmatullahi,1
3e_gu9rWwWQ,2025-08-31,Pernyataan Presiden Prabowo Menyikapi Aksi Demo,warga,1
3e_gu9rWwWQ,2025-08-31,Pernyataan Presiden Prabowo Menyikapi Aksi Demo,wasalamualaikum,1
3e_gu9rWwWQ,2025-08-31,Pernyataan Presiden Prabowo Menyikapi Aksi Demo,waspada,1
3e_gu9rWwWQ,2025-08-31,Pernyataan Presiden Prabowo Menyikapi Aksi Demo,yaitu,1
3e_gu9rWwWQ,2025-08-31,Pernyataan Presiden Prabowo Menyikapi Aksi Demo,yeah,1
02IcsjvhFGQ,2025-10-24,Sambutan Presiden Prabowo pada Puncak Peringatan Hari Santri,dan,12
02IcsjvhFGQ,2025-10-24,Sambutan Presiden Prabowo pada Puncak Peringatan Hari Santri,indonesia,8
02IcsjvhFGQ,2025-10-24,Sambutan Presiden Prabowo pada Puncak Peringatan Hari Santri,santri,8
02IcsjvhFGQ,2025-10-24,Sambutan Presiden Prabowo pada Puncak Peringatan Hari Santri,yang,7
02IcsjvhFGQ,2025-10-24,Sambutan Presiden Prabowo pada Puncak Peringatan Hari Santri,hari,6
02IcsjvhFGQ,2025-10-24,Sambutan Presiden Prabowo pada Puncak Peringatan Hari Santri,ini,6
02IcsjvhFGQ,2025-10-24,Sambutan Presiden Prabowo pada Puncak Peringatan Hari Santri,para,5
02IcsjvhFGQ,2025-10-24,Sambutan Presiden Prabowo pada Puncak Peringatan Hari Santri,saya,4
02IcsjvhFGQ,2025-10-24,Sambutan Presiden Prabowo pada Puncak Peringatan Hari Santri,dengan,3
02IcsjvhFGQ,2025-10-24,Sambutan Presiden Prabowo pada Puncak Peringatan Hari Santri,dunia,3
02IcsjvhFGQ,2025-10-24,Sambutan Presiden Prabowo pada Puncak Peringatan Hari Santri,hijriah,3
02IcsjvhFGQ,2025-10-24,Sambutan Presiden Prabowo pada Puncak Peringatan Hari Santri,ilmu,3
02IcsjvhFGQ,2025-10-24,Sambutan Presiden Prabowo pada Puncak Peringatan Hari Santri,kita,3
02IcsjvhFGQ,2025-10-24,Sambutan Presiden Prabowo pada Puncak Peringatan Hari Santri,menuju,3
02IcsjvhFGQ,2025-10-24,Sambutan Presiden Prabowo pada Puncak Peringatan Hari Santri,merdeka,3
02IcsjvhFGQ,2025-10-24,Sambutan Presiden Prabowo pada Puncak Peringatan Hari Santri,pesantren,3
02IcsjvhFGQ,2025-10-24,Sambutan Presiden Prabowo pada Puncak Peringatan Hari Santri,air,2
02IcsjvhFGQ,2025-10-24,Sambutan Presiden Prabowo pada Puncak Peringatan Hari Santri,bahwa,2
02IcsjvhFGQ,2025-10-24,Sambutan Presiden Prabowo pada Puncak Peringatan Hari Santri,bangsa,2
02IcsjvhFGQ,2025-10-24,Sambutan Presiden Prabowo pada Puncak Peringatan Hari Santri,berakhlak,2
02IcsjvhFGQ,2025-10-24,Sambutan Presiden Prabowo pada Puncak Peringatan Hari Santri,bermartabat,2
02IcsjvhFGQ,2025-10-24,Sambutan Presiden Prabowo pada Puncak Peringatan Hari Santri,dalam,2
02IcsjvhFGQ,2025-10-24,Sambutan Presiden Prabowo pada Puncak Peringatan Hari Santri,di,2
02IcsjvhFGQ,2025-10-24,Sambutan Presiden Prabowo pada Puncak Peringatan Hari Santri,kemajuan,2
02IcsjvhFGQ,2025-10-24,Sambutan Presiden Prabowo pada Puncak Peringatan Hari Santri,kemerdekaan,2
02IcsjvhFGQ,2025-10-24,Sambutan Presiden Prabowo pada Puncak Peringatan Hari Santri,kesempatan,2
02IcsjvhFGQ,2025-10-24,Sambutan Presiden Prabowo pada Puncak Peringatan Hari Santri,kiai,2
02IcsjvhFGQ,2025-10-24,Sambutan Presiden Prabowo pada Puncak Peringatan Hari Santri,melindungi,2
02IcsjvhFGQ,2025-10-24,Sambutan Presiden Prabowo pada Puncak Peringatan Hari Santri,mengawal,2
02IcsjvhFGQ,2025-10-24,Sambutan Presiden Prabowo pada Puncak Peringatan Hari Santri,menyampaikan,2
02IcsjvhFGQ,2025-10-24,Sambutan Presiden Prabowo pada Puncak Peringatan Hari Santri,nasional,2
02IcsjvhFGQ,2025-10-24,Sambutan Presiden Prabowo pada Puncak Peringatan Hari Santri,nyai,2
02IcsjvhFGQ,2025-10-24,Sambutan Presiden Prabowo pada Puncak Peringatan Hari Santri,peradaban,2
02IcsjvhFGQ,2025-10-24,Sambutan Presiden Prabowo pada Puncak Peringatan Hari Santri,pondok,2
02IcsjvhFGQ,2025-10-24,Sambutan Presiden Prabowo pada Puncak Peringatan Hari Santri,santri-santriwati,2
02IcsjvhFGQ,2025-10-24,Sambutan Presiden Prabowo pada Puncak Peringatan Hari Santri,selamat,2
02IcsjvhFGQ,2025-10-24,Sambutan Presiden Prabowo pada Puncak Peringatan Hari Santri,seluruh,2
02IcsjvhFGQ,2025-10-24,Sambutan Presiden Prabowo pada Puncak Peringatan Hari Santri,semakin,2
02IcsjvhFGQ,2025-10-24,Sambutan Presiden Prabowo pada Puncak Peringatan Hari Santri,semangat,2
02IcsjvhFGQ,2025-10-24,Sambutan Presiden Prabowo pada Puncak Peringatan Hari Santri,tahun,2
02IcsjvhFGQ,2025-10-24,Sambutan Presiden Prabowo pada Puncak Peringatan Hari Santri,tekad,2
02IcsjvhFGQ,2025-10-24,Sambutan Presiden Prabowo pada Puncak Peringatan Hari Santri,untuk,2
02IcsjvhFGQ,2025-10-24,Sambutan Presiden Prabowo pada Puncak Peringatan Hari Santri,wabarakatuh,2
02IcsjvhFGQ,2025-10-24,Sambutan Presiden Prabowo pada Puncak Peringatan Hari Santri,warahmatullahi,2
02IcsjvhFGQ,2025-10-24,Sambutan Presiden Prabowo pada Puncak Peringatan Hari Santri,adalah,1
02IcsjvhFGQ,2025-10-24,Sambutan Presiden Prabowo pada Puncak Peringatan Hari Santri,agama,1
02IcsjvhFGQ,2025-10-24,Sambutan Presiden Prabowo pada Puncak Peringatan Hari Santri,akar,1
02IcsjvhFGQ,2025-10-24,Sambutan Presiden Prabowo pada Puncak Peringatan Hari Santri,allah,1
02IcsjvhFGQ,2025-10-24,Sambutan Presiden Prabowo pada Puncak Peringatan Hari Santri,asalamualaikum,1
02IcsjvhFGQ,2025-10-24,Sambutan Presiden Prabowo pada Puncak Peringatan Hari Santri,asy'ari,1
02IcsjvhFGQ,2025-10-24,Sambutan Presiden Prabowo pada Puncak Peringatan Hari Santri,atau,1
02IcsjvhFGQ,2025-10-24,Sambutan Presiden Prabowo pada Puncak Peringatan Hari Santri,bagian,1
02IcsjvhFGQ,2025-10-24,Sambutan Presiden Prabowo pada Puncak Peringatan Hari Santri,berdaulat,1
02IcsjvhFGQ,2025-10-24,Sambutan Presiden Prabowo pada Puncak Peringatan Hari Santri,berdaya,1
02IcsjvhFGQ,2025-10-24,Sambutan Presiden Prabowo pada Puncak Peringatan Hari Santri,berkah,1
02IcsjvhFGQ,2025-10-24,Sambutan Presiden Prabowo pada Puncak Peringatan Hari Santri,berkeadilan,1
02IcsjvhFGQ,2025-10-24,Sambutan Presiden Prabowo pada Puncak Peringatan Hari Santri,besar,1
02IcsjvhFGQ,2025-10-24,Sambutan Presiden Prabowo pada Puncak Peringatan Hari Santri,bismillahirrahmanirrahim,1
02IcsjvhFGQ,2025-10-24,Sambutan Presiden Prabowo pada Puncak Peringatan Hari Santri,boleh,1
02IcsjvhFGQ,2025-10-24,Sambutan Presiden Prabowo pada Puncak Peringatan Hari Santri,bukan,1
02IcsjvhFGQ,2025-10-24,Sambutan Presiden Prabowo pada Puncak Peringatan Hari Santri,cinta,1
02IcsjvhFGQ,2025-10-24,Sambutan Presiden Prabowo pada Puncak Peringatan Hari Santri,dari,1
02IcsjvhFGQ,2025-10-24,Sambutan Presiden Prabowo pada Puncak Peringatan Hari Santri,dibentuknya,1
02IcsjvhFGQ,2025-10-24,Sambutan Presiden Prabowo pada Puncak Peringatan Hari Santri,digelorakan,1
02IcsjvhFGQ,2025-10-24,Sambutan Presiden Prabowo pada Puncak Peringatan Hari Santri,direktorat,1
02IcsjvhFGQ,2025-10-24,Sambutan Presiden Prabowo pada Puncak Peringatan Hari Santri,global,1
02IcsjvhFGQ,2025-10-24,Sambutan Presiden Prabowo pada Puncak Peringatan Hari Santri,ha,1
02IcsjvhFGQ,2025-10-24,Sambutan Presiden Prabowo pada Puncak Peringatan Hari Santri,hanya,1
02IcsjvhFGQ,2025-10-24,Sambutan Presiden Prabowo pada Puncak Peringatan Hari Santri,hasyim,1
02IcsjvhFGQ,2025-10-24,Sambutan Presiden Prabowo pada Puncak Peringatan Hari Santri,iman,1
02IcsjvhFGQ,2025-10-24,Sambutan Presiden Prabowo pada Puncak Peringatan Hari Santri,jenderal,1
02IcsjvhFGQ,2025-10-24,Sambutan Presiden Prabowo pada Puncak Peringatan Hari Santri,jihad,1
02IcsjvhFGQ,2025-10-24,Sambutan Presiden Prabowo pada Puncak Peringatan Hari Santri,juang,1
02IcsjvhFGQ,2025-10-24,Sambutan Presiden Prabowo pada Puncak Peringatan Hari Santri,juga,1
02IcsjvhFGQ,2025-10-24,Sambutan Presiden Prabowo pada Puncak Peringatan Hari Santri,k,1
02IcsjvhFGQ,2025-10-24,Sambutan Presiden Prabowo pada Puncak Peringatan Hari Santri,kasih,1
02IcsjvhFGQ,2025-10-24,Sambutan Presiden Prabowo pada Puncak Peringatan Hari Santri,keindonesiaan,1
02IcsjvhFGQ,2025-10-24,Sambutan Presiden Prabowo pada Puncak Peringatan Hari Santri,keislaman,1
02IcsjvhFGQ,2025-10-24,Sambutan Presiden Prabowo pada Puncak Peringatan Hari Santri,keluarga,1
02IcsjvhFGQ,2025-10-24,Sambutan Presiden Prabowo pada Puncak Peringatan Hari Santri,kembali,1
02IcsjvhFGQ,2025-10-24,Sambutan Presiden Prabowo pada Puncak Peringatan Hari Santri,kesejahteraan,1
02IcsjvhFGQ,2025-10-24,Sambutan Presiden Prabowo pada Puncak Peringatan Hari Santri,khususnya,1
02IcsjvhFGQ,2025-10-24,Sambutan Presiden Prabowo pada Puncak Peringatan Hari Santri,lagi,1
02IcsjvhFGQ,2025-10-24,Sambutan Presiden Prabowo pada Puncak Peringatan Hari Santri,lupa,1
02IcsjvhFGQ,2025-10-24,Sambutan Presiden Prabowo pada Puncak Peringatan Hari Santri,memperhatikan,1
02IcsjvhFGQ,2025-10-24,Sambutan Presiden Prabowo pada Puncak Peringatan Hari Santri,memperkuat,1
02IcsjvhFGQ,2025-10-24,Sambutan Presiden Prabowo pada Puncak Peringatan Hari Santri,mempertahankan,1
02IcsjvhFGQ,2025-10-24,Sambutan Presiden Prabowo pada Puncak Peringatan Hari Santri,mengenang,1
02IcsjvhFGQ,2025-10-24,Sambutan Presiden Prabowo pada Puncak Peringatan Hari Santri,menggambarkan,1
02IcsjvhFGQ,2025-10-24,Sambutan Presiden Prabowo pada Puncak Peringatan Hari Santri,menguasai,1
02IcsjvhFGQ,2025-10-24,Sambutan Presiden Prabowo pada Puncak Peringatan Hari Santri,meninggalkan,1
02IcsjvhFGQ,2025-10-24,Sambutan Presiden Prabowo pada Puncak Peringatan Hari Santri,meningkatkan,1
02IcsjvhFGQ,2025-10-24,Sambutan Presiden Prabowo pada Puncak Peringatan Hari Santri,menjadi,1
02IcsjvhFGQ,2025-10-24,Sambutan Presiden Prabowo pada Puncak Peringatan Hari Santri,menunjukkan,1
02IcsjvhFGQ,2025-10-24,Sambutan Presiden Prabowo pada Puncak Peringatan Hari Santri,merebut,1
02IcsjvhFGQ,2025-10-24,Sambutan Presiden Prabowo pada Puncak Peringatan Hari Santri,merestui,1
02IcsjvhFGQ,2025-10-24,Sambutan Presiden Prabowo pada Puncak Peringatan Hari Santri,meridai,1
02IcsjvhFGQ,2025-10-24,Sambutan Presiden Prabowo pada Puncak Peringatan Hari Santri,moral,1
02IcsjvhFGQ,2025-10-24,Sambutan Presiden Prabowo pada Puncak Peringatan Hari Santri,nilai,1
02IcsjvhFGQ,2025-10-24,Sambutan Presiden Prabowo pada Puncak Peringatan Hari Santri,oktober,1
02IcsjvhFGQ,2025-10-24,Sambutan Presiden Prabowo pada Puncak Peringatan Hari Santri,pada,1
02IcsjvhFGQ,2025-10-24,Sambutan Presiden Prabowo pada Puncak Peringatan Hari Santri,pelopor,1
02IcsjvhFGQ,2025-10-24,Sambutan Presiden Prabowo pada Puncak Peringatan Hari Santri,pemerintah,1
02IcsjvhFGQ,2025-10-24,Sambutan Presiden Prabowo pada Puncak Peringatan Hari Santri,penjaga,1
02IcsjvhFGQ,2025-10-24,Sambutan Presiden Prabowo pada Puncak Peringatan Hari Santri,penting,1
02IcsjvhFGQ,2025-10-24,Sambutan Presiden Prabowo pada Puncak Peringatan Hari Santri,penuh,1
02IcsjvhFGQ,2025-10-24,Sambutan Presiden Prabowo pada Puncak Peringatan Hari Santri,percaya,1
02IcsjvhFGQ,2025-10-24,Sambutan Presiden Prabowo pada Puncak Peringatan Hari Santri,perjalanan,1
02IcsjvhFGQ,2025-10-24,Sambutan Presiden Prabowo pada Puncak Peringatan Hari Santri,prabowo,1
02IcsjvhFGQ,2025-10-24,Sambutan Presiden Prabowo pada Puncak Peringatan Hari Santri,presiden,1
02IcsjvhFGQ,2025-10-24,Sambutan Presiden Prabowo pada Puncak Peringatan Hari Santri,prioritas,1
02IcsjvhFGQ,2025-10-24,Sambutan Presiden Prabowo pada Puncak Peringatan Hari Santri,pula,1
02IcsjvhFGQ,2025-10-24,Sambutan Presiden Prabowo pada Puncak Peringatan Hari Santri,rakyat,1
02IcsjvhFGQ,2025-10-24,Sambutan Presiden Prabowo pada Puncak Peringatan Hari Santri,republik,1
02IcsjvhFGQ,2025-10-24,Sambutan Presiden Prabowo pada Puncak Peringatan Hari Santri,resolusi,1
02IcsjvhFGQ,2025-10-24,Sambutan Presiden Prabowo pada Puncak Peringatan Hari Santri,saing,1
02IcsjvhFGQ,2025-10-24,Sambutan Presiden Prabowo pada Puncak Peringatan Hari Santri,saudara-saudara,1
02IcsjvhFGQ,2025-10-24,Sambutan Presiden Prabowo pada Puncak Peringatan Hari Santri,sebangsa,1
02IcsjvhFGQ,2025-10-24,Sambutan Presiden Prabowo pada Puncak Peringatan Hari Santri,sebuah,1
02IcsjvhFGQ,2025-10-24,Sambutan Presiden Prabowo pada Puncak Peringatan Hari Santri,sejarah,1
02IcsjvhFGQ,2025-10-24,Sambutan Presiden Prabowo pada Puncak Peringatan Hari Santri,sekali,1
02IcsjvhFGQ,2025-10-24,Sambutan Presiden Prabowo pada Puncak Peringatan Hari Santri,semoga,1
02IcsjvhFGQ,2025-10-24,Sambutan Presiden Prabowo pada Puncak Peringatan Hari Santri,senantiasa,1
02IcsjvhFGQ,2025-10-24,Sambutan Presiden Prabowo pada Puncak Peringatan Hari Santri,setanah,1
02IcsjvhFGQ,2025-10-24,Sambutan Presiden Prabowo pada Puncak Peringatan Hari Santri,siap,1
02IcsjvhFGQ,2025-10-24,Sambutan Presiden Prabowo pada Puncak Peringatan Hari Santri,strategis,1
02IcsjvhFGQ,2025-10-24,Sambutan Presiden Prabowo pada Puncak Peringatan Hari Santri,subhanahu,1
02IcsjvhFGQ,2025-10-24,Sambutan Presiden Prabowo pada Puncak Peringatan Hari Santri,subianto,1
02IcsjvhFGQ,2025-10-24,Sambutan Presiden Prabowo pada Puncak Peringatan Hari Santri,taala,1
02IcsjvhFGQ,2025-10-24,Sambutan Presiden Prabowo pada Puncak Peringatan Hari Santri,takwa,1
02IcsjvhFGQ,2025-10-24,Sambutan Presiden Prabowo pada Puncak Peringatan Hari Santri,tanah,1
02IcsjvhFGQ,2025-10-24,Sambutan Presiden Prabowo pada Puncak Peringatan Hari Santri,tanpa,1
02IcsjvhFGQ,2025-10-24,Sambutan Presiden Prabowo pada Puncak Peringatan Hari Santri,teguhkan,1
02IcsjvhFGQ,2025-10-24,Sambutan Presiden Prabowo pada Puncak Peringatan Hari Santri,telah,1
02IcsjvhFGQ,2025-10-24,Sambutan Presiden Prabowo pada Puncak Peringatan Hari Santri,tema,1
02IcsjvhFGQ,2025-10-24,Sambutan Presiden Prabowo pada Puncak Peringatan Hari Santri,terima,1
02IcsjvhFGQ,2025-10-24,Sambutan Presiden Prabowo pada Puncak Peringatan Hari Santri,tetapi,1
02IcsjvhFGQ,2025-10-24,Sambutan Presiden Prabowo pada Puncak Peringatan Hari Santri,tidak,1
02IcsjvhFGQ,2025-10-24,Sambutan Presiden Prabowo pada Puncak Peringatan Hari Santri,tonggak,1
02IcsjvhFGQ,2025-10-24,Sambutan Presiden Prabowo pada Puncak Peringatan Hari Santri,turut,1
02IcsjvhFGQ,2025-10-24,Sambutan Presiden Prabowo pada Puncak Peringatan Hari Santri,usulan,1
02IcsjvhFGQ,2025-10-24,Sambutan Presiden Prabowo pada Puncak Peringatan Hari Santri,wa,1
02IcsjvhFGQ,2025-10-24,Sambutan Presiden Prabowo pada Puncak Peringatan Hari Santri,wasalamualaikum,1
02IcsjvhFGQ,2025-10-24,Sambutan Presiden Prabowo pada Puncak Peringatan Hari Santri,yaitu,1
