word,count,per_1000_tokens,event_count
kita,5931,38.5884,67
yang,5113,33.2663,67
saya,4096,26.6495,66
dan,3192,20.7679,67
ini,2264,14.7301,66
di,2238,14.5609,66
indonesia,1688,10.9825,66
tidak,1687,10.976,64
itu,1541,10.0261,61
ya,1352,8.7964,53
saudara-saudara,1265,8.2304,63
untuk,1206,7.8465,67
ada,1147,7.4626,62
dari,1129,7.3455,65
rakyat,1081,7.0332,63
akan,1064,6.9226,61
dengan,1000,6.5062,65
harus,991,6.4477,64
saudara,878,5.7125,61
bangsa,863,5.6149,64
sudah,813,5.2896,59
kalau,806,5.244,57
negara,795,5.1724,62
semua,784,5.1009,64
adalah,783,5.0944,64
bisa,779,5.0683,57
juga,735,4.7821,63
tapi,721,4.691,60
tahun,708,4.6064,60
ee,689,4.4828,49
jadi,656,4.2681,56
dalam,634,4.1249,63
enggak,604,3.9298,49
sekalian,598,3.8907,64
karena,584,3.7996,62
para,561,3.65,61
menteri,548,3.5654,59
kasih,536,3.4873,65
kepada,536,3.4873,60
besar,522,3.3962,63
mereka,519,3.3767,55
hari,505,3.2856,63
ketua,503,3.2726,48
presiden,501,3.2596,64
banyak,494,3.2141,59
ke,491,3.1946,59
terima,480,3.123,65
sekarang,473,3.0774,60
bahwa,438,2.8497,61
oleh,437,2.8432,64
baik,411,2.6741,59
republik,398,2.5895,62
mau,397,2.583,53
seluruh,393,2.5569,63
lagi,386,2.5114,58
sangat,381,2.4789,58
apa,378,2.4594,49
kan,373,2.4268,42
hadir,368,2.3943,61
lebih,364,2.3683,56
sebagai,358,2.3292,62
satu,346,2.2512,56
sama,341,2.2186,55
orang,325,2.1145,48
telah,320,2.082,52
pak,316,2.056,42
punya,314,2.043,54
atas,312,2.0299,61
dunia,299,1.9454,56
kami,296,1.9258,47
mungkin,295,1.9193,57
ingin,289,1.8803,55
wakil,282,1.8348,50
masih,280,1.8217,57
boleh,279,1.8152,53
dia,279,1.8152,40
bagi,277,1.8022,64
hormati,276,1.7957,60
hanya,271,1.7632,55
ekonomi,260,1.6916,48
menjadi,259,1.6851,56
benar,253,1.6461,48
atau,250,1.6266,49
bukan,250,1.6266,49
umum,249,1.62,38
pemerintah,246,1.6005,51
luar,241,1.568,48
dapat,233,1.516,59
nanti,233,1.516,47
mana,230,1.4964,54
jangan,230,1.4964,44
sampai,227,1.4769,46
pada,222,1.4444,56
bapak,219,1.4249,43
selalu,217,1.4119,55
partai,214,1.3923,28
lain,211,1.3728,51
sekolah,210,1.3663,31
waktu,208,1.3533,49
tadi,206,1.3403,48
tni,206,1.3403,49
bekerja,200,1.3012,47
iya,200,1.3012,44
kepala,198,1.2882,49
terus,190,1.2362,47
lihat,188,1.2232,42
kerja,187,1.2167,48
juta,187,1.2167,35
berapa,185,1.2037,40
salam,183,1.1906,61
kekayaan,182,1.1841,41
baru,182,1.1841,50
kali,181,1.1776,44
suatu,179,1.1646,49
kira,179,1.1646,50
negeri,178,1.1581,45
sini,171,1.1126,55
paling,171,1.1126,45
sendiri,170,1.1061,40
memberi,164,1.067,50
pemimpin,163,1.0605,34
nasional,163,1.0605,48
beliau,162,1.054,31
prabowo,160,1.041,51
bersama,159,1.0345,48
hidup,159,1.0345,45
maha,158,1.028,55
salah,157,1.0215,49
pangan,157,1.0215,37
minta,155,1.0085,46
anak-anak,154,1.002,40
kuat,151,0.9824,47
tiap,151,0.9824,37
pertama,151,0.9824,43
masalah,150,0.9759,41
merdeka,148,0.9629,39
sekali,148,0.9629,52
penting,147,0.9564,50
wabarakatuh,146,0.9499,64
depan,146,0.9499,52
belum,146,0.9499,41
bulan,144,0.9369,34
warahmatullahi,141,0.9174,64
selamat,140,0.9109,54
jenderal,138,0.8979,40
tahu,137,0.8914,43
desa,136,0.8848,25
triliun,136,0.8848,22
memang,135,0.8783,45
begitu,134,0.8718,44
pimpinan,133,0.8653,42
sejahtera,132,0.8588,57
ibu,131,0.8523,38
koperasi,131,0.8523,16
bupati,130,0.8458,19
anak,129,0.8393,44
politik,129,0.8393,37
berani,128,0.8328,41
keras,127,0.8263,43
cukup,127,0.8263,42
kau,126,0.8198,35
berhasil,125,0.8133,36
air,125,0.8133,46
rumah,125,0.8133,27
tanpa,124,0.8068,47
tuhan,123,0.8003,52
perlu,123,0.8003,42
terlalu,123,0.8003,33
om,122,0.7938,53
makan,122,0.7938,35
daerah,120,0.7807,42
sejarah,120,0.7807,33
pun,118,0.7677,46
pendidikan,118,0.7677,29
mengerti,117,0.7612,34
menjaga,117,0.7612,36
ulama,117,0.7612,17
datang,115,0.7482,43
setiap,115,0.7482,31
bagaimana,115,0.7482,44
gubernur,115,0.7482,32
antara,113,0.7352,36
biasa,113,0.7352,31
keluarga,112,0.7287,35
saja,112,0.7287,37
perang,112,0.7287,29
uang,111,0.7222,36
badan,111,0.7222,40
masa,110,0.7157,41
memiliki,110,0.7157,46
berada,110,0.7157,41
dasar,110,0.7157,28
jalan,109,0.7092,33
anggota,107,0.6962,43
dulu,107,0.6962,39
tengah,107,0.6962,43
petani,107,0.6962,22
merah,107,0.6962,43
aku,106,0.6897,29
pembangunan,106,0.6897,39
mulai,105,0.6832,34
putih,105,0.6832,44
secara,104,0.6766,36
energi,102,0.6636,36
kurang,102,0.6636,35
penuh,101,0.6571,42
timur,101,0.6571,27
kekuatan,101,0.6571,42
subianto,101,0.6571,41
terbaik,101,0.6571,38
pernah,101,0.6571,33
guru,101,0.6571,23
kesehatan,99,0.6441,48
marilah,98,0.6376,47
melihat,98,0.6376,37
sehingga,98,0.6376,44
serta,98,0.6376,35
bicara,98,0.6376,33
kalian,97,0.6311,28
segala,96,0.6246,47
belajar,95,0.6181,33
kabinet,95,0.6181,49
yakin,95,0.6181,40
undang-undang,95,0.6181,26
diberi,92,0.5986,40
pakai,92,0.5986,24
eh,92,0.5986,33
kadang-kadang,91,0.5921,31
butuh,91,0.5921,25
pemerintahan,91,0.5921,30
diberikan,90,0.5856,48
sampaikan,90,0.5856,40
bumn,90,0.5856,25
menghadapi,90,0.5856,31
aja,89,0.5791,30
kuasa,89,0.5791,51
kalah,89,0.5791,27
jawa,89,0.5791,27
percaya,89,0.5791,40
prof,89,0.5791,39
lama,88,0.5725,36
diri,88,0.5725,37
dewan,87,0.566,35
beserta,87,0.566,41
kecil,87,0.566,39
saat,86,0.5595,35
keadaan,85,0.553,34
k,85,0.553,24
nelayan,85,0.553,18
shalom,84,0.5465,53
kembali,84,0.5465,35
hampir,84,0.5465,35
berarti,84,0.5465,36
demokrasi,83,0.54,17
sedang,83,0.54,32
h,83,0.54,21
teknologi,82,0.5335,27
santi,82,0.5335,33
alam,81,0.527,44
masuk,81,0.527,29
oh,81,0.527,36
tentara,81,0.527,26
polisi,81,0.527,31
siap,81,0.527,30
semakin,81,0.527,31
tinggi,80,0.5205,34
acara,80,0.5205,41
kehormatan,80,0.5205,41
agama,80,0.5205,32
menyampaikan,80,0.5205,38
beberapa,80,0.5205,37
naik,80,0.5205,29
hati,80,0.5205,40
merasa,80,0.5205,28
membangun,80,0.5205,25
tentunya,79,0.514,38
manusia,79,0.514,40
kenapa,79,0.514,32
masyarakat,79,0.514,34
kepentingan,79,0.514,33
tempat,78,0.5075,37
hukum,78,0.5075,27
mencapai,78,0.5075,25
namo,77,0.501,52
kebajikan,77,0.501,52
demikian,77,0.501,39
kesulitan,77,0.501,28
bikin,77,0.501,29
program,77,0.501,25
maju,77,0.501,25
harga,77,0.501,24
bidang,77,0.501,31
saudari,77,0.501,29
lalu,76,0.4945,35
mengatakan,76,0.4945,30
the,76,0.4945,18
muhammad,76,0.4945,35
agung,76,0.4945,26
panglima,76,0.4945,38
ri,76,0.4945,29
hah,75,0.488,28
wa,74,0.4815,38
ternyata,74,0.4815,26
bersyukur,74,0.4815,39
mampu,74,0.4815,29
berdiri,74,0.4815,35
demokrat,74,0.4815,8
pancasila,74,0.4815,12
seperti,73,0.475,42
selama,73,0.475,34
muda,73,0.475,27
kapolri,73,0.475,36
miliar,73,0.475,25
bahkan,72,0.4684,33
dua,71,0.4619,33
bahasa,71,0.4619,22
investasi,71,0.4619,31
of,71,0.4619,14
semuanya,71,0.4619,36
kota,71,0.4619,23
ratusan,70,0.4554,29
bersatu,70,0.4554,23
berjuang,70,0.4554,35
bismillahirrahmanirrahim,69,0.4489,49
kok,69,0.4489,27
laporan,69,0.4489,25
langsung,68,0.4424,37
sebut,68,0.4424,32
perwakilan,68,0.4424,33
saling,68,0.4424,23
asalamualaikum,67,0.4359,59
situ,67,0.4359,27
terjadi,67,0.4359,28
semangat,67,0.4359,35
korupsi,67,0.4359,31
kemerdekaan,67,0.4359,28
allah,66,0.4294,39
sumber,66,0.4294,30
barat,66,0.4294,29
tersebut,66,0.4294,30
ingat,66,0.4294,34
kabupaten,66,0.4294,23
bangun,66,0.4294,27
salve,66,0.4294,46
buddhaya,65,0.4229,47
cari,65,0.4229,28
apa-apa,65,0.4229,30
wasalamualaikum,65,0.4229,54
bagus,65,0.4229,32
keadilan,65,0.4229,26
agar,65,0.4229,20
kemiskinan,64,0.4164,30
kemudian,64,0.4164,27
daya,64,0.4164,27
perbaiki,64,0.4164,24
keluar,63,0.4099,26
selesai,63,0.4099,38
nama,63,0.4099,34
supaya,63,0.4099,28
katakan,63,0.4099,33
dpr,63,0.4099,23
mari,62,0.4034,26
paham,62,0.4034,20
contoh,62,0.4034,26
menerima,62,0.4034,23
mana-mana,62,0.4034,28
polri,62,0.4034,14
menang,61,0.3969,23
tetapi,61,0.3969,33
cepat,61,0.3969,24
hadirin,61,0.3969,32
pintar,61,0.3969,23
miskin,61,0.3969,27
perjuangan,61,0.3969,27
buruh,61,0.3969,13
tiga,60,0.3904,25
pertahanan,60,0.3904,20
membela,60,0.3904,29
tetap,60,0.3904,21
siapa,60,0.3904,29
tangan,60,0.3904,27
tanah,60,0.3904,28
mulia,60,0.3904,23
koordinator,60,0.3904,36
provinsi,60,0.3904,26
ahmad,59,0.3839,34
kaya,59,0.3839,25
ikut,59,0.3839,34
artinya,59,0.3839,25
tim,59,0.3839,23
persatuan,59,0.3839,26
walikota,59,0.3839,19
melalui,59,0.3839,26
hasil,59,0.3839,23
bawah,58,0.3774,30
prestasi,58,0.3774,23
bangkit,58,0.3774,22
yaitu,58,0.3774,33
majelis,57,0.3709,24
kebaikan,57,0.3709,30
sekretaris,57,0.3709,26
terutama,57,0.3709,32
pusat,57,0.3709,24
takut,56,0.3643,22
walaupun,56,0.3643,32
mohon,56,0.3643,28
terhadap,56,0.3643,27
khusus,56,0.3643,22
dolar,56,0.3643,18
banggakan,55,0.3578,31
ucapkan,55,0.3578,34
tantangan,55,0.3578,29
perusahaan,55,0.3578,23
kepolisian,55,0.3578,14
nu,55,0.3578,7
swastiastu,54,0.3513,49
undangan,54,0.3513,38
i,54,0.3513,29
berbeda,54,0.3513,18
budaya,54,0.3513,19
inilah,54,0.3513,25
kehidupan,54,0.3513,28
termasuk,54,0.3513,28
usaha,54,0.3513,27
bersih,54,0.3513,24
beras,54,0.3513,15
kesempatan,53,0.3448,26
anggaran,53,0.3448,13
bangga,53,0.3448,24
muhammadiyah,53,0.3448,8
gitu,52,0.3383,25
tanya,52,0.3383,22
cinta,52,0.3383,26
membantu,52,0.3383,29
empat,52,0.3383,23
karunia,52,0.3383,39
mbg,52,0.3383,12
maaf,51,0.3318,24
kopi,51,0.3318,17
mendukung,51,0.3318,27
tugas,51,0.3318,25
kekurangan,50,0.3253,22
terbesar,50,0.3253,28
suka,50,0.3253,17
pasti,50,0.3253,26
sekian,50,0.3253,22
kelapa,50,0.3253,18
sawit,50,0.3253,18
nilai,50,0.3253,22
umat,50,0.3253,33
menko,50,0.3253,25
habis,50,0.3253,20
hebat,49,0.3188,26
turun,49,0.3188,25
jawab,49,0.3188,26
hormat,49,0.3188,28
subsidi,49,0.3188,12
segera,49,0.3188,21
keuangan,49,0.3188,22
syukur,48,0.3123,42
bung,48,0.3123,15
gue,48,0.3123,13
berbuat,48,0.3123,27
negara-negara,48,0.3123,26
puji,47,0.3058,43
taala,47,0.3058,37
sadar,47,0.3058,22
membuat,47,0.3058,24
bumi,47,0.3058,24
apalagi,47,0.3058,30
nomor,47,0.3058,17
pengusaha,47,0.3058,22
menjalankan,47,0.3058,20
pekerjaan,47,0.3058,22
bergizi,47,0.3058,21
insan,47,0.3058,40
rasa,47,0.3058,30
apakah,47,0.3058,22
betul,47,0.3058,15
akhir,47,0.3058,17
menuju,47,0.3058,19
pertanian,47,0.3058,19
lembaga,47,0.3058,25
oke,47,0.3058,20
setelah,46,0.2993,27
coba,46,0.2993,22
namanya,46,0.2993,29
anda,46,0.2993,26
angkatan,46,0.2993,24
sebelum,46,0.2993,23
sistem,46,0.2993,18
seorang,46,0.2993,23
bilang,46,0.2993,21
mahkamah,46,0.2993,10
subhanahu,45,0.2928,37
sedikit,45,0.2928,24
media,45,0.2928,34
tambah,45,0.2928,17
insyaallah,45,0.2928,23
apbn,45,0.2928,11
pimpin,45,0.2928,21
sakit,45,0.2928,16
islam,45,0.2928,28
industri,45,0.2928,17
danantara,45,0.2928,17
kehadirat,44,0.2863,41
terhormat,44,0.2863,21
sebagian,44,0.2863,25
kemakmuran,44,0.2863,21
lemah,44,0.2863,26
hal,44,0.2863,26
unsur,44,0.2863,22
kiai,44,0.2863,7
mendapat,43,0.2798,23
bayangkan,43,0.2798,20
kemarin,43,0.2798,26
sebetulnya,43,0.2798,23
nah,43,0.2798,25
cita-cita,43,0.2798,21
dr,43,0.2798,16
aman,43,0.2798,22
hadapan,43,0.2798,18
melindungi,43,0.2798,23
profesor,43,0.2798,23
malam,42,0.2733,21
angka,42,0.2733,18
melaksanakan,42,0.2733,25
pagi,42,0.2733,29
milik,42,0.2733,24
memimpin,42,0.2733,22
mencari,42,0.2733,21
we,42,0.2733,11
tokoh-tokoh,42,0.2733,22
disebut,42,0.2733,25
susah,42,0.2733,23
kesejahteraan,42,0.2733,22
target,42,0.2733,15
pidato,42,0.2733,22
waalaikumsalam,41,0.2668,36
loh,41,0.2668,23
jauh,41,0.2668,20
jokowi,41,0.2668,13
tinggal,41,0.2668,20
produksi,41,0.2668,20
lu,41,0.2668,17
elit,41,0.2668,14
usah,41,0.2668,20
agak,41,0.2668,23
beri,41,0.2668,20
ibu-ibu,41,0.2668,22
hakim,41,0.2668,10
bertakwa,41,0.2668,40
menghasilkan,41,0.2668,22
orang-orang,41,0.2668,21
memperkuat,41,0.2668,21
benar-benar,40,0.2602,22
sesuai,40,0.2602,23
lapangan,40,0.2602,17
bantuan,40,0.2602,15
henti-hentinya,39,0.2537,39
akhirnya,39,0.2537,20
suku,39,0.2537,21
izin,39,0.2537,23
daripada,39,0.2537,26
mengajak,39,0.2537,21
guru-guru,39,0.2537,14
merasakan,39,0.2537,25
puluhan,39,0.2537,21
minimal,39,0.2537,18
korea,39,0.2537,8
sebenarnya,39,0.2537,26
meningkatkan,39,0.2537,20
menurut,39,0.2537,22
perlindungan,39,0.2537,15
jam,39,0.2537,17
pt,39,0.2537,11
kelas,39,0.2537,12
strategis,38,0.2472,19
kedua,38,0.2472,23
pemimpin-pemimpin,38,0.2472,20
mandat,38,0.2472,21
bagian,38,0.2472,22
dukungan,38,0.2472,19
bertekad,38,0.2472,23
muliakan,38,0.2472,13
utama,38,0.2472,20
peringatan,38,0.2472,16
sosial,38,0.2472,13
sebagainya,37,0.2407,17
makmur,37,0.2407,24
ah,37,0.2407,23
itulah,37,0.2407,21
pelajaran,37,0.2407,18
menteri-menteri,37,0.2407,20
pasar,37,0.2407,13
selesaikan,37,0.2407,19
mengurangi,37,0.2407,27
abdul,37,0.2407,21
kepadanyaalah,37,0.2407,22
manfaat,37,0.2407,21
sains,37,0.2407,12
nih,37,0.2407,20
siang,37,0.2407,20
panjang,37,0.2407,22
kelompok,36,0.2342,17
keempat,36,0.2342,22
ketemu,36,0.2342,17
kondisi,36,0.2342,18
tuh,36,0.2342,21
eropa,36,0.2342,19
tentang,36,0.2342,17
tamu,36,0.2342,23
pekerja,36,0.2342,13
memperbaiki,36,0.2342,22
rendah,36,0.2342,22
berdoa,36,0.2342,30
perumahan,36,0.2342,12
berbagai,36,0.2342,19
wartawan,36,0.2342,14
gratis,36,0.2342,16
pupuk,36,0.2342,10
memanjatkan,35,0.2277,35
mengalami,35,0.2277,17
buka,35,0.2277,20
buktikan,35,0.2277,22
warga,35,0.2277,19
agus,35,0.2277,24
and,35,0.2277,14
untung,35,0.2277,14
pihak,35,0.2277,21
kawasan,35,0.2277,17
per,35,0.2277,9
tanggal,35,0.2277,20
gus,35,0.2277,11
semoga,35,0.2277,21
dana,35,0.2277,16
ambil,35,0.2277,22
kadin,35,0.2277,5
pbnu,35,0.2277,4
sahabat,34,0.2212,15
nusantara,34,0.2212,16
tutup,34,0.2212,14
adil,34,0.2212,18
arah,34,0.2212,18
amerika,34,0.2212,17
tokoh,34,0.2212,19
bahlil,34,0.2212,16
staf,34,0.2212,24
mereka-mereka,34,0.2212,22
gaji,34,0.2212,14
hektar,34,0.2212,13
cek,34,0.2212,16
perjalanan,33,0.2147,20
alhamdulillah,33,0.2147,22
sering,33,0.2147,21
terakhir,33,0.2147,20
sebuah,33,0.2147,17
transformasi,33,0.2147,15
tingkat,33,0.2147,15
kebijakan,33,0.2147,11
kebangkitan,33,0.2147,20
is,33,0.2147,10
jaksa,33,0.2147,19
pejabat,33,0.2147,20
kedaulatan,33,0.2147,17
pesantren,33,0.2147,9
ribuan,33,0.2147,23
jakarta,33,0.2147,19
tenaga,33,0.2147,15
sekaligus,33,0.2147,15
juli,33,0.2147,15
ruang,33,0.2147,19
proyek,33,0.2147,6
data,32,0.2082,12
memilih,32,0.2082,21
tujuan,32,0.2082,19
alat,32,0.2082,14
silakan,32,0.2082,21
pertumbuhan,32,0.2082,14
perdamaian,32,0.2082,14
olahraga,32,0.2082,6
penghargaan,32,0.2082,21
utara,32,0.2082,17
mata,32,0.2082,18
dekat,32,0.2082,18
natal,32,0.2082,6
ragu-ragu,32,0.2082,18
jaga,32,0.2082,23
sehat,32,0.2082,14
apapun,32,0.2082,18
rekan-rekan,31,0.2017,29
bangsa-bangsa,31,0.2017,21
menguasai,31,0.2017,16
ayo,31,0.2017,14
minggu,31,0.2017,15
kepemimpinan,31,0.2017,17
mengambil,31,0.2017,19
impor,31,0.2017,17
dengar,31,0.2017,17
sesungguhnya,31,0.2017,16
melakukan,31,0.2017,16
pendiri-pendiri,31,0.2017,21
berjalan,31,0.2017,15
berkumpul,31,0.2017,27
gak,30,0.1952,16
perbedaan,30,0.1952,17
bank,30,0.1952,8
diundang,30,0.1952,23
damai,30,0.1952,21
india,30,0.1952,16
masing-masing,30,0.1952,22
cara,30,0.1952,21
berharap,30,0.1952,18
amin,30,0.1952,12
pertolongan,30,0.1952,26
tua,30,0.1952,20
pengurus,30,0.1952,11
universitas,30,0.1952,9
harapan,30,0.1952,20
mpr,30,0.1952,12
perekonomian,30,0.1952,15
listrik,30,0.1952,8
ketika,30,0.1952,12
jembatan,30,0.1952,12
gerindra,29,0.1887,17
ilmu,29,0.1887,19
enak,29,0.1887,20
udah,29,0.1887,14
e,29,0.1887,18
karno,29,0.1887,13
krisis,29,0.1887,12
membawa,29,0.1887,18
keyakinan,29,0.1887,15
sesuatu,29,0.1887,18
hadapi,29,0.1887,20
hilirisasi,29,0.1887,16
komisi,29,0.1887,15
menghormati,29,0.1887,15
lakukan,29,0.1887,14
disampaikan,29,0.1887,17
swasta,29,0.1887,17
berpikir,28,0.1822,16
modern,28,0.1822,16
cerita,28,0.1822,13
mengakui,28,0.1822,17
sebentar,28,0.1822,19
membutuhkan,28,0.1822,13
gimana,28,0.1822,16
lima,28,0.1822,16
pks,28,0.1822,5
asing,28,0.1822,17
koreksi,28,0.1822,14
to,28,0.1822,12
minyak,28,0.1822,12
selain,28,0.1822,18
ikan,28,0.1822,12
keberanian,28,0.1822,11
organisasi,28,0.1822,15
yusuf,28,0.1822,18
hadi,28,0.1822,27
pers,28,0.1822,27
mantan,28,0.1822,15
desa-desa,28,0.1822,16
mengelola,28,0.1822,15
diambil,28,0.1822,16
setuju,28,0.1822,14
kepercayaan,28,0.1822,18
justru,28,0.1822,15
selanjutnya,28,0.1822,19
kementerian,28,0.1822,16
teruskan,28,0.1822,14
cintai,28,0.1822,20
jelas,28,0.1822,18
api,28,0.1822,7
pasal,28,0.1822,8
ulang,28,0.1822,10
berusaha,27,0.1757,18
kaget,27,0.1757,19
ancaman,27,0.1757,11
berat,27,0.1757,16
dikatakan,27,0.1757,16
ringan,27,0.1757,19
capai,27,0.1757,16
bayar,27,0.1757,17
you,27,0.1757,11
sekolah-sekolah,27,0.1757,15
lingkungan,27,0.1757,18
peradaban,27,0.1757,16
efisien,27,0.1757,15
keamanan,27,0.1757,16
sambutan,27,0.1757,19
pabrik,27,0.1757,13
penghasilan,27,0.1757,16
jajaran,27,0.1757,20
dpd,27,0.1757,10
nyata,27,0.1757,15
mobil,27,0.1757,8
sulit,26,0.1692,16
lupa,26,0.1692,16
sedih,26,0.1692,17
kelaparan,26,0.1692,18
dukung,26,0.1692,14
laut,26,0.1692,20
gibran,26,0.1692,19
dibantu,26,0.1692,16
langkah,26,0.1692,16
dinikmati,26,0.1692,19
sejak,26,0.1692,12
awal,26,0.1692,20
r,26,0.1692,15
serikat,26,0.1692,13
kualitas,26,0.1692,13
perdana,26,0.1692,7
sungguh-sungguh,26,0.1692,14
gizi,26,0.1692,14
beli,26,0.1692,10
generasi,26,0.1692,16
tertinggi,26,0.1692,14
pelayanan,26,0.1692,10
sigit,26,0.1692,21
kamu,26,0.1692,11
kedamaian,26,0.1692,26
nkri,26,0.1692,12
nafas,26,0.1692,26
psi,26,0.1692,2
akal,26,0.1692,13
ribu,26,0.1692,15
ekspor,26,0.1692,10
bersaing,25,0.1627,11
dikasih,25,0.1627,14
kesalahan,25,0.1627,16
pertandingan,25,0.1627,9
kelihatan,25,0.1627,14
arti,25,0.1627,13
sebesar,25,0.1627,13
katanya,25,0.1627,17
global,25,0.1627,17
tekad,25,0.1627,19
barang,25,0.1627,10
berkenan,25,0.1627,19
bersama-sama,25,0.1627,18
senang,25,0.1627,16
murah,25,0.1627,10
dilaksanakan,25,0.1627,19
layar,25,0.1627,8
brazil,25,0.1627,8
perintahkan,25,0.1627,13
nahdatul,25,0.1627,6
tadinya,25,0.1627,14
aset,25,0.1627,11
unggul,25,0.1627,13
modal,25,0.1627,8
dokter,25,0.1627,8
bali,25,0.1627,6
surya,24,0.1561,10
berkembang,24,0.1561,13
emas,24,0.1561,11
inggris,24,0.1561,18
belakang,24,0.1561,18
setia,24,0.1561,12
mati,24,0.1561,14
tepuk,24,0.1561,14
penyelenggara,24,0.1561,23
minum,24,0.1561,16
gas,24,0.1561,13
akui,24,0.1561,12
b50,24,0.1561,8
laksanakan,24,0.1561,17
duduk,24,0.1561,18
kasihan,24,0.1561,13
utusan,24,0.1561,8
turki,24,0.1561,4
raya,24,0.1561,12
sungguh,24,0.1561,15
padahal,24,0.1561,17
menutup,24,0.1561,12
kekuasaan,24,0.1561,9
sebesar-besarnya,24,0.1561,20
aceh,24,0.1561,16
kebenaran,24,0.1561,17
upaya,24,0.1561,15
rela,24,0.1561,12
bantu,24,0.1561,15
layak,24,0.1561,14
meningkat,24,0.1561,10
kebangsaan,24,0.1561,13
mineral,23,0.1496,12
jatuh,23,0.1496,11
joko,23,0.1496,11
keputusan,23,0.1496,16
resmi,23,0.1496,17
mewakili,23,0.1496,11
sore,23,0.1496,15
hubungan,23,0.1496,15
ujungnya,23,0.1496,15
ajaran,23,0.1496,12
rakyatnya,23,0.1496,15
hentikan,23,0.1496,13
kenal,23,0.1496,7
purnawirawan,23,0.1496,16
singapura,23,0.1496,12
sasaran,23,0.1496,15
tepat,23,0.1496,11
mengajarkan,23,0.1496,14
sangat-sangat,23,0.1496,15
indrawijaya,23,0.1496,23
direktur,23,0.1496,9
kritik,23,0.1496,7
ayam,23,0.1496,6
kirim,23,0.1496,15
tanda,23,0.1496,13
pondok,23,0.1496,7
sembada,23,0.1496,14
indah,23,0.1496,7
kereta,23,0.1496,3
buatan,23,0.1496,5
agustus,22,0.1431,14
peran,22,0.1431,16
masalahnya,22,0.1431,14
penerima,22,0.1431,11
membuktikan,22,0.1431,13
muncul,22,0.1431,13
optimis,22,0.1431,14
ingatkan,22,0.1431,17
garis,22,0.1431,11
kemampuan,22,0.1431,16
nilai-nilai,22,0.1431,11
jepang,22,0.1431,17
selatan,22,0.1431,10
sikap,22,0.1431,15
menyelamatkan,22,0.1431,11
solar,22,0.1431,11
strategi,22,0.1431,10
telur,22,0.1431,9
panen,22,0.1431,8
dijual,22,0.1431,10
komoditas,22,0.1431,8
internasional,22,0.1431,10
berikan,22,0.1431,14
rektor,22,0.1431,7
konflik,22,0.1431,15
menggunakan,22,0.1431,13
biar,22,0.1431,12
bersejarah,22,0.1431,14
rais,22,0.1431,5
siapapun,22,0.1431,19
lapar,22,0.1431,13
menegakkan,22,0.1431,12
kegiatan,22,0.1431,12
sekitar,22,0.1431,13
sekedar,22,0.1431,13
prasetyo,22,0.1431,20
proses,22,0.1431,9
mengatasi,22,0.1431,11
berkah,22,0.1431,21
jaya,22,0.1431,5
sampah,22,0.1431,3
gw,22,0.1431,5
tani,22,0.1431,7
ketiga,21,0.1366,16
terpilih,21,0.1366,6
bergabung,21,0.1366,7
berbeda-beda,21,0.1366,10
koalisi,21,0.1366,11
gajah,21,0.1366,2
jujur,21,0.1366,17
demi,21,0.1366,14
perintah,21,0.1366,11
belanda,21,0.1366,10
ahli,21,0.1366,13
menikmati,21,0.1366,15
jumlah,21,0.1366,12
hitung,21,0.1366,11
raka,21,0.1366,19
setanah,21,0.1366,19
prancis,21,0.1366,7
merupakan,21,0.1366,18
intinya,21,0.1366,16
mendapatkan,21,0.1366,14
niat,21,0.1366,13
perguruan,21,0.1366,6
sidang,21,0.1366,7
dipilih,21,0.1366,14
perayaan,21,0.1366,6
lahir,21,0.1366,13
rusak,21,0.1366,11
motor,21,0.1366,6
prajurit,21,0.1366,10
menciptakan,21,0.1366,10
mengejar,21,0.1366,12
puskesmas,21,0.1366,5
ai,21,0.1366,3
suasana,20,0.1301,12
mas,20,0.1301,9
menilai,20,0.1301,10
cadangan,20,0.1301,11
ngerti,20,0.1301,10
muzani,20,0.1301,17
am,20,0.1301,8
menghilangkan,20,0.1301,14
gembira,20,0.1301,13
menengah,20,0.1301,12
bertanya,20,0.1301,12
our,20,0.1301,5
keberhasilan,20,0.1301,14
pemilihan,20,0.1301,9
sebangsa,20,0.1301,18
engkau,20,0.1301,16
papua,20,0.1301,10
makanan,20,0.1301,10
persatu,20,0.1301,16
meminta,20,0.1301,18
rupiah,20,0.1301,11
mengabdi,20,0.1301,13
dilantik,20,0.1301,12
ketidakpastian,20,0.1301,17
senjata,20,0.1301,9
adanya,20,0.1301,11
sumatera,20,0.1301,11
hal-hal,20,0.1301,15
kaum,20,0.1301,4
usul,20,0.1301,2
melanggar,20,0.1301,10
kaki,20,0.1301,15
tengah-tengah,20,0.1301,12
janji,20,0.1301,10
garuda,20,0.1301,6
ilegal,20,0.1301,7
wal,20,0.1301,5
nadatul,20,0.1301,4
rukun,19,0.1236,15
bahan,19,0.1236,12
penutupan,19,0.1236,7
pendiri,19,0.1236,14
nunggu,19,0.1236,10
wah,19,0.1236,14
terbuka,19,0.1236,10
mudah,19,0.1236,11
nuklir,19,0.1236,6
tenang,19,0.1236,14
produsen,19,0.1236,13
solusi,19,0.1236,12
dianggap,19,0.1236,13
puas,19,0.1236,13
m,19,0.1236,13
sumpah,19,0.1236,11
berasal,19,0.1236,13
berangkat,19,0.1236,13
angka-angka,19,0.1236,13
jagung,19,0.1236,13
berkali-kali,19,0.1236,15
wahid,19,0.1236,17
doa,19,0.1236,8
sma,19,0.1236,8
bukti,19,0.1236,14
tema,19,0.1236,13
pengalaman,19,0.1236,13
koruptor,19,0.1236,9
fasilitas,19,0.1236,9
buat,19,0.1236,16
pertama-tama,19,0.1236,18
muslimat,19,0.1236,5
not,19,0.1236,7
inovasi,19,0.1236,11
urusan,19,0.1236,11
keuntungan,19,0.1236,6
bencana,19,0.1236,13
mitra,19,0.1236,5
buah,18,0.1171,13
blok,18,0.1171,8
mendekati,18,0.1171,12
pbb,18,0.1171,9
kata-kata,18,0.1171,14
ketawa,18,0.1171,11
pkb,18,0.1171,2
atasi,18,0.1171,11
hilangkan,18,0.1171,11
duta,18,0.1171,14
membuka,18,0.1171,10
sebagaimana,18,0.1171,11
buku,18,0.1171,10
menit,18,0.1171,9
kerukunan,18,0.1171,13
jalankan,18,0.1171,10
hidupnya,18,0.1171,12
hasan,18,0.1171,17
sultan,18,0.1171,17
bin,18,0.1171,15
mesir,18,0.1171,5
jiwa,18,0.1171,11
waspada,18,0.1171,12
digital,18,0.1171,11
tegas,18,0.1171,11
digitalisasi,18,0.1171,8
non,18,0.1171,8
pengabdian,18,0.1171,11
teriak,18,0.1171,13
satu-satu,18,0.1171,14
efisiensi,18,0.1171,9
bertanggung,18,0.1171,14
hilang,18,0.1171,12
memerlukan,18,0.1171,13
jutaan,18,0.1171,11
tv,18,0.1171,14
sopan,18,0.1171,11
meneruskan,18,0.1171,13
rencana,18,0.1171,10
menghemat,18,0.1171,11
bila,18,0.1171,13
puluh,18,0.1171,12
tangga,18,0.1171,7
biaya,18,0.1171,11
upacara,18,0.1171,6
perwira,18,0.1171,5
kemajuan,18,0.1171,13
desember,18,0.1171,11
dprd,18,0.1171,5
rugi,18,0.1171,9
ala,18,0.1171,5
collaps,18,0.1171,4
pakar,17,0.1106,13
terus-menerus,17,0.1106,11
institusi,17,0.1106,7
bertanding,17,0.1106,9
panitia,17,0.1106,13
bola,17,0.1106,10
tanggung,17,0.1106,10
sebaik-baiknya,17,0.1106,15
a,17,0.1106,5
hamil,17,0.1106,11
kecamatan,17,0.1106,9
keenam,17,0.1106,11
malaysia,17,0.1106,10
us,17,0.1106,7
pribadi,17,0.1106,13
menyelesaikan,17,0.1106,6
menarik,17,0.1106,10
be,17,0.1106,9
tambahan,17,0.1106,9
pahlawan,17,0.1106,11
berhenti,17,0.1106,11
tedi,17,0.1106,16
sebelumnya,17,0.1106,13
kerjakan,17,0.1106,8
membanggakan,17,0.1106,13
delapan,17,0.1106,11
tanam,17,0.1106,7
menentukan,17,0.1106,9
birokrasi,17,0.1106,9
hak,17,0.1106,10
tegakkan,17,0.1106,13
komandan,17,0.1106,7
tata,17,0.1106,14
rahmat,17,0.1106,14
riset,17,0.1106,8
pertamina,17,0.1106,7
kapal,17,0.1106,9
botak,17,0.1106,6
berdaya,17,0.1106,9
juara,17,0.1106,8
bbm,17,0.1106,11
nasdem,16,0.1041,4
kader,16,0.1041,5
kelima,16,0.1041,13
widodo,16,0.1041,10
gunakan,16,0.1041,10
bentuk,16,0.1041,12
pakar-pakar,16,0.1041,12
perdagangan,16,0.1041,10
andi,16,0.1041,11
kebetulan,16,0.1041,12
pemikiran,16,0.1041,11
mengikuti,16,0.1041,13
terdiri,16,0.1041,12
begini,16,0.1041,11
belasan,16,0.1041,12
lawan,16,0.1041,10
tingkatkan,16,0.1041,9
titik,16,0.1041,11
harganya,16,0.1041,12
manajemen,16,0.1041,6
kelola,16,0.1041,14
kredit,16,0.1041,9
lembaga-lembaga,16,0.1041,10
iskandar,16,0.1041,12
lainnya,16,0.1041,13
mahasiswa,16,0.1041,10
diterima,16,0.1041,13
komunitas,16,0.1041,6
kurangi,16,0.1041,9
bebas,16,0.1041,8
menyerah,16,0.1041,12
aktif,16,0.1041,8
militer,16,0.1041,11
kesatuan,16,0.1041,11
puncak,16,0.1041,12
bapak-bapak,16,0.1041,12
bertugas,16,0.1041,9
perikanan,16,0.1041,10
tumbuh,16,0.1041,7
sederhana,16,0.1041,12
bahagia,16,0.1041,7
disiplin,16,0.1041,8
pilih,16,0.1041,12
bernegara,16,0.1041,11
keliling,16,0.1041,10
istana,16,0.1041,13
langkah-langkah,16,0.1041,11
pecah,16,0.1041,6
disumpah,16,0.1041,11
nyinyir,16,0.1041,9
percayalah,16,0.1041,12
teguh,16,0.1041,11
maka,16,0.1041,11
dipanggil,16,0.1041,7
macam-macam,16,0.1041,11
dikuasai,16,0.1041,8
lanjut,16,0.1041,10
menunggu,16,0.1041,10
memastikan,16,0.1041,10
yudoyono,16,0.1041,11
komunikasi,16,0.1041,9
kayak,16,0.1041,8
muktamar,16,0.1041,4
gudang,16,0.1041,7
fisik,16,0.1041,11
pesawat,16,0.1041,8
maupun,16,0.1041,10
dibangun,16,0.1041,11
sby,16,0.1041,5
memohon,16,0.1041,11
kampung,16,0.1041,8
pandangan,16,0.1041,8
ali,15,0.0976,10
jangan-jangan,15,0.0976,11
ras,15,0.0976,9
digunakan,15,0.0976,9
menunjukkan,15,0.0976,12
sesudah,15,0.0976,12
kebocoran,15,0.0976,13
waduh,15,0.0976,10
mendirikan,15,0.0976,11
sepak,15,0.0976,10
ulangi,15,0.0976,12
rangka,15,0.0976,12
kunci,15,0.0976,12
miliki,15,0.0976,10
pelajari,15,0.0976,10
program-program,15,0.0976,10
beredar,15,0.0976,8
tunggu,15,0.0976,10
that,15,0.0976,4
arif,15,0.0976,14
makanya,15,0.0976,9
golkar,15,0.0976,8
peraturan,15,0.0976,11
luas,15,0.0976,12
janganlah,15,0.0976,9
kenyataan,15,0.0976,13
pengusaha-pengusaha,15,0.0976,9
kebutuhan,15,0.0976,8
darah,15,0.0976,11
memperjuangkan,15,0.0976,8
jasa,15,0.0976,9
berdaulat,15,0.0976,9
renovasi,15,0.0976,7
mengundang,15,0.0976,13
mudah-mudahan,15,0.0976,10
tindak,15,0.0976,9
bursa,15,0.0976,3
dilakukan,15,0.0976,9
jual,15,0.0976,10
ngomong,15,0.0976,8
hemat,15,0.0976,10
umumkan,15,0.0976,8
lagu,15,0.0976,7
angkat,15,0.0976,7
melaporkan,15,0.0976,8
listio,15,0.0976,14
komisaris,15,0.0976,12
lampung,15,0.0976,5
hutan,15,0.0976,8
kokoh,15,0.0976,9
gagal,15,0.0976,8
putra-putri,15,0.0976,9
istri,15,0.0976,10
infrastruktur,15,0.0976,10
tertentu,15,0.0976,9
beroperasi,15,0.0976,5
interaktif,15,0.0976,7
maluku,15,0.0976,7
tahap,15,0.0976,6
pariwisata,15,0.0976,5
hipmi,15,0.0976,3
pinjam,15,0.0976,4
juni,15,0.0976,7
sama-sama,14,0.0911,11
betapa,14,0.0911,9
wilayah,14,0.0911,12
in,14,0.0911,8
total,14,0.0911,12
risiko,14,0.0911,12
mengucapkan,14,0.0911,11
pilihan,14,0.0911,12
persaingan,14,0.0911,9
saran,14,0.0911,7
banget,14,0.0911,12
sudahlah,14,0.0911,9
meninggalkan,14,0.0911,9
usia,14,0.0911,9
gerakan,14,0.0911,7
rahayu,14,0.0911,7
perhatikan,14,0.0911,7
kantor,14,0.0911,10
dirasakan,14,0.0911,10
didukung,14,0.0911,9
pengorbanan,14,0.0911,9
situasi,14,0.0911,9
ukrain,14,0.0911,7
gaza,14,0.0911,10
ketegangan,14,0.0911,10
lambat,14,0.0911,9
rapat,14,0.0911,8
lari,14,0.0911,9
tergantung,14,0.0911,8
swasembada,14,0.0911,7
arab,14,0.0911,8
batu,14,0.0911,12
diejek,14,0.0911,8
bambang,14,0.0911,12
amanat,14,0.0911,10
muslim,14,0.0911,5
ia,14,0.0911,4
bahaya,14,0.0911,10
ketahanan,14,0.0911,11
memenuhi,14,0.0911,11
perbaikan,14,0.0911,8
signifikan,14,0.0911,10
kepimpinan,14,0.0911,10
adu,14,0.0911,5
menganggap,14,0.0911,10
palestina,14,0.0911,9
berterima,14,0.0911,8
saham,14,0.0911,5
perusahaan-perusahaan,14,0.0911,10
terpencil,14,0.0911,9
pemberdayaan,14,0.0911,12
dihormati,14,0.0911,11
anggap,14,0.0911,12
keselamatan,14,0.0911,9
uangnya,14,0.0911,9
main,14,0.0911,7
hatinya,14,0.0911,10
mundur,14,0.0911,4
dong,14,0.0911,13
bersihkan,14,0.0911,10
sulawesi,14,0.0911,7
nabi,14,0.0911,9
belah,14,0.0911,4
ton,14,0.0911,9
are,14,0.0911,7
puan,14,0.0911,10
maharani,14,0.0911,10
satgas,14,0.0911,6
demo,14,0.0911,5
kewajiban,14,0.0911,8
defense,14,0.0911,2
will,14,0.0911,5
kampus,14,0.0911,5
turut,14,0.0911,8
sugiono,14,0.0911,14
warisan,14,0.0911,6
produktif,14,0.0911,9
kelurahan,14,0.0911,6
tambang,14,0.0911,6
latihan,14,0.0911,4
meresmikan,14,0.0911,8
sungai,14,0.0911,7
sua,14,0.0911,10
genteng,14,0.0911,3
pengasuh,14,0.0911,5
sarasehan,14,0.0911,2
langit,13,0.0846,9
pertemuan,13,0.0846,9
perubahan,13,0.0846,11
besar-besaran,13,0.0846,9
khas,13,0.0846,9
anaknya,13,0.0846,9
laporkan,13,0.0846,8
hai,13,0.0846,10
bni,13,0.0846,2
besok,13,0.0846,7
hatta,13,0.0846,9
geopolitik,13,0.0846,10
membentuk,13,0.0846,5
kawan,13,0.0846,9
terpaksa,13,0.0846,10
dibilang,13,0.0846,9
b,13,0.0846,9
segelintir,13,0.0846,10
oktober,13,0.0846,9
industrialisasi,13,0.0846,10
tak,13,0.0846,10
bintang,13,0.0846,7
diwakili,13,0.0846,6
very,13,0.0846,6
namun,13,0.0846,11
penderitaan,13,0.0846,11
tebu,13,0.0846,7
kehendak,13,0.0846,11
senyum,13,0.0846,11
tetangga,13,0.0846,8
filosofi,13,0.0846,7
siapkan,13,0.0846,10
akibat,13,0.0846,9
rahayu-rahayu,13,0.0846,13
senantiasa,13,0.0846,10
sepanjang,13,0.0846,8
sulaiman,13,0.0846,9
baca,13,0.0846,10
breaking,13,0.0846,10
lewat,13,0.0846,7
gampang,13,0.0846,9
gagasan,13,0.0846,8
aduh,13,0.0846,9
tenggara,13,0.0846,10
kunjungan,13,0.0846,7
terlibat,13,0.0846,8
jarang,13,0.0846,10
milih,13,0.0846,7
ucapan,13,0.0846,11
kekeluargaan,13,0.0846,8
suruh,13,0.0846,8
lah,13,0.0846,11
daerah-daerah,13,0.0846,10
simak,13,0.0846,12
menimbulkan,13,0.0846,7
mewujudkan,13,0.0846,8
jika,13,0.0846,4
fakta,13,0.0846,6
rancang,13,0.0846,5
sementara,13,0.0846,8
dapur,13,0.0846,6
rantai,13,0.0846,6
petani-petani,13,0.0846,10
jumlahnya,13,0.0846,11
timah,13,0.0846,6
harusnya,13,0.0846,8
dimulai,13,0.0846,10
lote,13,0.0846,1
peresmian,13,0.0846,6
ditentukan,13,0.0846,11
latar,13,0.0846,7
memperoleh,13,0.0846,5
serentak,13,0.0846,6
sekjen,12,0.0781,6
peserta,12,0.0781,8
ajak,12,0.0781,7
deh,12,0.0781,7
sor,12,0.0781,9
lahan,12,0.0781,7
podium,12,0.0781,8
lumayan,12,0.0781,11
menyerang,12,0.0781,3
hati-hati,12,0.0781,10
have,12,0.0781,3
stabilitas,12,0.0781,9
bersahabat,12,0.0781,8
rubah,12,0.0781,8
golongan,12,0.0781,10
dibeli,12,0.0781,7
rakabuming,12,0.0781,12
konstitusi,12,0.0781,8
tiongkok,12,0.0781,10
all,12,0.0781,3
rintangan,12,0.0781,7
kalangan,12,0.0781,6
pemuda,12,0.0781,7
penyelewengan,12,0.0781,9
ideologi,12,0.0781,7
berkorban,12,0.0781,7
mengamankan,12,0.0781,10
penipuan,12,0.0781,9
budi,12,0.0781,10
haji,12,0.0781,7
akademi,12,0.0781,6
jangka,12,0.0781,8
serius,12,0.0781,5
potensi,12,0.0781,9
bendungan,12,0.0781,2
penghematan,12,0.0781,9
nusa,12,0.0781,10
kenegaraan,12,0.0781,7
konferensi,12,0.0781,5
wakil-wakil,12,0.0781,7
bocor,12,0.0781,7
bodoh,12,0.0781,11
kembalikan,12,0.0781,7
jumpa,12,0.0781,10
darat,12,0.0781,10
udara,12,0.0781,8
merayakan,12,0.0781,6
gelap,12,0.0781,5
dibuat,12,0.0781,11
lebar,12,0.0781,10
emak-emak,12,0.0781,7
mei,12,0.0781,8
sih,12,0.0781,11
gua,12,0.0781,5
selamatkan,12,0.0781,6
manaun,12,0.0781,10
hadirat,12,0.0781,6
dirgahayu,12,0.0781,9
nation,12,0.0781,3
jaminan,12,0.0781,6
informasi,12,0.0781,11
bunga,12,0.0781,6
perkasa,12,0.0781,9
fund,12,0.0781,8
kuasai,12,0.0781,7
penerimaan,12,0.0781,7
brian,12,0.0781,6
itb,12,0.0781,4
akbar,12,0.0781,9
hingga,12,0.0781,6
pengawasan,12,0.0781,6
zaman,12,0.0781,9
kemandirian,12,0.0781,9
kehadiran,12,0.0781,12
kalimantan,12,0.0781,6
akses,12,0.0781,7
daging,12,0.0781,4
kelompok-kelompok,12,0.0781,7
khawatir,12,0.0781,10
potong,12,0.0781,6
kejaksaan,12,0.0781,9
tentu,12,0.0781,9
nyai,12,0.0781,5
santri,12,0.0781,5
atlet,12,0.0781,3
games,12,0.0781,2
kampanye,12,0.0781,7
dilanjutkan,12,0.0781,10
stasiun,12,0.0781,2
asosiasi,12,0.0781,6
cucu,12,0.0781,8
konvensi,12,0.0781,4
super,12,0.0781,5
positif,12,0.0781,6
sel,12,0.0781,3
wajah,11,0.0716,8
abad,11,0.0716,8
nya,11,0.0716,10
maki,11,0.0716,10
inflasi,11,0.0716,5
lockdown,11,0.0716,2
real,11,0.0716,10
antaranya,11,0.0716,10
menghargai,11,0.0716,8
ciri,11,0.0716,5
menuntut,11,0.0716,9
wujudkan,11,0.0716,10
bawa,11,0.0716,7
inisiatif,11,0.0716,8
periode,11,0.0716,7
tolong,11,0.0716,6
takdir,11,0.0716,7
katakanlah,11,0.0716,8
maksimal,11,0.0716,7
dibandingkan,11,0.0716,9
hutang,11,0.0716,6
perkembangan,11,0.0716,9
bogor,11,0.0716,7
rupanya,11,0.0716,9
fokus,11,0.0716,8
membiarkan,11,0.0716,8
menemukan,11,0.0716,8
jabatan,11,0.0716,6
saudara-saudaraku,11,0.0716,10
kepulauan,11,0.0716,7
w,11,0.0716,5
toleransi,11,0.0716,8
hadiah,11,0.0716,8
pasukan,11,0.0716,7
sesingkat-singkatnya,11,0.0716,9
domba,11,0.0716,7
berkuasa,11,0.0716,10
abdurrahman,11,0.0716,9
harian,11,0.0716,8
tonggak,11,0.0716,9
prioritas,11,0.0716,8
undang,11,0.0716,8
komitmen,11,0.0716,9
menyadari,11,0.0716,8
apabila,11,0.0716,8
sabar,11,0.0716,9
tertinggal,11,0.0716,9
kanan,11,0.0716,7
terang,11,0.0716,9
kira-kira,11,0.0716,9
korup,11,0.0716,7
nenek,11,0.0716,10
pejabat-pejabat,11,0.0716,10
mendampingi,11,0.0716,10
dur,11,0.0716,5
berbahagia,11,0.0716,9
musyawarah,11,0.0716,4
mempercepat,11,0.0716,9
pantai,11,0.0716,5
bakhtiar,11,0.0716,10
video,11,0.0716,9
semacam,11,0.0716,7
terusang,11,0.0716,10
november,11,0.0716,6
perlawanan,11,0.0716,8
malu,11,0.0716,8
penerus,11,0.0716,10
lambang,11,0.0716,6
konfederasi,11,0.0716,2
said,11,0.0716,7
aturan,11,0.0716,5
pegang,11,0.0716,7
memandang,11,0.0716,9
dirinya,11,0.0716,10
yeah,11,0.0716,11
khususnya,11,0.0716,8
on,11,0.0716,6
bayangkara,11,0.0716,4
tangguh,11,0.0716,4
cerah,11,0.0716,7
sayang,11,0.0716,7
perhatian,11,0.0716,10
ribut,11,0.0716,5
mengangkat,11,0.0716,9
pangkat,11,0.0716,8
dprri,11,0.0716,7
berdasarkan,11,0.0716,5
dagang,11,0.0716,9
semester,11,0.0716,5
umkm,11,0.0716,10
bergerak,11,0.0716,7
spesialis,11,0.0716,3
aspirasi,11,0.0716,5
pulau,11,0.0716,8
mandiri,11,0.0716,8
resmikan,11,0.0716,6
kerahkan,11,0.0716,5
alamin,11,0.0716,7
shanti,11,0.0716,6
imlek,11,0.0716,1
yahya,11,0.0716,4
rasional,11,0.0716,6
kamera,11,0.0716,3
perjuangkan,11,0.0716,5
pertanyaan,11,0.0716,4
kecerdasan,11,0.0716,6
tidur,11,0.0716,6
alim,11,0.0716,4
direksi,11,0.0716,6
pfi,11,0.0716,1
senior,10,0.0651,7
kelemahan,10,0.0651,6
sifat,10,0.0651,8
dibutuhkan,10,0.0651,9
inti,10,0.0651,9
pintu,10,0.0651,6
wajib,10,0.0651,6
bpk,10,0.0651,5
rosan,10,0.0651,8
lancar,10,0.0651,6
biasanya,10,0.0651,7
perancis,10,0.0651,9
kapan,10,0.0651,8
sejuk,10,0.0651,7
gedung,10,0.0651,9
mimpin,10,0.0651,8
vietnam,10,0.0651,7
entah,10,0.0651,7
produk,10,0.0651,5
istilah,10,0.0651,7
canangkan,10,0.0651,7
ke-10,10,0.0651,10
ke-12,10,0.0651,9
pengawas,10,0.0651,7
calon,10,0.0651,5
terbang,10,0.0651,8
dihadapi,10,0.0651,6
your,10,0.0651,6
kesulitan-kesulitan,10,0.0651,9
tingkatan,10,0.0651,5
gagah,10,0.0651,8
mempelajari,10,0.0651,7
memberantas,10,0.0651,8
adat,10,0.0651,8
dipimpin,10,0.0651,10
want,10,0.0651,4
good,10,0.0651,5
dijajah,10,0.0651,9
kala,10,0.0651,9
pertikaian,10,0.0651,9
belanja,10,0.0651,3
layanan,10,0.0651,6
macam,10,0.0651,7
pp,10,0.0651,5
menghadap,10,0.0651,9
kehutanan,10,0.0651,6
seolah-olah,10,0.0651,10
terjangkau,10,0.0651,8
kini,10,0.0651,5
sempat,10,0.0651,9
protein,10,0.0651,5
dicuri,10,0.0651,6
mencuri,10,0.0651,8
aparat,10,0.0651,7
tertib,10,0.0651,7
soal,10,0.0651,8
si,10,0.0651,6
pembantu-pembantu,10,0.0651,6
nyolong,10,0.0651,6
dosa,10,0.0651,7
kofifah,10,0.0651,8
alasan,10,0.0651,7
raja,10,0.0651,5
presidennya,10,0.0651,3
gentar,10,0.0651,8
satuan,10,0.0651,7
pembinaan,10,0.0651,5
kekurangan-kekurangan,10,0.0651,7
karya,10,0.0651,8
asri,10,0.0651,5
pejuang,10,0.0651,5
pelatih,10,0.0651,6
mengalir,10,0.0651,6
keliru,10,0.0651,7
penyimpangan,10,0.0651,4
desil,10,0.0651,3
gigi,10,0.0651,4
beasiswa,10,0.0651,5
tertibkan,10,0.0651,8
elemen,10,0.0651,8
september,10,0.0651,6
mengingatkan,10,0.0651,8
panggil,10,0.0651,5
belitung,10,0.0651,5
januari,10,0.0651,8
hasilnya,10,0.0651,6
mahal,10,0.0651,6
mengucap,10,0.0651,10
delan,10,0.0651,8
kristen,10,0.0651,3
basah,10,0.0651,3
pantas,10,0.0651,4
kapolda,10,0.0651,6
jumat,10,0.0651,5
praktik-praktik,10,0.0651,6
kekayaannya,10,0.0651,8
berkurang,10,0.0651,6
hibmi,10,0.0651,1
nasionalisme,10,0.0651,2
piala,10,0.0651,4
launching,10,0.0651,6
kampus-kampus,10,0.0651,5
rating,10,0.0651,3
dsi,10,0.0651,3
warahmatullah,9,0.0586,7
kiri,9,0.0586,6
asal,9,0.0586,7
elitnya,9,0.0586,6
kritis,9,0.0586,7
gunung,9,0.0586,7
tradisi,9,0.0586,8
wong,9,0.0586,4
pengakuan,9,0.0586,6
keinginan,9,0.0586,5
rata-rata,9,0.0586,7
makannya,9,0.0586,5
orangnya,9,0.0586,6
kolaborasi,9,0.0586,7
sukses,9,0.0586,6
kebanggaan,9,0.0586,8
partai-partai,9,0.0586,5
tuanya,9,0.0586,8
utuh,9,0.0586,7
iran,9,0.0586,5
memelihara,9,0.0586,6
ladang-ladang,9,0.0586,4
maksud,9,0.0586,7
mempertahankan,9,0.0586,7
swas,9,0.0586,6
thailand,9,0.0586,8
bara,9,0.0586,7
ketujuh,9,0.0586,9
pohon,9,0.0586,6
hakim-hakim,9,0.0586,5
jangankan,9,0.0586,7
muhaimin,9,0.0586,7
setinggi-tingginya,9,0.0586,7
rusia,9,0.0586,7
australia,9,0.0586,6
cucu-cucu,9,0.0586,9
nakal,9,0.0586,3
menjamin,9,0.0586,8
menambah,9,0.0586,5
pendapat,9,0.0586,9
mengirim,9,0.0586,4
korban,9,0.0586,7
soekarno,9,0.0586,7
masalah-masalah,9,0.0586,5
diakui,9,0.0586,8
ojol,9,0.0586,5
pembiayaan,9,0.0586,6
alokasi,9,0.0586,5
terdapat,9,0.0586,6
studi,9,0.0586,5
statistik,9,0.0586,8
setengah,9,0.0586,5
profesor-profesor,9,0.0586,8
sekali-sekali,9,0.0586,7
sd,9,0.0586,6
membaca,9,0.0586,7
menyatakan,9,0.0586,7
disiapkan,9,0.0586,8
hari-hari,9,0.0586,8
moyang,9,0.0586,8
panggung,9,0.0586,8
suriah,9,0.0586,6
tambak,9,0.0586,5
menyaksikan,9,0.0586,8
conference,9,0.0586,7
tunggal,9,0.0586,7
serakah,9,0.0586,4
membersihkan,9,0.0586,6
bu,9,0.0586,8
kebersihan,9,0.0586,4
kompak,9,0.0586,8
thank,9,0.0586,4
diam,9,0.0586,8
hidayat,9,0.0586,9
ikhlas,9,0.0586,5
dalamnya,9,0.0586,7
dipergunakan,9,0.0586,7
gajinya,9,0.0586,5
pensiun,9,0.0586,8
penghasilannya,9,0.0586,6
penduduk,9,0.0586,9
prestasi-prestasi,9,0.0586,7
najudin,9,0.0586,8
metro,9,0.0586,8
pentingnya,9,0.0586,7
merintis,9,0.0586,9
lanjutkan,9,0.0586,5
merusak,9,0.0586,6
kabinat,9,0.0586,9
kebudayaan,9,0.0586,9
pembina,9,0.0586,9
jelaskan,9,0.0586,7
lapor,9,0.0586,7
sovereign,9,0.0586,7
rakyatmu,9,0.0586,6
cerdas,9,0.0586,7
dimohon,9,0.0586,7
bandung,9,0.0586,3
pembukaan,9,0.0586,6
ayat,9,0.0586,2
operasional,9,0.0586,6
azas,9,0.0586,5
terkandung,9,0.0586,7
pastikan,9,0.0586,5
komando,9,0.0586,3
tulang,9,0.0586,6
perkara,9,0.0586,2
dimiliki,9,0.0586,6
berprestasi,9,0.0586,6
selawat,9,0.0586,5
kemanusiaan,9,0.0586,8
perut,9,0.0586,6
bgn,9,0.0586,7
pandai,9,0.0586,7
sinergi,9,0.0586,5
izinkan,9,0.0586,7
kebijakan-kebijakan,9,0.0586,5
cabang,9,0.0586,4
agraria,9,0.0586,9
kena,9,0.0586,7
istrinya,9,0.0586,5
patriot,9,0.0586,6
keluarkan,9,0.0586,6
dicek,9,0.0586,7
panel,9,0.0586,4
terluar,9,0.0586,5
spanduk,9,0.0586,1
sadari,9,0.0586,6
pemirsa,9,0.0586,3
plt,9,0.0586,4
iri,9,0.0586,5
citra,9,0.0586,2
mesin,9,0.0586,4
pengolahan,9,0.0586,2
sdm,9,0.0586,4
optimal,9,0.0586,2
plts,9,0.0586,2
warna,9,0.0586,1
ujung,8,0.052,6
etnis,8,0.052,7
kekuatan-kekuatan,8,0.052,5
bertahan,8,0.052,7
ke-21,8,0.052,6
nikel,8,0.052,6
hitungan,8,0.052,6
caci,8,0.052,8
bagaimanapun,8,0.052,6
cilik,8,0.052,4
ratus,8,0.052,5
titik-titik,8,0.052,7
meramalkan,8,0.052,6
berbicara,8,0.052,6
bermanfaat,8,0.052,6
gabung,8,0.052,6
pergi,8,0.052,6
banyumas,8,0.052,5
kuncinya,8,0.052,8
tegaskan,8,0.052,7
konsep,8,0.052,6
pikiran,8,0.052,6
investor,8,0.052,4
erik,8,0.052,5
dicatat,8,0.052,8
pelaku,8,0.052,8
del,8,0.052,7
transisi,8,0.052,4
menyusun,8,0.052,5
penjajahan,8,0.052,7
kebersamaan,8,0.052,7
caranya,8,0.052,8
intervensi,8,0.052,4
otak,8,0.052,5
group,8,0.052,3
fundamental,8,0.052,6
suas,8,0.052,6
lpg,8,0.052,7
devisa,8,0.052,4
kepastian,8,0.052,5
putri,8,0.052,8
tri,8,0.052,8
al,8,0.052,4
berlaku,8,0.052,6
g20,8,0.052,6
mengizinkan,8,0.052,5
inginkan,8,0.052,7
kerakyatan,8,0.052,5
permusuhan,8,0.052,5
prinsip,8,0.052,5
anti,8,0.052,4
dokter-dokter,8,0.052,6
meraih,8,0.052,7
megawati,8,0.052,7
nikmati,8,0.052,6
dendam,8,0.052,6
gotongroyong,8,0.052,8
budhaya,8,0.052,8
peningkatan,8,0.052,7
terkait,8,0.052,6
s1,8,0.052,4
transfer,8,0.052,3
membeli,8,0.052,5
pendahulu,8,0.052,5
manipulasi,8,0.052,4
canggih,8,0.052,7
ikatan,8,0.052,6
kelautan,8,0.052,5
membesarkan,8,0.052,6
ground,8,0.052,6
masjid,8,0.052,5
melahirkan,8,0.052,6
hindari,8,0.052,6
diperkirakan,8,0.052,5
asia,8,0.052,7
pajak,8,0.052,3
dipakai,8,0.052,7
singkat,8,0.052,7
dikurangi,8,0.052,6
pengarahan,8,0.052,6
menjabat,8,0.052,7
sana,8,0.052,7
pesan,8,0.052,8
buddha,8,0.052,3
kristiani,8,0.052,3
panjatkan,8,0.052,8
ruangan,8,0.052,8
libur,8,0.052,6
bacakan,8,0.052,7
maling-maling,8,0.052,8
menjelang,8,0.052,6
nyawa,8,0.052,8
surabaya,8,0.052,5
introspeksi,8,0.052,4
diperbaiki,8,0.052,5
much,8,0.052,4
penasihat,8,0.052,8
solidaritas,8,0.052,5
kehilangan,8,0.052,5
suara,8,0.052,7
dasko,8,0.052,6
tinggalkan,8,0.052,7
hajat,8,0.052,5
mandataris,8,0.052,6
kebebasan,8,0.052,3
manapun,8,0.052,7
dki,8,0.052,6
policy,8,0.052,3
yudisial,8,0.052,6
ke-79,8,0.052,2
mendengar,8,0.052,8
jajarannya,8,0.052,7
kumpul,8,0.052,6
pengertian,8,0.052,4
kompetisi,8,0.052,4
simbol,8,0.052,4
dikelola,8,0.052,7
munas,8,0.052,4
gaduh,8,0.052,4
terpintar,8,0.052,4
sosmet,8,0.052,4
anagata,8,0.052,4
tegak,8,0.052,7
dedi,8,0.052,5
pimda,8,0.052,7
daftar,8,0.052,4
ketenagakerjaan,8,0.052,6
proklamasi,8,0.052,6
memajukan,8,0.052,6
it,8,0.052,5
gotong-royong,8,0.052,6
aneh,8,0.052,5
pengelolaan,8,0.052,6
pasok,8,0.052,5
dapur-dapur,8,0.052,3
mendorong,8,0.052,6
harapkan,8,0.052,6
dilaporkan,8,0.052,7
mengawal,8,0.052,5
capaian,8,0.052,4
publik,8,0.052,5
lapan,8,0.052,6
incorporated,8,0.052,5
periksa,8,0.052,5
petugas,8,0.052,6
tempat-tempat,8,0.052,6
nur,8,0.052,6
rasulullah,8,0.052,7
brengsek,8,0.052,4
bangka,8,0.052,5
alami,8,0.052,7
turunkan,8,0.052,6
rencanakan,8,0.052,5
monitor,8,0.052,5
defisit,8,0.052,2
km,8,0.052,3
sea,8,0.052,4
melestarikan,8,0.052,4
bermartabat,8,0.052,7
pegawai,8,0.052,7
amankan,8,0.052,4
pulang,8,0.052,8
kamis,8,0.052,6
kepadanyalah,8,0.052,8
tahunan,8,0.052,5
hasil-hasil,8,0.052,7
kesebelasan,8,0.052,5
sabtu,8,0.052,5
purbaya,8,0.052,4
bakri,8,0.052,5
soalnya,8,0.052,7
under,8,0.052,5
kebahagiaan,8,0.052,6
bunganya,8,0.052,6
pendapatan,8,0.052,3
pkh,8,0.052,2
dihina,8,0.052,4
relatif,8,0.052,5
mikro,8,0.052,6
praktik,8,0.052,4
amran,8,0.052,6
keluarganya,8,0.052,4
laba,8,0.052,2
rekomendasi,8,0.052,4
teks,8,0.052,3
praja,8,0.052,1
revitalisasi,8,0.052,3
rizki,8,0.052,2
ke-25,8,0.052,1
kongres,7,0.0455,2
pengin,7,0.0455,7
lama-lama,7,0.0455,6
survival,7,0.0455,5
kesimpulan,7,0.0455,6
du,7,0.0455,7
covid,7,0.0455,4
pedagang,7,0.0455,4
melupakan,7,0.0455,4
medali,7,0.0455,3
berbakti,7,0.0455,6
diskusi,7,0.0455,4
gu,7,0.0455,5
menghendaki,7,0.0455,7
mendengarkan,7,0.0455,5
keterangan,7,0.0455,3
dicari,7,0.0455,7
kearifan,7,0.0455,7
kerusuhan,7,0.0455,4
dialog,7,0.0455,7
slogan,7,0.0455,7
olimpiade,7,0.0455,4
negaranya,7,0.0455,7
kelebihan,7,0.0455,4
management,7,0.0455,4
stunting,7,0.0455,5
mendasar,7,0.0455,6
diserang,7,0.0455,5
saudi,7,0.0455,5
sayur,7,0.0455,5
ajarkan,7,0.0455,6
benahi,7,0.0455,4
mengurus,7,0.0455,7
lahadalia,7,0.0455,7
mahfud,7,0.0455,6
pelantikan,7,0.0455,7
sri,7,0.0455,5
anwar,7,0.0455,4
putra,7,0.0455,6
mengutamakan,7,0.0455,6
hambatan,7,0.0455,5
tantangan-tantangan,7,0.0455,5
patriotik,7,0.0455,4
realita,7,0.0455,4
barang-barang,7,0.0455,6
iso,7,0.0455,4
neighbor,7,0.0455,4
telepon,7,0.0455,7
kebencian,7,0.0455,6
mengganggu,7,0.0455,6
asn,7,0.0455,2
pokok,7,0.0455,5
tunjangan,7,0.0455,4
profesi,7,0.0455,5
pusing,7,0.0455,3
mengenal,7,0.0455,7
santoso,7,0.0455,6
wahyu,7,0.0455,6
malang,7,0.0455,5
hamzah,7,0.0455,5
lulusan,7,0.0455,4
kawan-kawan,7,0.0455,6
mengeluh,7,0.0455,4
kader-kader,7,0.0455,6
spanyol,7,0.0455,4
pertempuran,7,0.0455,6
perpecahan,7,0.0455,6
ustaz,7,0.0455,4
maunya,7,0.0455,6
liwat,7,0.0455,4
terkesan,7,0.0455,6
tarik,7,0.0455,6
mendalam,7,0.0455,7
ngaku,7,0.0455,2
panik,7,0.0455,7
benci,7,0.0455,5
tanaman,7,0.0455,7
prosesi,7,0.0455,5
jadilah,7,0.0455,5
tambang-tambang,7,0.0455,5
heran,7,0.0455,6
bulan-bulan,7,0.0455,6
muka,7,0.0455,7
ika,7,0.0455,6
tongkat,7,0.0455,4
ngarang,7,0.0455,7
grogi,7,0.0455,4
matahari,7,0.0455,6
dibayar,7,0.0455,6
lahirnya,7,0.0455,5
mempertaruhkan,7,0.0455,6
ekstrem,7,0.0455,5
bpkp,7,0.0455,5
melawan,7,0.0455,6
dinas,7,0.0455,6
momen,7,0.0455,6
istimewa,7,0.0455,6
pelanggaran,7,0.0455,5
marah,7,0.0455,7
obat,7,0.0455,6
masukan,7,0.0455,4
kapal-kapal,7,0.0455,6
mengadakan,7,0.0455,7
menderita,7,0.0455,6
sepakat,7,0.0455,4
sepatu,7,0.0455,5
memberikan,7,0.0455,7
dengarkan,7,0.0455,6
memperingati,7,0.0455,5
pulau-pulau,7,0.0455,6
momentum,7,0.0455,6
bertindak,7,0.0455,5
membiayai,7,0.0455,3
yakinkan,7,0.0455,7
pnawirawan,7,0.0455,5
maruli,7,0.0455,6
from,7,0.0455,4
do,7,0.0455,5
no,7,0.0455,5
strong,7,0.0455,2
as,7,0.0455,4
national,7,0.0455,6
jelajahi,7,0.0455,7
download,7,0.0455,7
extend,7,0.0455,7
sinta,7,0.0455,6
ketua-ketua,7,0.0455,5
berurusan,7,0.0455,5
esdm,7,0.0455,7
dipercaya,7,0.0455,6
surat,7,0.0455,2
putuskan,7,0.0455,7
kebohongan,7,0.0455,4
news,7,0.0455,5
pindo,7,0.0455,1
maling,7,0.0455,4
membakar,7,0.0455,2
kejahatan,7,0.0455,3
ketidakadilan,7,0.0455,4
berperan,7,0.0455,4
warning,7,0.0455,6
wealth,7,0.0455,7
suci,7,0.0455,6
pengelola,7,0.0455,5
ketertiban,7,0.0455,4
mengetahui,7,0.0455,6
dokumen,7,0.0455,6
goreng,7,0.0455,4
padi,7,0.0455,4
terasa,7,0.0455,5
sawah,7,0.0455,7
unggulan,7,0.0455,5
terintegrasi,7,0.0455,6
taruna,7,0.0455,5
bersubsidi,7,0.0455,5
diadu,7,0.0455,4
berbangsa,7,0.0455,6
rancangan,7,0.0455,4
murni,7,0.0455,3
haturkan,7,0.0455,6
imam,7,0.0455,5
memahami,7,0.0455,6
menduga,7,0.0455,3
tangannya,7,0.0455,5
nilainya,7,0.0455,6
menghentikan,7,0.0455,6
menseknek,7,0.0455,5
dibawa,7,0.0455,5
bakar-bakar,7,0.0455,5
he,7,0.0455,6
pokoknya,7,0.0455,7
tercapai,7,0.0455,5
es,7,0.0455,4
kebun,7,0.0455,6
sembakau,7,0.0455,5
alhamdulillahiabbil,7,0.0455,6
pula,7,0.0455,4
chemical,7,0.0455,2
diselesaikan,7,0.0455,4
hitam,7,0.0455,5
berubah,7,0.0455,4
institute,7,0.0455,4
tombol,7,0.0455,6
indar,7,0.0455,7
mengeluarkan,7,0.0455,5
kopiah,7,0.0455,4
penyerahan,7,0.0455,3
kelangsungan,7,0.0455,4
akademis,7,0.0455,3
yudikatif,7,0.0455,3
syarat,7,0.0455,6
urut,7,0.0455,4
truk,7,0.0455,6
ramadan,7,0.0455,5
semarang,7,0.0455,4
alihi,7,0.0455,5
quran,7,0.0455,2
konsolidasi,7,0.0455,4
nganjuk,7,0.0455,3
pengemudi,7,0.0455,3
junior,7,0.0455,3
operasionalisasi,7,0.0455,1
parawansa,7,0.0455,6
bangkalan,7,0.0455,2
suasembada,7,0.0455,4
macron,7,0.0455,1
dipotong,7,0.0455,2
dadar,7,0.0455,2
jeep,7,0.0455,2
nahdlatul,7,0.0455,2
kholil,7,0.0455,3
ke-35,7,0.0455,3
penyelundupan,7,0.0455,5
sektor,7,0.0455,4
nantinya,7,0.0455,4
berbasis,7,0.0455,4
masela,7,0.0455,3
karbon,7,0.0455,3
ntb,7,0.0455,1
bajingan,7,0.0455,2
unit,7,0.0455,4
diperdagangkan,7,0.0455,5
instrumen,7,0.0455,3
sensus,7,0.0455,1
pengadaan,7,0.0455,1
giant,7,0.0455,1
pertimbangan,6,0.039,4
alumni,6,0.039,5
nasib,6,0.039,6
menatap,6,0.039,5
aluminium,6,0.039,3
jerman,6,0.039,6
dibuka,6,0.039,4
cuaca,6,0.039,5
berbahaya,6,0.039,5
anis,6,0.039,5
min,6,0.039,2
khasnya,6,0.039,3
ma,6,0.039,5
fgd,6,0.039,4
forum,6,0.039,5
harimurti,6,0.039,5
diminta,6,0.039,6
pembicaraan,6,0.039,5
terbatas,6,0.039,4
timnya,6,0.039,4
bom,6,0.039,5
peace,6,0.039,2
with,6,0.039,3
ibarat,6,0.039,6
penduduknya,6,0.039,4
serahkan,6,0.039,4
best,6,0.039,2
for,6,0.039,5
bensin,6,0.039,5
pihak-pihak,6,0.039,6
uji,6,0.039,3
hilisasi,6,0.039,5
pln,6,0.039,5
market,6,0.039,3
kendaraan,6,0.039,4
pasarnya,6,0.039,4
setinggi,6,0.039,5
muda-muda,6,0.039,5
up,6,0.039,5
ketakutan,6,0.039,5
kayanya,6,0.039,5
yakini,6,0.039,6
dihadiri,6,0.039,3
federasi,6,0.039,4
syekh,6,0.039,3
tulus,6,0.039,5
seterusnya,6,0.039,6
handal,6,0.039,4
sepenuhnya,6,0.039,5
kemungkinan,6,0.039,4
singkong,6,0.039,5
lain-lain,6,0.039,4
kebijaksanaan,6,0.039,3
bertarung,6,0.039,5
syahrir,6,0.039,4
habibi,6,0.039,5
antar,6,0.039,5
berjasa,6,0.039,6
kata,6,0.039,5
dirintis,6,0.039,5
kesadaran,6,0.039,5
merata,6,0.039,4
senilai,6,0.039,5
siswa,6,0.039,4
online,6,0.039,4
anak-anaknya,6,0.039,5
gurunya,6,0.039,4
trenggono,6,0.039,4
bengkulu,6,0.039,3
harto,6,0.039,5
smp,6,0.039,6
pengaruh,6,0.039,5
umur,6,0.039,6
portugis,6,0.039,4
peperangan,6,0.039,6
diajarkan,6,0.039,4
fitnah,6,0.039,4
matematik,6,0.039,4
main-main,6,0.039,6
nyatanya,6,0.039,5
mineral-mineral,6,0.039,6
mentah,6,0.039,5
utamanya,6,0.039,5
hunger,6,0.039,3
perkirakan,6,0.039,5
musik,6,0.039,4
al-azhar,6,0.039,1
terkenal,6,0.039,4
delegasi,6,0.039,4
menganjurkan,6,0.039,3
ireng,6,0.039,4
bertemu,6,0.039,6
kepiting,6,0.039,2
domestik,6,0.039,3
difitnah,6,0.039,5
melayani,6,0.039,4
mempunyai,6,0.039,6
menipu,6,0.039,6
galak,6,0.039,2
tnu,6,0.039,1
bawang,6,0.039,3
diurus,6,0.039,5
anggotanya,6,0.039,5
iman,6,0.039,5
jadikan,6,0.039,6
kpk,6,0.039,5
how,6,0.039,4
kagum,6,0.039,3
azazi,6,0.039,5
meriah,6,0.039,5
iqbal,6,0.039,5
betawi,6,0.039,2
regulasi,6,0.039,4
baju,6,0.039,4
tahun-tahun,6,0.039,5
patuh,6,0.039,5
jasa-jasa,6,0.039,3
alih,6,0.039,4
pemeriksa,6,0.039,5
but,6,0.039,3
this,6,0.039,3
one,6,0.039,3
keagamaan,6,0.039,5
dahulu,6,0.039,5
capek,6,0.039,4
seharusnya,6,0.039,5
dpp,6,0.039,3
absen,6,0.039,5
letnan,6,0.039,6
fenomena,6,0.039,4
pedoman,6,0.039,5
bagikan,6,0.039,3
menurunkan,6,0.039,6
jahat,6,0.039,5
remaja,6,0.039,2
kedolatan,6,0.039,5
institut,6,0.039,3
mulyadi,6,0.039,5
pindat,6,0.039,4
pembentukan,6,0.039,5
jati,6,0.039,6
abadi,6,0.039,3
terwujud,6,0.039,6
mengisi,6,0.039,5
diawasi,6,0.039,4
dijalankan,6,0.039,6
disinggung,6,0.039,5
disusun,6,0.039,4
cabang-cabang,6,0.039,5
sebesar-besar,6,0.039,4
berkeadilan,6,0.039,4
sanggup,6,0.039,4
kg,6,0.039,3
pidana,6,0.039,4
ketinggalan,6,0.039,5
mengajar,6,0.039,4
kota-kota,6,0.039,4
operasi,6,0.039,5
efektif,6,0.039,4
reformasi,6,0.039,4
penyelesaian,6,0.039,4
simpan,6,0.039,3
pemilu,6,0.039,5
peranan,6,0.039,3
diatur,6,0.039,6
ke-80,6,0.039,3
warsa,6,0.039,5
senin,6,0.039,5
berpendapat,6,0.039,4
international,6,0.039,6
merugikan,6,0.039,4
pernyataan,6,0.039,6
alaihi,6,0.039,5
buku-buku,6,0.039,4
kesepakatan,6,0.039,5
dewasa,6,0.039,4
dimanfaatkan,6,0.039,6
cold,6,0.039,4
storage,6,0.039,3
dikerjakan,6,0.039,4
merencanakan,6,0.039,5
korporasi,6,0.039,4
syaratnya,6,0.039,3
hijriah,6,0.039,3
usulan,6,0.039,2
tuan,6,0.039,4
banten,6,0.039,2
payah,6,0.039,5
so,6,0.039,4
diresmikan,6,0.039,4
rangkaian,6,0.039,5
lengkap,6,0.039,6
musibah,6,0.039,5
anggar,6,0.039,2
sarana,6,0.039,6
bosan,6,0.039,3
okelah,6,0.039,6
persoalan,6,0.039,6
depannya,6,0.039,5
birokrat,6,0.039,4
taufik,6,0.039,6
luhud,6,0.039,5
state,6,0.039,4
asian,6,0.039,2
menjawab,6,0.039,5
nasrani,6,0.039,1
gugur,6,0.039,3
doni,6,0.039,4
dirut,6,0.039,4
kendali,6,0.039,4
dibicarakan,6,0.039,4
gunanya,6,0.039,4
persilakan,6,0.039,5
vital,6,0.039,5
tujuannya,6,0.039,5
hidrisasi,6,0.039,4
penyakit,6,0.039,6
seng,6,0.039,2
karat,6,0.039,2
istirahat,6,0.039,5
menegaskan,6,0.039,4
satria,6,0.039,6
rekan,6,0.039,3
cicit,6,0.039,4
peluang,6,0.039,4
kris,6,0.039,2
titip,6,0.039,4
terharu,6,0.039,4
menguntungkan,6,0.039,4
kartu,6,0.039,4
kontrak,6,0.039,5
rp100,6,0.039,4
sok,6,0.039,4
ditaruh,6,0.039,3
kendalikan,6,0.039,5
mekar,6,0.039,5
logistik,6,0.039,3
berjam-jam,6,0.039,5
waisak,6,0.039,1
memperkaya,6,0.039,3
orek,6,0.039,2
ayamnya,6,0.039,2
dalia,6,0.039,5
pemukiman,6,0.039,3
wadah,6,0.039,1
kapitalisme,6,0.039,3
maulana,6,0.039,2
se-indonesia,6,0.039,3
pwnu,6,0.039,3
jombang,6,0.039,3
kompas,6,0.039,3
kayu,6,0.039,4
menggerakkan,6,0.039,5
overhead,6,0.039,5
talenta,6,0.039,2
boy,6,0.039,2
lombok,6,0.039,2
cnn,6,0.039,1
dibagikan,6,0.039,1
ptdsi,6,0.039,1
tawang,6,0.039,1
kurikulum,6,0.039,2
targetkan,6,0.039,2
usut,6,0.039,1
dividen,6,0.039,1
fiskal,6,0.039,1
pembangkit,6,0.039,2
dikenal,5,0.0325,5
brewok,5,0.0325,1
engak,5,0.0325,5
tu,5,0.0325,5
dilahirkan,5,0.0325,2
pemimpin-pemimpinnya,5,0.0325,5
tolak,5,0.0325,4
warung,5,0.0325,4
tegal,5,0.0325,4
bingung,5,0.0325,5
kerajaan,5,0.0325,2
em,5,0.0325,4
kamar,5,0.0325,5
itikad,5,0.0325,4
diberitahu,5,0.0325,5
can,5,0.0325,4
minahasa,5,0.0325,4
beda,5,0.0325,4
sisa,5,0.0325,3
badannya,5,0.0325,4
seminar,5,0.0325,4
saatnya,5,0.0325,5
kumpulkan,5,0.0325,5
slide,5,0.0325,3
adi,5,0.0325,5
catat,5,0.0325,5
saking,5,0.0325,5
detail,5,0.0325,5
harap,5,0.0325,4
rasakan,5,0.0325,4
saat-saat,5,0.0325,4
memikirkan,5,0.0325,5
agamanya,5,0.0325,5
gdp,5,0.0325,3
persen,5,0.0325,5
mengancam,5,0.0325,4
kemasyarakatan,5,0.0325,5
ditakdirkan,5,0.0325,5
iklim,5,0.0325,5
ladang,5,0.0325,3
teliti,5,0.0325,5
country,5,0.0325,4
swasada,5,0.0325,3
ber,5,0.0325,4
by,5,0.0325,4
pengiriman,5,0.0325,2
menghitung,5,0.0325,4
pemberian,5,0.0325,5
cita-citamu,5,0.0325,4
kolonel,5,0.0325,5
fear,5,0.0325,1
waspadai,5,0.0325,5
peradilan,5,0.0325,2
aset-aset,5,0.0325,4
maruf,5,0.0325,3
penyelenggaraan,5,0.0325,5
kamboja,5,0.0325,5
pejuang-pejuang,5,0.0325,4
digaji,5,0.0325,4
kebocoran-kebocoran,5,0.0325,5
gambaran,5,0.0325,3
jelek,5,0.0325,5
sehari,5,0.0325,5
menempatkan,5,0.0325,3
s,5,0.0325,4
anjing,5,0.0325,5
uni,5,0.0325,5
membayar,5,0.0325,5
upah,5,0.0325,3
menghadiri,5,0.0325,5
murid,5,0.0325,3
sewaktu,5,0.0325,5
membahas,5,0.0325,5
mengalokasikan,5,0.0325,4
dikirim,5,0.0325,5
gila,5,0.0325,4
diperlukan,5,0.0325,5
kiai-kiai,5,0.0325,4
pesantren-pesantren,5,0.0325,4
penutup,5,0.0325,3
dibatasi,5,0.0325,5
ntt,5,0.0325,4
umar,5,0.0325,5
diumumkan,5,0.0325,2
jaringan,5,0.0325,4
patriotisme,5,0.0325,5
libanon,5,0.0325,4
tepi,5,0.0325,3
wajar,5,0.0325,5
fanatisme,5,0.0325,1
paragraf,5,0.0325,3
bupati-bupati,5,0.0325,5
kaos,5,0.0325,3
pasang,5,0.0325,4
diancam,5,0.0325,5
kayaknya,5,0.0325,5
dasarnya,5,0.0325,5
memaafkan,5,0.0325,4
pdip,5,0.0325,5
komponen,5,0.0325,4
dilihat,5,0.0325,5
rote,5,0.0325,4
t,5,0.0325,5
minoritas,5,0.0325,2
dicintai,5,0.0325,4
gereja,5,0.0325,3
pakistan,5,0.0325,5
bruto,5,0.0325,3
minggu-minggu,5,0.0325,5
istilahnya,5,0.0325,5
curi,5,0.0325,4
mengembalikan,5,0.0325,5
anak-anakku,5,0.0325,4
buatlah,5,0.0325,3
dharma,5,0.0325,5
ni,5,0.0325,5
pidatonya,5,0.0325,3
benih,5,0.0325,4
bicaranya,5,0.0325,5
dirimu,5,0.0325,4
impera,5,0.0325,4
bertahun-tahun,5,0.0325,5
koruptor-koruptor,5,0.0325,5
menangkap,5,0.0325,4
jalan-jalan,5,0.0325,4
absolut,5,0.0325,3
parlemen,5,0.0325,4
buruk,5,0.0325,4
tubuh,5,0.0325,4
menghimbau,5,0.0325,4
bulu,5,0.0325,5
curiga,5,0.0325,4
kesetiaan,5,0.0325,4
sesepuh,5,0.0325,4
priono,5,0.0325,5
rizal,5,0.0325,4
freedom,5,0.0325,2
wawasan,5,0.0325,3
powers,5,0.0325,2
respect,5,0.0325,1
neighbors,5,0.0325,2
there,5,0.0325,2
cannot,5,0.0325,2
people,5,0.0325,3
ke-13,5,0.0325,5
diganggu,5,0.0325,5
amanah,5,0.0325,5
kaisang,5,0.0325,1
mikir,5,0.0325,5
normatif,5,0.0325,2
mengatur,5,0.0325,5
hafid,5,0.0325,5
kependudukan,5,0.0325,4
pantun,5,0.0325,3
sekolahnya,5,0.0325,3
l,5,0.0325,5
mazhab,5,0.0325,2
keringat,5,0.0325,5
forko,5,0.0325,5
dosen,5,0.0325,4
jauh-jauh,5,0.0325,5
amalia,5,0.0325,5
ipb,5,0.0325,4
excellency,5,0.0325,2
merauke,5,0.0325,4
dampak,5,0.0325,5
segenap,5,0.0325,4
mempersatukan,5,0.0325,3
eksekutif,5,0.0325,3
turis,5,0.0325,2
mendatang,5,0.0325,4
konsekuen,5,0.0325,2
relevan,5,0.0325,3
berkeyakinan,5,0.0325,3
permainan,5,0.0325,3
berdasar,5,0.0325,3
pemerataan,5,0.0325,5
menjual,5,0.0325,4
koperasi-koperasi,5,0.0325,4
fondasi,5,0.0325,5
melibatkan,5,0.0325,3
gabah,5,0.0325,4
surplus,5,0.0325,3
pendekatan,5,0.0325,3
kedokteran,5,0.0325,3
smart,5,0.0325,3
prodi,5,0.0325,1
dirikan,5,0.0325,3
ciptakan,5,0.0325,3
naikkan,5,0.0325,5
perkebunan,5,0.0325,2
menyimpang,5,0.0325,3
pengadilan,5,0.0325,4
jenderal-jenderal,5,0.0325,5
atur,5,0.0325,4
tahu-tahu,5,0.0325,4
infantry,5,0.0325,5
berpihak,5,0.0325,5
pelaksanaan,5,0.0325,4
pemeriksaan,5,0.0325,3
menangani,5,0.0325,4
modernisasi,5,0.0325,4
mengusulkan,5,0.0325,4
sanksi,5,0.0325,3
mengawasi,5,0.0325,3
penyampaian,5,0.0325,3
transparan,5,0.0325,3
kegiatan-kegiatan,5,0.0325,4
campur,5,0.0325,4
enam,5,0.0325,3
pikir,5,0.0325,4
junjungan,5,0.0325,5
sallallahu,5,0.0325,5
wasallam,5,0.0325,5
seolah,5,0.0325,5
sistemik,5,0.0325,1
feri,5,0.0325,4
limbahnya,5,0.0325,2
batubara,5,0.0325,4
nasi,5,0.0325,2
februari,5,0.0325,4
singgung,5,0.0325,3
memungkinkan,5,0.0325,5
itikat,5,0.0325,4
disubsidi,5,0.0325,4
diganti,5,0.0325,4
percepat,5,0.0325,5
generasi-generasi,5,0.0325,5
biru,5,0.0325,4
lula,5,0.0325,1
komprehensif,5,0.0325,5
training,5,0.0325,1
ngono,5,0.0325,1
well,5,0.0325,4
lompat,5,0.0325,4
tekan,5,0.0325,4
sunarto,5,0.0325,5
paparan,5,0.0325,2
bi,5,0.0325,1
menko-menko,5,0.0325,4
meknek,5,0.0325,3
niatnya,5,0.0325,2
dikorupsi,5,0.0325,4
uang-uang,5,0.0325,2
dibiarkan,5,0.0325,4
ajar,5,0.0325,2
bapaknya,5,0.0325,2
pembelajaran,5,0.0325,4
terpusat,5,0.0325,4
ilmunya,5,0.0325,3
tk,5,0.0325,1
maksudnya,5,0.0325,4
bermimpi,5,0.0325,4
karang,5,0.0325,4
urus,5,0.0325,5
bela,5,0.0325,4
menpora,5,0.0325,3
insentif,5,0.0325,3
sejumlah,5,0.0325,4
meneguhkan,5,0.0325,4
ditanya,5,0.0325,3
terbukti,5,0.0325,5
sasembada,5,0.0325,5
band,5,0.0325,3
ibunya,5,0.0325,3
musuh,5,0.0325,5
tujuh,5,0.0325,4
sepatunya,5,0.0325,3
peduli,5,0.0325,4
sumedang,5,0.0325,2
bahrul,5,0.0325,3
kediri,5,0.0325,4
perempuan,5,0.0325,5
perhubungan,5,0.0325,3
purawirawan,5,0.0325,3
tito,5,0.0325,5
karnavian,5,0.0325,5
lugu,5,0.0325,3
berpengaruh,5,0.0325,3
terserah,5,0.0325,3
jamin,5,0.0325,4
biodiesel,5,0.0325,2
rp1,5,0.0325,5
bangsanya,5,0.0325,4
berita,5,0.0325,5
melaut,5,0.0325,5
krusial,5,0.0325,4
jorok,5,0.0325,2
panas,5,0.0325,4
dicampur,5,0.0325,4
lokasi,5,0.0325,4
koordinasi,5,0.0325,5
sesi,5,0.0325,3
berlangsung,5,0.0325,3
wasalatu,5,0.0325,5
wasalamu,5,0.0325,5
mursalin,5,0.0325,5
amma,5,0.0325,4
khair,5,0.0325,5
fatayat,5,0.0325,4
prabo,5,0.0325,3
return,5,0.0325,1
kertas,5,0.0325,3
peranggapan,5,0.0325,1
susun,5,0.0325,5
sombong,5,0.0325,5
bohong,5,0.0325,4
madani,5,0.0325,4
sederhanakan,5,0.0325,2
teknis,5,0.0325,4
penekanan,5,0.0325,4
kewilayahan,5,0.0325,5
keturunan,5,0.0325,4
neoliberal,5,0.0325,3
umpamanya,5,0.0325,5
ngurus,5,0.0325,3
esa,5,0.0325,5
era,5,0.0325,2
diperkuat,5,0.0325,4
perkuat,5,0.0325,5
permohonan,5,0.0325,2
wahab,5,0.0325,4
bangsaku,5,0.0325,3
otot,5,0.0325,3
menyangkut,5,0.0325,3
marwar,5,0.0325,5
sirait,5,0.0325,5
himpunan,5,0.0325,3
growth,5,0.0325,2
jualan,5,0.0325,2
asean,5,0.0325,5
nasionalis,5,0.0325,3
kemenangan,5,0.0325,4
allahumma,5,0.0325,1
wasallim,5,0.0325,1
miftahul,5,0.0325,3
tercinta,5,0.0325,3
mustofa,5,0.0325,4
mustasyar,5,0.0325,4
kilometer,5,0.0325,3
belas,5,0.0325,5
invoicing,5,0.0325,4
andalan,5,0.0325,2
hkti,5,0.0325,2
sudaryono,5,0.0325,4
gorontalo,5,0.0325,4
laksamana,5,0.0325,4
call,5,0.0325,5
penghasil,5,0.0325,4
terobosan,5,0.0325,4
konon,5,0.0325,2
kabarnya,5,0.0325,2
berkarya,5,0.0325,3
agenda,5,0.0325,4
hargai,5,0.0325,3
ceo,5,0.0325,3
hijau,5,0.0325,4
pembelian,5,0.0325,4
gula,5,0.0325,3
lidi,5,0.0325,1
cara-cara,5,0.0325,2
ramah,5,0.0325,4
akad,5,0.0325,1
massal,5,0.0325,4
inovatif,5,0.0325,2
bercanda,5,0.0325,1
wisatawan,5,0.0325,2
terbersih,5,0.0325,1
reality,5,0.0325,1
standar,5,0.0325,3
pmn,5,0.0325,1
kompetitif,5,0.0325,3
bendera,5,0.0325,3
tenis,5,0.0325,1
paloh,4,0.026,1
siti,4,0.026,4
berjumpa,4,0.026,4
sebelah,4,0.026,3
buahnya,4,0.026,4
kadang,4,0.026,3
ye,4,0.026,4
majemuk,4,0.026,3
kajian-kajian,4,0.026,2
intelligence,4,0.026,3
berpotensi,4,0.026,2
catatan,4,0.026,3
sumber-sumber,4,0.026,4
filipina,4,0.026,4
ceramah,4,0.026,3
diramalkan,4,0.026,4
kesekian,4,0.026,4
nangis,4,0.026,2
beritahu,4,0.026,4
ikut-ikut,4,0.026,4
gontok-gontokan,4,0.026,4
ramai-ramai,4,0.026,4
bertengkar,4,0.026,3
ekonominya,4,0.026,4
kaji,4,0.026,3
ham,4,0.026,4
isdm,4,0.026,4
roslani,4,0.026,4
nations,4,0.026,4
restoran,4,0.026,4
malam-malam,4,0.026,4
visi,4,0.026,2
sukunya,4,0.026,4
dinilai,4,0.026,4
keluarnya,4,0.026,3
peristiwa,4,0.026,4
lepas,4,0.026,3
prosperity,4,0.026,2
level,4,0.026,4
menjunjung,4,0.026,4
berdagang,4,0.026,2
uh,4,0.026,3
leste,4,0.026,4
kabinetnya,4,0.026,3
menekan,4,0.026,4
teori,4,0.026,3
mengendalikan,4,0.026,4
satu-satunya,4,0.026,4
keberuntungan,4,0.026,4
tindakan,4,0.026,4
it's,4,0.026,3
solution,4,0.026,3
bakar,4,0.026,3
balas,4,0.026,4
qatar,4,0.026,4
diesel,4,0.026,3
menggantikan,4,0.026,3
mutlak,4,0.026,4
sengaja,4,0.026,4
captive,4,0.026,2
mangga,4,0.026,4
terkendali,4,0.026,3
dihasilkan,4,0.026,4
bintang-bintang,4,0.026,4
ir,4,0.026,4
hajah,4,0.026,4
ananda,4,0.026,3
susilo,4,0.026,3
sutrisno,4,0.026,4
permusyaratan,4,0.026,3
hasyim,4,0.026,4
cetak,4,0.026,4
kanada,4,0.026,3
beragam,4,0.026,4
mawas,4,0.026,4
penyimpangan-penyimpangan,4,0.026,3
lumbung,4,0.026,4
tanaman-tanaman,4,0.026,2
penegakan,4,0.026,2
hikmat,4,0.026,4
membenci,4,0.026,4
curang,4,0.026,3
menghindari,4,0.026,1
penindasan,4,0.026,2
menghimpun,4,0.026,4
menganut,4,0.026,4
tertindas,4,0.026,4
medis,4,0.026,3
at,4,0.026,4
soeharto,4,0.026,4
meletakkan,4,0.026,2
pengetahuan,4,0.026,4
hancur,4,0.026,3
restu,4,0.026,3
kepribadian,4,0.026,4
melanjutkan,4,0.026,3
tamu-tamu,4,0.026,3
televisi,4,0.026,3
bandel,4,0.026,4
yah,4,0.026,4
memegang,4,0.026,4
mengumumkan,4,0.026,4
en,4,0.026,4
sebanyak,4,0.026,3
sertifikasi,4,0.026,2
dihitung,4,0.026,4
berhak,4,0.026,4
judi,4,0.026,3
penyeludupan,4,0.026,3
mengakibatkan,4,0.026,4
kesabaran,4,0.026,4
siarkan,4,0.026,4
pelopor,4,0.026,4
kejujuran,4,0.026,4
bersenjata,4,0.026,4
upayakan,4,0.026,4
menyapa,4,0.026,4
najamuddin,4,0.026,4
dikti,4,0.026,4
migran,4,0.026,4
kupang,4,0.026,3
ajukan,4,0.026,4
muhammadiah,4,0.026,1
kreatif,4,0.026,4
madrasah,4,0.026,4
berdosa,4,0.026,4
jarak,4,0.026,3
santai,4,0.026,4
kecenderungan,4,0.026,4
dipisahkan,4,0.026,3
sipil,4,0.026,4
surut,4,0.026,3
luncurkan,4,0.026,4
senapan,4,0.026,3
yuk,4,0.026,3
stres,4,0.026,2
bandar,4,0.026,4
pintarnya,4,0.026,3
mendem,4,0.026,4
poverty,4,0.026,3
irigasi,4,0.026,4
beribadah,4,0.026,2
tempatnya,4,0.026,3
alazhar,4,0.026,1
civitas,4,0.026,4
ha,4,0.026,4
pendirian,4,0.026,4
fakta-fakta,4,0.026,4
terorisme,4,0.026,3
ansor,4,0.026,4
d8,4,0.026,1
didirikan,4,0.026,3
sudan,4,0.026,2
pesat,4,0.026,3
mengejek,4,0.026,4
pendeta,4,0.026,2
wanita,4,0.026,4
beragama,4,0.026,2
buktinya,4,0.026,4
kehebatan,4,0.026,3
kecemerlangan,4,0.026,2
bineka,4,0.026,4
petugas-petugas,4,0.026,4
baik-baik,4,0.026,4
bagus-bagus,4,0.026,3
menanam,4,0.026,3
panennya,4,0.026,4
dibikin,4,0.026,3
ngundang,4,0.026,4
sambutannya,4,0.026,4
repot,4,0.026,4
diuji,4,0.026,3
perkiraan,4,0.026,4
mbok,4,0.026,1
kebal,4,0.026,2
dablek,4,0.026,1
terkaya,4,0.026,4
politisi,4,0.026,2
dialami,4,0.026,4
pura-pura,4,0.026,3
jumhur,4,0.026,3
tersinggung,4,0.026,3
mbak,4,0.026,4
erlangga,4,0.026,4
secepat-cepatnya,4,0.026,3
phk,4,0.026,3
pekerja-pekerja,4,0.026,3
seenaknya,4,0.026,4
dibahas,4,0.026,3
magang,4,0.026,3
marsinah,4,0.026,2
duit,4,0.026,4
awas,4,0.026,3
berpenghasilan,4,0.026,3
me,4,0.026,4
dukunganmu,4,0.026,3
bangunlah,4,0.026,3
permusatan,4,0.026,4
dicapai,4,0.026,4
konsensus,4,0.026,3
cemerlang,4,0.026,4
memperkokoh,4,0.026,4
diharapkan,4,0.026,4
penegak,4,0.026,4
sambil,4,0.026,4
wujud,4,0.026,3
melangkah,4,0.026,4
salvei,4,0.026,4
isma,4,0.026,4
pramono,4,0.026,4
unsur-unsur,4,0.026,3
its,4,0.026,3
being,4,0.026,2
situlah,4,0.026,3
posture,4,0.026,1
outlook,4,0.026,3
any,4,0.026,2
power,4,0.026,3
live,4,0.026,4
lifting,4,0.026,3
what,4,0.026,2
sunartto,4,0.026,4
terjun,4,0.026,3
kesungguhan,4,0.026,4
masif,4,0.026,4
sewa,4,0.026,3
didorong,4,0.026,4
berisi,4,0.026,4
zulkifli,4,0.026,4
jabo,4,0.026,4
demokratis,4,0.026,4
viada,4,0.026,4
angga,4,0.026,4
ganti,4,0.026,3
luthfi,4,0.026,4
solo,4,0.026,3
teruslah,4,0.026,2
makna,4,0.026,4
hambalang,4,0.026,4
charles,4,0.026,1
meja,4,0.026,3
dipikirkan,4,0.026,3
dikoreksi,4,0.026,3
malas,4,0.026,4
bagaikan,4,0.026,1
meletus,4,0.026,2
angin,4,0.026,3
tumpah,4,0.026,4
ringkas,4,0.026,3
bps,4,0.026,3
pandang,4,0.026,4
kerugian,4,0.026,4
sambut,4,0.026,4
permusyawaratan,4,0.026,4
pori,4,0.026,3
rebut,4,0.026,3
menanti,4,0.026,4
safri,4,0.026,4
samsudin,4,0.026,4
toda,4,0.026,4
simon,4,0.026,4
pal,4,0.026,2
dibaca,4,0.026,2
soraya,4,0.026,4
pdi,4,0.026,4
speaker,4,0.026,1
merebut,4,0.026,4
sabang,4,0.026,4
moneter,4,0.026,3
kalinya,4,0.026,3
manage,4,0.026,3
rawan,4,0.026,2
diselewengkan,4,0.026,3
blueprint,4,0.026,2
imperialisme,4,0.026,2
benteng,4,0.026,3
memanfaatkan,4,0.026,4
konsumen,4,0.026,2
distribusi,4,0.026,2
lintas,4,0.026,4
rp50,4,0.026,3
pegangan,4,0.026,3
ketertinggalan,4,0.026,3
virtual,4,0.026,2
fakultas,4,0.026,4
beban,4,0.026,4
berkualitas,4,0.026,3
penertiban,4,0.026,3
kebun-kebun,4,0.026,2
sesama,4,0.026,2
buahmu,4,0.026,4
menentu,4,0.026,4
tetangga-tetangga,4,0.026,4
perbatasan,4,0.026,4
secepat,4,0.026,3
cicil,4,0.026,3
apresiasi,4,0.026,4
konsisten,4,0.026,3
terukur,4,0.026,3
berkelanjutan,4,0.026,3
pertanggungjawaban,4,0.026,3
perselisihan,4,0.026,3
penguatan,4,0.026,3
rp500,4,0.026,3
memainkan,4,0.026,4
integritas,4,0.026,3
kode,4,0.026,3
ke-elapan,4,0.026,3
united,4,0.026,4
rumah-rumah,4,0.026,3
dilindungi,4,0.026,4
mengarah,4,0.026,3
kl,4,0.026,4
edi,4,0.026,3
jamari,4,0.026,4
caniago,4,0.026,4
setahun,4,0.026,4
kopasus,4,0.026,3
teknokrat,4,0.026,2
tunjuk,4,0.026,4
teddy,4,0.026,4
dahsyat,4,0.026,4
2t,4,0.026,1
limbah,4,0.026,2
keracunan,4,0.026,2
garam,4,0.026,3
kampung-kampung,4,0.026,4
kilo,4,0.026,4
jalur,4,0.026,4
gambar,4,0.026,4
distributor,4,0.026,2
ramai,4,0.026,4
pembagian,4,0.026,4
dermaga,4,0.026,3
naiknya,4,0.026,4
pantura,4,0.026,2
salat,4,0.026,3
singkatan,4,0.026,4
bpjs,4,0.026,2
bahu-membahu,4,0.026,3
biarlah,4,0.026,3
allahu,4,0.026,3
demikianlah,4,0.026,4
sedangkan,4,0.026,4
mandarin,4,0.026,3
penjaga,4,0.026,3
moral,4,0.026,4
chairman,4,0.026,1
pelatih-pelatih,4,0.026,4
idul,4,0.026,3
fitri,4,0.026,3
rumus,4,0.026,3
nyaman,4,0.026,3
musim,4,0.026,2
dingin,4,0.026,2
beruntung,4,0.026,3
tahan,4,0.026,3
optimisme,4,0.026,4
ketenangan,4,0.026,4
banjir,4,0.026,4
jembatan-jembatan,4,0.026,3
manajer,4,0.026,3
helikopter,4,0.026,3
kerusakan,4,0.026,3
tiba-tiba,4,0.026,4
sat,4,0.026,4
awasi,4,0.026,3
mengira,4,0.026,4
berantas,4,0.026,4
piring,4,0.026,2
kontingen,4,0.026,2
medan,4,0.026,4
karier,4,0.026,4
petunjuk,4,0.026,4
medalimas,4,0.026,2
kuda,4,0.026,3
rahim,4,0.026,2
harmoni,4,0.026,2
mengharukan,4,0.026,2
pipi,4,0.026,1
dosa-dosa,4,0.026,2
dikritik,4,0.026,4
import,4,0.026,3
pdp,4,0.026,3
larang,4,0.026,3
rumahnya,4,0.026,4
perasaan,4,0.026,4
rajin,4,0.026,4
kacamata,4,0.026,4
saifulah,4,0.026,3
jambi,4,0.026,3
pratama,4,0.026,4
pamungkas,4,0.026,4
dodi,4,0.026,4
hanggodo,4,0.026,4
kepresidenan,4,0.026,4
sunda,4,0.026,1
palembang,4,0.026,2
pagi-pagi,4,0.026,3
de,4,0.026,4
instansi,4,0.026,3
impossible,4,0.026,1
aliran,4,0.026,3
sumbangan,4,0.026,4
disukai,4,0.026,3
pemegang,4,0.026,3
hujan,4,0.026,3
middle,4,0.026,1
class,4,0.026,1
rentan,4,0.026,2
timbul,4,0.026,3
sapi,4,0.026,2
tangkap,4,0.026,3
mandi,4,0.026,2
aftur,4,0.026,1
capaian-capaian,4,0.026,3
akal-akalan,4,0.026,3
lansia,4,0.026,2
flat,4,0.026,3
kotor,4,0.026,2
corve,4,0.026,1
resik,4,0.026,3
modalnya,4,0.026,3
sank,4,0.026,2
atap,4,0.026,3
break,4,0.026,2
mendagri,4,0.026,2
bengkel,4,0.026,3
persaudaraan,4,0.026,3
wasohbihi,4,0.026,4
ajmain,4,0.026,4
baktiar,4,0.026,4
najamudin,4,0.026,4
sari,4,0.026,4
yuliati,4,0.026,4
al-qur'an,4,0.026,2
cita-citakan,4,0.026,2
prabu,4,0.026,2
berdampak,4,0.026,3
azan,4,0.026,3
palsu,4,0.026,4
premis,4,0.026,3
arahan,4,0.026,3
bis,4,0.026,2
bank-bank,4,0.026,4
kecelakaan,4,0.026,3
mayor,4,0.026,4
transmigrasi,4,0.026,3
kepadalah,4,0.026,3
meninggal,4,0.026,3
instruksikan,4,0.026,3
permodalan,4,0.026,3
rp3,4,0.026,2
dikumpulkan,4,0.026,2
pangdam,4,0.026,3
aji,4,0.026,3
kusuma,4,0.026,3
april,4,0.026,3
condong,4,0.026,2
tempe,4,0.026,2
apotek,4,0.026,2
research,4,0.026,4
waktunya,4,0.026,3
inspektur,4,0.026,2
pertiwi,4,0.026,3
mewariskan,4,0.026,2
pendek,4,0.026,4
pembacaan,4,0.026,2
mengembangkan,4,0.026,4
martabat,4,0.026,3
penghormatan,4,0.026,4
majulah,4,0.026,1
kpu,4,0.026,3
berjumpanya,4,0.026,1
komentar,4,0.026,3
mitra-mitra,4,0.026,2
tampang-tampang,4,0.026,3
penuhi,4,0.026,2
foto,4,0.026,4
nationalism,4,0.026,1
myanmar,4,0.026,3
dibesarkan,4,0.026,4
rempah-rempah,4,0.026,2
disalahkan,4,0.026,2
bangkitlah,4,0.026,3
gedek,4,0.026,1
tuamu,4,0.026,2
dibacakan,4,0.026,2
mars,4,0.026,3
wat,4,0.026,1
watal,4,0.026,1
sayyidina,4,0.026,1
selasa,4,0.026,3
masyaikh,4,0.026,1
membersamai,4,0.026,2
abdullah,4,0.026,2
khalil,4,0.026,1
fi,4,0.026,1
mendoakan,4,0.026,3
iyaka,4,0.026,1
terjaga,4,0.026,3
sepuh,4,0.026,3
nusron,4,0.026,4
ulum,4,0.026,2
ktna,4,0.026,1
didit,4,0.026,3
ilmuwan,4,0.026,3
insinyur,4,0.026,2
padat,4,0.026,2
rambutnya,4,0.026,1
academic,4,0.026,1
agent,4,0.026,1
catur,4,0.026,1
bmn,4,0.026,3
penciptaan,4,0.026,1
implementasi,4,0.026,3
menghadirkan,4,0.026,3
baterai,4,0.026,2
tekankan,4,0.026,3
terkuat,4,0.026,3
pawirawan,4,0.026,4
herindra,4,0.026,4
komjen,4,0.026,2
cng,4,0.026,1
dengki,4,0.026,3
naikin,4,0.026,3
emisi,4,0.026,2
resah,4,0.026,2
berpikirlah,4,0.026,1
bendungan-bendungan,4,0.026,1
disimpan,4,0.026,4
ongkos,4,0.026,2
pinjaman,4,0.026,2
trans,4,0.026,2
takayuki,4,0.026,1
kikin,4,0.026,3
bersatulah,4,0.026,1
collapse,4,0.026,3
pricing,4,0.026,2
agency,4,0.026,2
basic,4,0.026,1
cabut,4,0.026,1
ojk,4,0.026,2
rp150,4,0.026,3
sisanya,4,0.026,2
rentenir,4,0.026,2
pamong,4,0.026,1
pamung,4,0.026,1
saudaramu,4,0.026,1
ketum,4,0.026,2
ekskavator,4,0.026,1
bobi,4,0.026,2
kai,4,0.026,1
mianggas,4,0.026,3
orientasi,4,0.026,2
rumit,4,0.026,2
memutuskan,4,0.026,1
elnino,4,0.026,2
pelabuhan,4,0.026,1
bla,4,0.026,1
kristina,4,0.026,1
barel,4,0.026,2
ifp,4,0.026,1
berikutnya,4,0.026,2
ddmf,4,0.026,1
kewarganegaraan,4,0.026,1
garing,4,0.026,1
taslim,3,0.0195,3
gerinda,3,0.0195,3
manggil,3,0.0195,2
dikalahkan,3,0.0195,3
gugusan,3,0.0195,3
survive,3,0.0195,3
kajian,3,0.0195,1
berbunyi,3,0.0195,3
penilaian,3,0.0195,2
sang,3,0.0195,3
pulih,3,0.0195,2
pandemi,3,0.0195,2
covid-19,3,0.0195,2
menyarankan,3,0.0195,3
awal-awal,3,0.0195,3
perak,3,0.0195,3
woh,3,0.0195,3
gemuk,3,0.0195,3
saudara-audara,3,0.0195,3
rumongso,3,0.0195,2
hobinya,3,0.0195,3
usianya,3,0.0195,2
seumur,3,0.0195,3
rezeki,3,0.0195,2
narik,3,0.0195,3
tuntutan,3,0.0195,3
bicarakan,3,0.0195,3
gemilang,3,0.0195,2
supratman,3,0.0195,3
sibuk,3,0.0195,3
tertulis,3,0.0195,2
emosional,3,0.0195,3
jogja,3,0.0195,2
margono,3,0.0195,3
ditangkap,3,0.0195,2
second,3,0.0195,1
half,3,0.0195,1
rasnya,3,0.0195,3
separatis,3,0.0195,2
ke-16,3,0.0195,3
terendah,3,0.0195,2
meluas,3,0.0195,2
cina,3,0.0195,2
brings,3,0.0195,1
only,3,0.0195,1
merangkul,3,0.0195,2
dibom,3,0.0195,3
kuno,3,0.0195,3
dinyatakan,3,0.0195,3
menterinya,3,0.0195,3
gali,3,0.0195,3
trickle,3,0.0195,2
mengecek,3,0.0195,3
busuk,3,0.0195,3
discussion,3,0.0195,2
ekspornya,3,0.0195,2
bekas,3,0.0195,2
earth,3,0.0195,3
mitigasi,3,0.0195,2
dikaji,3,0.0195,2
terjamin,3,0.0195,1
cabe,3,0.0195,2
tomat,3,0.0195,3
cabai,3,0.0195,2
proklamator,3,0.0195,3
mainnya,3,0.0195,3
tegar,3,0.0195,3
konsolidasikan,3,0.0195,3
himbara,3,0.0195,3
keen,3,0.0195,3
ke-11,3,0.0195,3
elektronik,3,0.0195,3
mah,3,0.0195,3
darussalam,3,0.0195,3
baginda,3,0.0195,3
datuk,3,0.0195,2
mp,3,0.0195,1
ib,3,0.0195,3
sosialis,3,0.0195,3
merangkap,3,0.0195,2
khalid,3,0.0195,3
richard,3,0.0195,3
putusan,3,0.0195,2
david,3,0.0195,2
thomas,3,0.0195,3
council,3,0.0195,3
meri,3,0.0195,2
grace,3,0.0195,3
presence,3,0.0195,3
dinamika,3,0.0195,3
mengoreksi,3,0.0195,2
membahayakan,3,0.0195,3
pakaian,3,0.0195,3
berhimpun,3,0.0195,2
genting,3,0.0195,2
geothermal,3,0.0195,2
bijaksana,3,0.0195,3
cocok,3,0.0195,3
gemuyu,3,0.0195,3
block,3,0.0195,3
ditindas,3,0.0195,3
rakyat-rakyat,3,0.0195,2
pahlawan-pahlawan,3,0.0195,3
inklusif,3,0.0195,2
diselamatkan,3,0.0195,3
dikenang,3,0.0195,3
pendahulu-pendahulu,3,0.0195,3
estafet,3,0.0195,2
ganggu,3,0.0195,3
menyertai,3,0.0195,3
menyelenggarakan,3,0.0195,3
muti,3,0.0195,3
manakala,3,0.0195,3
ditingkatkan,3,0.0195,3
d4,3,0.0195,1
besaran,3,0.0195,2
ba,3,0.0195,3
persis,3,0.0195,3
bahan-bahan,3,0.0195,3
runtuh,3,0.0195,3
pelajaran-pelajaran,3,0.0195,3
pmk,3,0.0195,2
menanamkan,3,0.0195,3
haj,3,0.0195,3
haidar,3,0.0195,2
muhajir,3,0.0195,3
tahunnya,3,0.0195,3
j,3,0.0195,3
phd,3,0.0195,2
sakti,3,0.0195,3
dadan,3,0.0195,3
fauzan,3,0.0195,3
tanwir,3,0.0195,1
dakwah,3,0.0195,1
mendidik,3,0.0195,3
calon-calon,3,0.0195,3
sudirman,3,0.0195,3
perintah-perintah,3,0.0195,3
pidato-pidato,3,0.0195,3
terhebat,3,0.0195,3
mendalami,3,0.0195,2
kancah,3,0.0195,3
destruktif,3,0.0195,3
senjata-senjata,3,0.0195,2
lengah,3,0.0195,3
perairan,3,0.0195,2
berharga,3,0.0195,3
milat,3,0.0195,1
tuannya,3,0.0195,1
dihajar,3,0.0195,3
indeks,3,0.0195,2
halus,3,0.0195,3
fahri,3,0.0195,2
teman-teman,3,0.0195,3
mikul,3,0.0195,3
duwur,3,0.0195,3
jero,3,0.0195,3
ustaz-ustaz,3,0.0195,2
grindra,3,0.0195,3
ktt,3,0.0195,2
apek,3,0.0195,2
gantungkan,3,0.0195,3
ketat,3,0.0195,2
acara-acara,3,0.0195,3
tolonglah,3,0.0195,3
bersifat,3,0.0195,3
datanya,3,0.0195,3
senyum-senyum,3,0.0195,3
persamaan,3,0.0195,3
sasando,3,0.0195,1
bergetar,3,0.0195,3
quraisy,3,0.0195,2
intensif,3,0.0195,2
mempererat,3,0.0195,3
proklamasikan,3,0.0195,3
nasir,3,0.0195,3
kemudahan,3,0.0195,3
menghancurkan,3,0.0195,3
tekun,3,0.0195,1
belajarlah,3,0.0195,1
pemikirannya,3,0.0195,3
banser,3,0.0195,2
diusulkan,3,0.0195,2
leadership,3,0.0195,2
patut,3,0.0195,2
economic,3,0.0195,3
dibentuk,3,0.0195,3
prihatin,3,0.0195,3
libya,3,0.0195,2
yaman,3,0.0195,3
laporan-laporan,3,0.0195,3
subur,3,0.0195,3
percuma,3,0.0195,3
pintar-pintar,3,0.0195,3
tobat,3,0.0195,3
maafkan,3,0.0195,3
kalian-kalian,3,0.0195,2
negaramu,3,0.0195,2
hindu,3,0.0195,2
wijaya,3,0.0195,2
wibowo,3,0.0195,3
mempersulit,3,0.0195,3
berilah,3,0.0195,3
musa,3,0.0195,3
ngerampok,3,0.0195,3
membenahi,3,0.0195,3
isu,3,0.0195,2
bertobat,3,0.0195,1
taklimat,3,0.0195,2
diveda,3,0.0195,3
sejarahnya,3,0.0195,3
diproklamasikan,3,0.0195,2
mustika,3,0.0195,2
keindahan,3,0.0195,2
diridai,3,0.0195,2
diajak,3,0.0195,2
pengeluaran-pengeluaran,3,0.0195,1
banding,3,0.0195,1
lsm,3,0.0195,2
turkiye,3,0.0195,1
jantung,3,0.0195,2
hangat,3,0.0195,3
otoman,3,0.0195,1
perwira-perwira,3,0.0195,3
mencatat,3,0.0195,3
persahabatan,3,0.0195,3
ikon,3,0.0195,1
kemal,3,0.0195,1
tampil,3,0.0195,3
bersamamu,3,0.0195,2
protokol,3,0.0195,3
sekeras-kerasnya,3,0.0195,3
tugasnya,3,0.0195,2
beres,3,0.0195,3
biarkan,3,0.0195,3
investor-investor,3,0.0195,2
gelontorkan,3,0.0195,3
pemberantasan,3,0.0195,3
lo,3,0.0195,2
bahasa-bahasa,3,0.0195,2
memaksa,3,0.0195,3
mental,3,0.0195,3
dipermainkan,3,0.0195,2
mantra,3,0.0195,2
gadget,3,0.0195,3
simanjuntak,3,0.0195,3
anung,3,0.0195,3
countries,3,0.0195,1
akademisi,3,0.0195,3
kedaulatannya,3,0.0195,3
lesson,3,0.0195,1
history,3,0.0195,2
therefore,3,0.0195,1
military,3,0.0195,1
whole,3,0.0195,2
why,3,0.0195,1
indonesian,3,0.0195,2
my,3,0.0195,1
planet,3,0.0195,2
here,3,0.0195,2
let,3,0.0195,2
work,3,0.0195,2
however,3,0.0195,1
an,3,0.0195,2
if,3,0.0195,1
wealthy,3,0.0195,1
many,3,0.0195,2
law,3,0.0195,3
rakaboming,3,0.0195,3
sufmi,3,0.0195,3
soehartoyo,3,0.0195,3
mengenang,3,0.0195,3
sarjana,3,0.0195,3
penggerak,3,0.0195,3
bertatap,3,0.0195,3
dipaksa,3,0.0195,3
utang,3,0.0195,3
dimaki-maki,3,0.0195,1
definisi,3,0.0195,1
substantif,3,0.0195,1
amir,3,0.0195,3
ari,3,0.0195,3
investigasi,3,0.0195,3
maimun,3,0.0195,2
madiun,3,0.0195,2
diatur-atur,3,0.0195,3
didatangi,3,0.0195,2
wwf,3,0.0195,1
r000,3,0.0195,3
aktivis,3,0.0195,2
kecewa,3,0.0195,3
mukanya,3,0.0195,3
diantar,3,0.0195,2
dilarang,3,0.0195,3
kambas,3,0.0195,1
terobosan-terobosan,3,0.0195,2
podcast-podcast,3,0.0195,3
dianalisa,3,0.0195,1
terusik,3,0.0195,3
samudera,3,0.0195,1
goyah,3,0.0195,3
bayu,3,0.0195,3
mengayomi,3,0.0195,2
menghidupkan,3,0.0195,3
pesimisme,3,0.0195,2
geleng-geleng,3,0.0195,2
rekayasa,3,0.0195,3
devile,3,0.0195,2
repotnya,3,0.0195,3
pengangguran,3,0.0195,3
menurun,3,0.0195,2
permainan-permainan,3,0.0195,3
lantik,3,0.0195,2
ragamu,3,0.0195,2
pengabdianmu,3,0.0195,3
kandung,3,0.0195,3
yuliarto,3,0.0195,3
doktor,3,0.0195,2
mathematics,3,0.0195,2
pratikno,3,0.0195,3
rozan,3,0.0195,3
bapenas,3,0.0195,3
pambudi,3,0.0195,3
ugm,3,0.0195,2
led,3,0.0195,3
ui,3,0.0195,1
mantiri,3,0.0195,3
darmawan,3,0.0195,3
yoga,3,0.0195,3
dipersilakan,3,0.0195,3
kees9,3,0.0195,3
yatun,3,0.0195,3
muhimin,3,0.0195,3
house,3,0.0195,2
his,3,0.0195,1
rahman,3,0.0195,3
terbentuk,3,0.0195,3
maki-memaki,3,0.0195,3
transparansi,3,0.0195,3
perilaku,3,0.0195,1
bumd,3,0.0195,2
tutup-tutupi,3,0.0195,2
kesalahan-kesalahan,3,0.0195,3
rp300,3,0.0195,2
skala,3,0.0195,2
net,3,0.0195,3
outflow,3,0.0195,2
menghabiskan,3,0.0195,2
darahnya,3,0.0195,3
salim,3,0.0195,2
teriak-teriak,3,0.0195,3
menjelaskan,3,0.0195,3
distorsi,3,0.0195,2
diamanatkan,3,0.0195,3
pasal-pasal,3,0.0195,2
terjadilah,3,0.0195,1
dihargai,3,0.0195,2
berobat,3,0.0195,2
realisasi,3,0.0195,2
menyerap,3,0.0195,3
diingat,3,0.0195,3
melainkan,3,0.0195,3
memutus,3,0.0195,1
ketergantungan,3,0.0195,3
salurkan,3,0.0195,3
tersenyum,3,0.0195,2
wewenang,3,0.0195,3
mengorbankan,3,0.0195,3
tempo,3,0.0195,2
berdayakan,3,0.0195,2
pelosok,3,0.0195,2
pelosok-pelosok,3,0.0195,2
tambahkan,3,0.0195,2
meringankan,3,0.0195,3
agreement,3,0.0195,2
nol,3,0.0195,3
pembahasan,3,0.0195,3
lindung,3,0.0195,3
lindungi,3,0.0195,2
nyelunduk,3,0.0195,1
grup,3,0.0195,3
teritorial,3,0.0195,2
infanter,3,0.0195,3
veda,3,0.0195,3
naif,3,0.0195,3
punggung,3,0.0195,3
sebanyak-banyaknya,3,0.0195,3
kinerja,3,0.0195,3
roda,3,0.0195,3
perencanaan,3,0.0195,3
fungsi,3,0.0195,1
rapbn,3,0.0195,2
kelembagaan,3,0.0195,2
mencerminkan,3,0.0195,3
memantau,3,0.0195,3
persidangan,3,0.0195,3
sengketa,3,0.0195,1
perdata,3,0.0195,2
berorientasi,3,0.0195,3
seleksi,3,0.0195,3
adhok,3,0.0195,2
dugaan,3,0.0195,3
otoritas,3,0.0195,2
dasa,3,0.0195,3
ataupun,3,0.0195,2
pungkiri,3,0.0195,2
tindakan-tindakan,3,0.0195,3
utusan-utusan,3,0.0195,2
jalannya,3,0.0195,2
almuzamil,3,0.0195,3
baskoro,3,0.0195,3
suro,3,0.0195,2
kholid,3,0.0195,3
tanggalnya,3,0.0195,3
rambut,3,0.0195,3
membereskan,3,0.0195,1
legowo,3,0.0195,2
sejujur-jujurnya,3,0.0195,2
kurun,3,0.0195,3
parah,3,0.0195,2
cukai,3,0.0195,3
ahli-ahli,3,0.0195,3
puncaknya,3,0.0195,3
balik,3,0.0195,3
risau,3,0.0195,3
sppg,3,0.0195,3
membunuh,3,0.0195,3
r00,3,0.0195,3
otomatis,3,0.0195,2
semata-mata,3,0.0195,3
bulok,3,0.0195,3
rekening,3,0.0195,2
politeknik,3,0.0195,2
terpadu,3,0.0195,3
chat,3,0.0195,2
trump,3,0.0195,2
bonus,3,0.0195,3
kejam,3,0.0195,3
dibagi,3,0.0195,3
tanggul,3,0.0195,2
perhitungan,3,0.0195,3
iuran,3,0.0195,3
berhubungan,3,0.0195,2
potensinya,3,0.0195,3
diizinkan,3,0.0195,2
santri-santriwati,3,0.0195,2
menggambarkan,3,0.0195,3
saing,3,0.0195,3
paripurna,3,0.0195,2
sembahyang,3,0.0195,3
ojo,3,0.0195,3
trust,3,0.0195,1
santai-santai,3,0.0195,2
menyiapkan,3,0.0195,3
den,3,0.0195,2
duka,3,0.0195,2
rinci,3,0.0195,2
nyeberang,3,0.0195,2
suaranya,3,0.0195,3
mengerahkan,3,0.0195,3
teknik,3,0.0195,3
reaksi,3,0.0195,3
mendarat,3,0.0195,2
menyalurkan,3,0.0195,3
diperiksa,3,0.0195,3
percepatan,3,0.0195,3
penyediaan,3,0.0195,2
murid-murid,3,0.0195,1
tunggu-tunggu,3,0.0195,3
melompat,3,0.0195,2
menantang,3,0.0195,3
asli,3,0.0195,2
lulus,3,0.0195,3
gelar,3,0.0195,2
kejar,3,0.0195,2
dikdas,3,0.0195,2
gini,3,0.0195,3
penitipan,3,0.0195,2
tayangkan,3,0.0195,3
hei,3,0.0195,2
panjaitan,3,0.0195,3
sepertinya,3,0.0195,3
sepeda,3,0.0195,2
sabuk,3,0.0195,3
football,3,0.0195,1
komite,3,0.0195,2
ke-33,3,0.0195,2
pelepasan,3,0.0195,2
kumandangkan,3,0.0195,2
pemenang,3,0.0195,2
dorong,3,0.0195,3
materi,3,0.0195,3
peluru,3,0.0195,3
didik,3,0.0195,3
pengharapan,3,0.0195,2
menyalahkan,3,0.0195,3
survei,3,0.0195,2
ditempeleng,3,0.0195,2
forgive,3,0.0195,1
malah,3,0.0195,2
tedy,3,0.0195,3
harmonis,3,0.0195,3
katolik,3,0.0195,1
perlengkapan,3,0.0195,3
nd,3,0.0195,1
menggalang,3,0.0195,2
ayah,3,0.0195,3
teman,3,0.0195,2
nak,3,0.0195,3
khoiri,3,0.0195,3
fauzi,3,0.0195,3
dudi,3,0.0195,3
khodari,3,0.0195,3
osi,3,0.0195,3
menikah,3,0.0195,1
loyal,3,0.0195,3
penjuru,3,0.0195,2
kodam,3,0.0195,3
kapolres,3,0.0195,3
merekalah,3,0.0195,3
dibongkar,3,0.0195,2
presiden-presiden,3,0.0195,3
terdahulu,3,0.0195,1
pimpinan-pimpinan,3,0.0195,2
nonblok,3,0.0195,3
ideal,3,0.0195,2
kehendaki,3,0.0195,3
prasejahtera,3,0.0195,2
aspiring,3,0.0195,1
halaman,3,0.0195,2
lingkaran,3,0.0195,2
menggugah,3,0.0195,2
tawarkan,3,0.0195,1
kelebihan-kelebihan,3,0.0195,3
dinding,3,0.0195,3
kecuali,3,0.0195,3
white,3,0.0195,2
pemasok,3,0.0195,1
siap-siap,3,0.0195,2
duluan,3,0.0195,3
dipelajari,3,0.0195,3
ketemukan,3,0.0195,3
proyek-proyek,3,0.0195,2
gunung-gunung,3,0.0195,3
lengkapi,3,0.0195,2
pilot,3,0.0195,2
project,3,0.0195,2
besi,3,0.0195,3
grade,3,0.0195,3
energy,3,0.0195,3
beapa,3,0.0195,3
sori,3,0.0195,3
wujudnya,3,0.0195,2
berkarat,3,0.0195,2
besar-besar,3,0.0195,2
merawat,3,0.0195,2
makassar,3,0.0195,3
keberkahan,3,0.0195,3
asrofilya,3,0.0195,3
badu,3,0.0195,3
bisnis,3,0.0195,3
irak,3,0.0195,2
ke-20,3,0.0195,2
pencerahan,3,0.0195,2
pesan-pesan,3,0.0195,2
penceramah,3,0.0195,1
diingatkan,3,0.0195,3
dijaga,3,0.0195,3
dibina,3,0.0195,3
terlantar,3,0.0195,3
hidayah,3,0.0195,3
digelar,3,0.0195,3
seremoni,3,0.0195,3
prab,3,0.0195,2
asset,3,0.0195,1
senayan,3,0.0195,3
samping,3,0.0195,3
menunjuk,3,0.0195,3
siswanto,3,0.0195,3
magelang,3,0.0195,3
eko,3,0.0195,3
buru,3,0.0195,1
ilham,3,0.0195,3
museum,3,0.0195,2
pembantu,3,0.0195,2
susu,3,0.0195,2
transportasi,3,0.0195,2
transport,3,0.0195,3
data-data,3,0.0195,3
aplikator,3,0.0195,2
st,3,0.0195,3
yudi,3,0.0195,2
sadewa,3,0.0195,2
pengaturan,3,0.0195,3
seni,3,0.0195,3
ppatk,3,0.0195,2
jawabannya,3,0.0195,2
diekspor,3,0.0195,2
penjualan,3,0.0195,1
kalaupun,3,0.0195,3
sendi-sendi,3,0.0195,3
fraud,3,0.0195,3
perizinan,3,0.0195,2
sirine,3,0.0195,3
purnomo,3,0.0195,2
banyuwangi,3,0.0195,2
rio,3,0.0195,3
marhain,3,0.0195,3
pick,3,0.0195,2
cari-cari,3,0.0195,2
remeh,3,0.0195,3
hasilkan,3,0.0195,3
cobaan,3,0.0195,2
gandum,3,0.0195,2
rut,3,0.0195,2
abu,3,0.0195,2
arabia,3,0.0195,2
rp15,3,0.0195,2
ditambah,3,0.0195,3
kdkmp,3,0.0195,2
diketahui,3,0.0195,2
mainkan,3,0.0195,2
karunia-nya,3,0.0195,3
komunitas-komunitas,3,0.0195,3
religius,3,0.0195,2
disertai,3,0.0195,2
muhammadin,3,0.0195,2
ila,3,0.0195,3
intelektual,3,0.0195,3
latif,3,0.0195,2
disilakan,3,0.0195,3
sentosa,3,0.0195,2
serang,3,0.0195,2
menentang,3,0.0195,2
nani,3,0.0195,2
juru,3,0.0195,2
tukang,3,0.0195,2
mengganti,3,0.0195,1
kembalilah,3,0.0195,2
nasinya,3,0.0195,1
pulen,3,0.0195,1
toni,3,0.0195,3
porsi,3,0.0195,1
enteng,3,0.0195,3
minggir,3,0.0195,2
ke-18,3,0.0195,1
penggagas,3,0.0195,2
erwin,3,0.0195,2
aksa,3,0.0195,2
lahad,3,0.0195,2
him,3,0.0195,2
sustained,3,0.0195,1
se,3,0.0195,3
diolah,3,0.0195,3
taruh,3,0.0195,3
tabungan,3,0.0195,3
liar,3,0.0195,2
teluk,3,0.0195,3
selat,3,0.0195,3
hormus,3,0.0195,3
presidenmu,3,0.0195,2
maung,3,0.0195,2
berkhianat,3,0.0195,1
pemimpinmu,3,0.0195,3
wahai,3,0.0195,2
airku,3,0.0195,2
cintamu,3,0.0195,2
halangkan,3,0.0195,2
nasibmu,3,0.0195,2
sholli,3,0.0195,1
alfatihah,3,0.0195,1
imran,3,0.0195,3
auzubillahiminasyaitanirrajim,3,0.0195,1
fil,3,0.0195,1
muhtaram,3,0.0195,1
ahyar,3,0.0195,1
marbun,3,0.0195,2
siraj,3,0.0195,3
meleset,3,0.0195,2
rahimakumullah,3,0.0195,1
permintaan,3,0.0195,3
mar'ruf,3,0.0195,3
memudahkan,3,0.0195,3
wunuba,3,0.0195,1
khatib,3,0.0195,2
santriwati,3,0.0195,3
pcnu,3,0.0195,2
lirboyo,3,0.0195,3
mahrus,3,0.0195,3
ora,3,0.0195,3
hasbullah,3,0.0195,3
lagunya,3,0.0195,3
triliunan,3,0.0195,3
disambut,3,0.0195,3
didampingi,3,0.0195,3
kontak,3,0.0195,2
punawirawan,3,0.0195,3
rasyid,3,0.0195,3
berkilo-kilo,3,0.0195,2
pelan-pelan,3,0.0195,2
friend,3,0.0195,2
suporter,3,0.0195,2
coach,3,0.0195,2
pu,3,0.0195,2
akademik,3,0.0195,3
nahqoda,3,0.0195,2
bukankah,3,0.0195,1
monggo,3,0.0195,3
kejadian,3,0.0195,2
belahan,3,0.0195,2
pertentangan,3,0.0195,2
tiktok,3,0.0195,2
agen,3,0.0195,1
karya-karya,3,0.0195,2
lanjuti,3,0.0195,1
labanya,3,0.0195,1
tahulah,3,0.0195,2
jurnalis,3,0.0195,2
jcc,3,0.0195,1
agendanya,3,0.0195,1
perampingan,3,0.0195,2
mengubah,3,0.0195,2
bergantung,3,0.0195,2
kapasitas,3,0.0195,3
menghambat,3,0.0195,3
kementerian-kementerian,3,0.0195,3
narkotika,3,0.0195,2
jagalah,3,0.0195,1
laha,3,0.0195,3
permukiman,3,0.0195,3
intelijen,3,0.0195,3
tanjung,3,0.0195,3
pengguna,3,0.0195,3
peluncuran,3,0.0195,2
mandatori,3,0.0195,1
diluncurkan,3,0.0195,3
mampukah,3,0.0195,1
berbohong,3,0.0195,1
ekon,3,0.0195,2
nothing,3,0.0195,1
rasanya,3,0.0195,1
bima,3,0.0195,2
akhyar,3,0.0195,3
anyar,3,0.0195,2
kelompoknya,3,0.0195,3
dada,3,0.0195,2
prosedur,3,0.0195,3
berpesan,3,0.0195,2
nembak,3,0.0195,2
profesional,3,0.0195,2
camat,3,0.0195,3
seperempat,3,0.0195,3
juliantono,3,0.0195,3
sekuat,3,0.0195,2
etanol,3,0.0195,2
wasitnya,3,0.0195,2
imin,3,0.0195,2
naskah,3,0.0195,1
seteng,3,0.0195,2
mikrokredit,3,0.0195,1
pendingin,3,0.0195,2
ikuti,3,0.0195,3
terkini,3,0.0195,2
ueda,3,0.0195,1
mua,3,0.0195,1
forkopimda,3,0.0195,3
penyuluh,3,0.0195,2
ambruk,3,0.0195,2
rintis,3,0.0195,3
e20,3,0.0195,1
perintahnya,3,0.0195,2
ukuran,3,0.0195,3
tersedia,3,0.0195,2
pemborosan,3,0.0195,1
memberdayakan,3,0.0195,2
tukar,3,0.0195,2
development,3,0.0195,3
sdg,3,0.0195,1
illegal,3,0.0195,1
mengkonsolidasikan,3,0.0195,2
berminat,3,0.0195,1
etc,3,0.0195,2
raport,3,0.0195,3
lestarikan,3,0.0195,2
rib,3,0.0195,1
flpp,3,0.0195,2
kompensasi,3,0.0195,1
sebutkan,3,0.0195,3
kategori,3,0.0195,2
dikdasmen,3,0.0195,3
terdepan,3,0.0195,3
jenis,3,0.0195,2
kanker,3,0.0195,3
ijtimah,3,0.0195,1
menguatkan,3,0.0195,2
sumi,3,0.0195,3
ikor,3,0.0195,1
nyebrang,3,0.0195,1
tali,3,0.0195,2
roboh,3,0.0195,2
gelasmu,3,0.0195,1
nyambut,3,0.0195,2
drum,3,0.0195,1
ipdn,3,0.0195,1
aparatur,3,0.0195,1
berbelit-belit,3,0.0195,2
kerala,3,0.0195,1
kpr,3,0.0195,2
dikerahkan,3,0.0195,2
mencek,3,0.0195,1
tegur,3,0.0195,1
bawahnya,3,0.0195,3
bangunan,3,0.0195,2
bersamaan,3,0.0195,2
berupa,3,0.0195,3
arsitektur,3,0.0195,2
anindia,3,0.0195,2
ekosistem,3,0.0195,2
syariah,3,0.0195,3
maman,3,0.0195,2
building,3,0.0195,1
awalnya,3,0.0195,2
eskalasi,3,0.0195,1
skor,3,0.0195,2
universitas-universitas,3,0.0195,2
memuaskan,3,0.0195,1
mentor,3,0.0195,2
aula,3,0.0195,1
volume,3,0.0195,2
penurunan,3,0.0195,2
dilengkapi,3,0.0195,1
mengoperasikan,3,0.0195,2
transaksi,3,0.0195,2
dimonitor,3,0.0195,1
pembeli,3,0.0195,2
membagikan,3,0.0195,1
menjangkau,3,0.0195,1
andre,3,0.0195,1
ke-81,3,0.0195,2
masa-masa,3,0.0195,2
nota,3,0.0195,1
makroekonomi,3,0.0195,1
setara,3,0.0195,2
direncanakan,3,0.0195,1
ditargetkan,3,0.0195,1
kisaran,3,0.0195,1
rentang,3,0.0195,2
pdb,3,0.0195,1
optimalisasi,3,0.0195,1
dioperasikan,3,0.0195,1
kepemilikan,3,0.0195,1
center,3,0.0195,1
komersial,3,0.0195,1
gunawan,2,0.013,2
hermawi,2,0.013,2
f,2,0.013,2
oc,2,0.013,1
kumis,2,0.013,1
sir,2,0.013,1
palaloh,2,0.013,1
suku-suku,2,0.013,2
alamiah,2,0.013,2
didapat,2,0.013,2
tertegun,2,0.013,2
terkesima,2,0.013,2
ramalan,2,0.013,2
uranium,2,0.013,2
thorium,2,0.013,2
saudaraudara,2,0.013,1
kek,2,0.013,2
leadership-nya,2,0.013,2
saksi,2,0.013,2
p,2,0.013,2
membangkitkan,2,0.013,2
count,2,0.013,1
biasa-biasa,2,0.013,2
menyakitkan,2,0.013,2
perunggu,2,0.013,2
obati,2,0.013,2
palo,2,0.013,2
enak-enak,2,0.013,2
peka,2,0.013,2
campuran,2,0.013,2
robert,2,0.013,2
nyanyi,2,0.013,2
ditarik,2,0.013,2
marinir,2,0.013,2
porsinya,2,0.013,2
segini,2,0.013,1
guu,2,0.013,2
gading,2,0.013,1
pendidikannya,2,0.013,2
becak,2,0.013,2
study,2,0.013,2
euforia,2,0.013,2
senior-senior,2,0.013,2
daily,2,0.013,1
susanto,2,0.013,2
aktas,2,0.013,2
yudyono,2,0.013,2
distinguished,2,0.013,2
ambassadors,2,0.013,2
representatives,2,0.013,2
friendly,2,0.013,2
diut,2,0.013,2
enggar,2,0.013,1
ngeri,2,0.013,2
kualat,2,0.013,2
kisah,2,0.013,2
antisipasi,2,0.013,2
disebarkan,2,0.013,2
asi,2,0.013,2
psikologi,2,0.013,2
attention,2,0.013,2
serap,2,0.013,2
batasi,2,0.013,2
brand,2,0.013,2
ambassador,2,0.013,2
rival,2,0.013,2
pemain-pemain,2,0.013,2
ratu,2,0.013,2
rasio,2,0.013,2
taiwan,2,0.013,2
harmony,2,0.013,1
equilibrium,2,0.013,1
lebanon,2,0.013,2
dihancurkan,2,0.013,2
menjalin,2,0.013,2
yudo,2,0.013,2
banting,2,0.013,2
sehari-hari,2,0.013,2
luasnya,2,0.013,2
otoriter,2,0.013,2
andaman,2,0.013,2
bisanya,2,0.013,2
berturut-turut,2,0.013,2
mengandalkan,2,0.013,2
down,2,0.013,2
menyeluruh,2,0.013,2
brains,2,0.013,1
heart,2,0.013,1
late,2,0.013,2
eksportir,2,0.013,2
israel,2,0.013,1
sekutu-sekutu,2,0.013,1
dna,2,0.013,2
boksit,2,0.013,2
rare,2,0.013,2
karyawan,2,0.013,1
rangkum,2,0.013,2
hilerisasi,2,0.013,2
diarahkan,2,0.013,2
merubah,2,0.013,2
bri,2,0.013,2
pos,2,0.013,2
jaringannya,2,0.013,2
mencakup,2,0.013,2
terserap,2,0.013,2
terbeli,2,0.013,2
timun,2,0.013,2
lele,2,0.013,2
never,2,0.013,1
itself,2,0.013,1
siapun,2,0.013,2
prudent,2,0.013,2
santianti,2,0.013,2
budha,2,0.013,2
purna,2,0.013,2
kal,2,0.013,2
suryoh,2,0.013,2
saiku,2,0.013,2
kesibukan,2,0.013,2
mar,2,0.013,2
james,2,0.013,2
demokratik,2,0.013,1
timor,2,0.013,2
wak,2,0.013,2
zubair,2,0.013,2
yasar,2,0.013,2
ind,2,0.013,2
mi,2,0.013,2
yangul,2,0.013,1
mid,2,0.013,2
terpenting,2,0.013,2
raga,2,0.013,2
lautan,2,0.013,2
cendekiawan,2,0.013,2
piawe,2,0.013,2
burung,2,0.013,2
kepalanya,2,0.013,2
mencanangkan,2,0.013,2
memproduksi,2,0.013,2
memikir,2,0.013,2
bada,2,0.013,2
keluarga-keluarga,2,0.013,2
sejati,2,0.013,2
pepatah,2,0.013,2
eslon,2,0.013,2
terpanggil,2,0.013,2
berkepanjangan,2,0.013,2
ing,2,0.013,2
sendi,2,0.013,2
tan,2,0.013,2
kekerasan,2,0.013,2
kerjaasama,2,0.013,2
diucapkan,2,0.013,2
mengalahkan,2,0.013,2
ajakan,2,0.013,2
aparthid,2,0.013,1
inlander,2,0.013,1
forboden,2,0.013,1
prasasti,2,0.013,2
kolam,2,0.013,2
renang,2,0.013,2
rafa,2,0.013,1
perawat-perawat,2,0.013,2
penjara,2,0.013,2
toleran,2,0.013,2
kenegarawanan,2,0.013,2
krisis-krisis,2,0.013,2
landasan,2,0.013,2
ne,2,0.013,2
berdirinya,2,0.013,2
membimbing,2,0.013,2
ditetapkan,2,0.013,2
pns,2,0.013,2
nonasn,2,0.013,1
rp2,2,0.013,2
bersertifikat,2,0.013,1
pendidik,2,0.013,2
dibanding,2,0.013,2
kualifikasi,2,0.013,2
bertahap,2,0.013,2
jenjang,2,0.013,2
cash,2,0.013,1
alamat,2,0.013,2
setempat,2,0.013,2
berlimpah-limpah,2,0.013,2
angka-angkanya,2,0.013,2
ketabahan,2,0.013,2
ditertawakan,2,0.013,2
wc,2,0.013,2
batin,2,0.013,2
ki,2,0.013,2
dekan,2,0.013,2
purwokerto,2,0.013,2
perlukan,2,0.013,2
aisiah,2,0.013,2
din,2,0.013,1
kut,2,0.013,2
hanif,2,0.013,2
terakhirnya,2,0.013,2
diganti-ganti,2,0.013,2
milad,2,0.013,1
ke-112,2,0.013,1
dituduh,2,0.013,2
nama-nama,2,0.013,2
bisik,2,0.013,1
budiman,2,0.013,2
sujat,2,0.013,2
miko,2,0.013,2
yogyakarta,2,0.013,2
sponsor,2,0.013,1
pr,2,0.013,2
klinik,2,0.013,2
madrid,2,0.013,1
dirubah,2,0.013,2
ucapan-ucapan,2,0.013,2
ungkapan,2,0.013,2
panutan,2,0.013,1
bisakah,2,0.013,1
ke-1,2,0.013,1
imperium,2,0.013,1
kekaisaran,2,0.013,2
multietnis,2,0.013,2
pelajarannya,2,0.013,1
diperes,2,0.013,2
seu,2,0.013,2
kakinya,2,0.013,2
nyontek,2,0.013,2
hoa,2,0.013,2
algoritme,2,0.013,1
tranggono,2,0.013,2
ancam,2,0.013,1
polkam,2,0.013,2
wakilnya,2,0.013,1
fight,2,0.013,1
15t,2,0.013,1
puasa,2,0.013,2
berbaktilah,2,0.013,2
buda,2,0.013,2
persiapan,2,0.013,2
resepsi,2,0.013,1
pemuda-pemudi,2,0.013,1
ibadahnya,2,0.013,1
muslim-muslim,2,0.013,1
bertanya-tanya,2,0.013,1
daud,2,0.013,2
lutfi,2,0.013,2
mahasiswi,2,0.013,1
kairo,2,0.013,1
shihab,2,0.013,1
bisri,2,0.013,2
alwi,2,0.013,2
dibangunnya,2,0.013,2
nonblock,2,0.013,2
nonalign,2,0.013,2
hendak,2,0.013,2
mahasiswa-mahasiswi,2,0.013,1
jiwanya,2,0.013,2
gereja-gereja,2,0.013,2
memerintahkan,2,0.013,2
pengikut,2,0.013,2
bangladesh,2,0.013,2
memalukan,2,0.013,2
ketersediaan,2,0.013,2
memprihatinkan,2,0.013,2
sekeras,2,0.013,2
meragukan,2,0.013,2
fur,2,0.013,1
diam-diam,2,0.013,2
ketahuan,2,0.013,2
kewajibanmu,2,0.013,1
ungkit-ungkit,2,0.013,2
aparat-aparat,2,0.013,2
raih,2,0.013,2
tabah,2,0.013,2
mon,2,0.013,1
tanu,2,0.013,2
pegunungan,2,0.013,2
saudara-saudaramu,2,0.013,2
putranya,2,0.013,2
sabarlah,2,0.013,2
realistis,2,0.013,2
g,2,0.013,2
secepatnya,2,0.013,2
rawat,2,0.013,2
bertobatlah,2,0.013,1
berlibur,2,0.013,1
emak-emaknya,2,0.013,2
emak,2,0.013,2
kofifa,2,0.013,1
pilpres,2,0.013,2
dikuyu-kuyu,2,0.013,2
dijelek-jelekin,2,0.013,2
lucu,2,0.013,2
tok,2,0.013,1
hafal,2,0.013,2
cawe-cawe,2,0.013,1
coba-coba,2,0.013,2
berubah-rubah,2,0.013,2
putra-putra,2,0.013,2
rois,2,0.013,2
mengandung,2,0.013,2
menjajah,2,0.013,2
anggotamu,2,0.013,2
nangkap,2,0.013,1
mengentaskan,2,0.013,1
panggilan,2,0.013,2
ke-elan,2,0.013,2
pengamat-pengamat,2,0.013,2
kembaliin,2,0.013,1
malu-malu,2,0.013,2
dibohongi,2,0.013,2
dihentikan,2,0.013,2
dibersihkan,2,0.013,2
dicari-cari,2,0.013,2
apaagi,2,0.013,2
pramuka,2,0.013,1
kehabisan,2,0.013,2
tersentuh,2,0.013,2
perjuangannya,2,0.013,2
berkampanye,2,0.013,2
deli,2,0.013,2
kakek-kakek,2,0.013,2
prajurit-prajurit,2,0.013,2
membagi,2,0.013,2
kemajuan-kemajuan,2,0.013,2
asasi,2,0.013,2
pengagum,2,0.013,2
mustafa,2,0.013,1
mehmed,2,0.013,1
penakluk,2,0.013,1
didengar,2,0.013,2
berhadapan,2,0.013,2
syaida,2,0.013,2
eli,2,0.013,2
rosita,2,0.013,2
silaban,2,0.013,2
su,2,0.013,2
kadir,2,0.013,2
karding,2,0.013,2
sak,2,0.013,2
atase,2,0.013,2
kerasnya,2,0.013,2
semurah-murahnya,2,0.013,2
tipu-tipu,2,0.013,1
kepanasan,2,0.013,1
nasihat,2,0.013,2
ruu,2,0.013,2
bereskan,2,0.013,2
melebihi,2,0.013,2
usulkan,2,0.013,2
anakmu,2,0.013,2
istrimu,2,0.013,2
progresif,2,0.013,1
pajaknya,2,0.013,1
honoris,2,0.013,2
pengarah,2,0.013,2
mewakilinya,2,0.013,2
dirumuskan,2,0.013,2
agama-agama,2,0.013,2
berkat,2,0.013,2
gelombang,2,0.013,2
luhur,2,0.013,2
perundang-undangan,2,0.013,2
mengadu,2,0.013,2
versi,2,0.013,2
seluruhnya,2,0.013,2
menertibkan,2,0.013,2
jayalah,2,0.013,2
madia,2,0.013,2
armed,2,0.013,1
forces,2,0.013,1
chief,2,0.013,2
guests,2,0.013,1
dijamin,2,0.013,2
dirampas,2,0.013,1
kemerdekaannya,2,0.013,2
declares,2,0.013,1
love,2,0.013,2
independence,2,0.013,1
more,2,0.013,1
taught,2,0.013,1
does,2,0.013,2
invest,2,0.013,2
experience,2,0.013,1
stolen,2,0.013,1
diduduki,2,0.013,1
perkapita,2,0.013,1
external,2,0.013,1
that's,2,0.013,1
foreign,2,0.013,1
even,2,0.013,1
force,2,0.013,2
lot,2,0.013,1
friends,2,0.013,1
relations,2,0.013,1
interests,2,0.013,2
other,2,0.013,1
also,2,0.013,2
together,2,0.013,1
without,2,0.013,1
small,2,0.013,1
family,2,0.013,2
still,2,0.013,2
education,2,0.013,2
must,2,0.013,1
soon,2,0.013,2
experienced,2,0.013,1
now,2,0.013,2
hope,2,0.013,2
poor,2,0.013,2
hungry,2,0.013,2
nuriah,2,0.013,2
ma'ruf,2,0.013,2
rifai,2,0.013,2
kebesaran,2,0.013,2
ambang,2,0.013,2
tombak,2,0.013,1
dirusak,2,0.013,2
menindas,2,0.013,2
keterlibatan,2,0.013,2
mengecewakan,2,0.013,2
kejayaan,2,0.013,2
aulia,2,0.013,2
ayahanda,2,0.013,2
berdarah-darah,2,0.013,1
dpc,2,0.013,2
hutangnya,2,0.013,2
senyumnya,2,0.013,2
berpolitik,2,0.013,2
formal,2,0.013,2
dorongan,2,0.013,1
herman,2,0.013,1
rido,2,0.013,2
umumnya,2,0.013,2
angela,2,0.013,2
gelora,2,0.013,2
diwakilkan,2,0.013,2
pan,2,0.013,2
mencari-cari,2,0.013,1
antoni,2,0.013,2
teku,2,0.013,2
rifki,2,0.013,2
harsyah,2,0.013,2
wihaji,2,0.013,2
pengendalian,2,0.013,2
oka,2,0.013,2
logo,2,0.013,1
jihad,2,0.013,2
sa,2,0.013,2
ricky,2,0.013,2
natali,2,0.013,2
kebiasaan,2,0.013,2
isi,2,0.013,2
mantan-mantan,2,0.013,2
perpustakaan,2,0.013,2
saksinya,2,0.013,2
konservasi,2,0.013,1
pencipta,2,0.013,2
hti,2,0.013,1
konsesi,2,0.013,1
diserahkan,2,0.013,2
rp20,2,0.013,2
sampailah,2,0.013,2
nyampikan,2,0.013,2
slide-nya,2,0.013,2
terancam,2,0.013,2
taman,2,0.013,2
pantes,2,0.013,2
akalnya,2,0.013,1
organisasi-organisasi,2,0.013,2
kursi,2,0.013,2
dikomentari,2,0.013,1
kongsi,2,0.013,2
ujaran,2,0.013,1
minat,2,0.013,2
candra,2,0.013,2
penerangan,2,0.013,1
kehangatan,2,0.013,1
berpendirian,2,0.013,2
dahana,2,0.013,2
lembah,2,0.013,2
diinjek,2,0.013,1
omon-omon,2,0.013,2
pelindung,2,0.013,2
pendekar,2,0.013,2
90-an,2,0.013,2
pandai-pandai,2,0.013,2
kabur,2,0.013,1
emang,2,0.013,2
biayai,2,0.013,2
nomik,2,0.013,2
afrika,2,0.013,1
barisnya,2,0.013,1
inti-intinya,2,0.013,2
produksinya,2,0.013,2
dinaikin,2,0.013,2
ilmiah,2,0.013,2
pelatihan,2,0.013,2
kepolusian,2,0.013,2
merelakan,2,0.013,1
baktimu,2,0.013,1
dipecah,2,0.013,2
diperlakukan,2,0.013,2
bangsamu,2,0.013,2
ingkar,2,0.013,2
menggembleng,2,0.013,2
putrinya,2,0.013,2
cipta,2,0.013,2
dirgantara,2,0.013,1
kandidat,2,0.013,2
peneliti,2,0.013,2
setingkat,2,0.013,2
gunadi,2,0.013,2
sadikin,2,0.013,2
yasierli,2,0.013,2
laksana,2,0.013,2
pasarbu,2,0.013,2
aloisius,2,0.013,2
dian,2,0.013,2
setiawan,2,0.013,2
tingginya,2,0.013,2
nagasaki,2,0.013,2
hiroshima,2,0.013,2
selfie,2,0.013,2
bambango,2,0.013,2
hamsah,2,0.013,2
bakti,2,0.013,2
harmurti,2,0.013,2
muzamil,2,0.013,2
brunei,2,0.013,2
parliament,2,0.013,1
mr,2,0.013,2
mendeklarasikan,2,0.013,2
berperang,2,0.013,1
diplomasi,2,0.013,2
dasasar,2,0.013,2
kasus,2,0.013,2
kolaps,2,0.013,2
konektivitas,2,0.013,2
sentra-sentra,2,0.013,2
berupaya,2,0.013,1
tercantum,2,0.013,2
melimpah,2,0.013,2
ruah,2,0.013,2
peralihan,2,0.013,1
did,2,0.013,1
menjatuhkan,2,0.013,2
menahan,2,0.013,1
penyakit-penyakit,2,0.013,2
pemberatasan,2,0.013,1
diperintah,2,0.013,2
berkewajiban,2,0.013,1
populer,2,0.013,2
tertuang,2,0.013,2
kelangkaan,2,0.013,1
nomex,2,0.013,2
berminggu-minggu,2,0.013,2
langka,2,0.013,2
konglomerasi,2,0.013,2
penggilingan,2,0.013,1
fair,2,0.013,2
dominasi,2,0.013,2
diselenggarakan,2,0.013,2
huni,2,0.013,2
tarif,2,0.013,1
menyusui,2,0.013,2
lupa-lupa,2,0.013,2
terlaksananya,2,0.013,2
ormas-ormas,2,0.013,2
bergotong-royong,2,0.013,2
pemenuhan,2,0.013,1
walau,2,0.013,2
peternak,2,0.013,2
pangannya,2,0.013,2
penyaluran,2,0.013,2
stok,2,0.013,2
mengekspor,2,0.013,2
stabil,2,0.013,2
gila-gilaan,2,0.013,2
kewenangan,2,0.013,2
menyimpan,2,0.013,1
gejolak,2,0.013,2
denda,2,0.013,2
konstitusional,2,0.013,1
sita,2,0.013,1
cermat,2,0.013,2
pindah,2,0.013,2
holistik,2,0.013,2
dtsen,2,0.013,1
diperuntukkan,2,0.013,2
rencananya,2,0.013,2
mencetak,2,0.013,2
subspesialis,2,0.013,2
kuota,2,0.013,2
bris,2,0.013,2
comprehensive,2,0.013,2
partnership,2,0.013,2
free,2,0.013,2
berunding,2,0.013,2
hercules,2,0.013,2
bantuan-bantuan,2,0.013,2
peningkatannya,2,0.013,2
membongkar,2,0.013,2
verifikasi,2,0.013,1
melaksanakannya,2,0.013,2
pasukan-pasukan,2,0.013,2
tim-tim,2,0.013,2
anggota-anggota,2,0.013,2
cepat-cepat,2,0.013,2
justice,2,0.013,1
legalkan,2,0.013,1
brigade,2,0.013,1
gerak,2,0.013,1
batalion,2,0.013,1
sejalan,2,0.013,2
semesta,2,0.013,2
aligned,2,0.013,2
penjajah,2,0.013,2
seenak,2,0.013,1
yen,2,0.013,2
pilar,2,0.013,2
pemahaman,2,0.013,2
menetapkan,2,0.013,1
penyusunan,2,0.013,2
terarah,2,0.013,2
integritasnya,2,0.013,2
akuntabilitas,2,0.013,2
status,2,0.013,2
pengecualian,2,0.013,2
penyelamatan,2,0.013,2
pertengahan,2,0.013,2
judisial,2,0.013,2
etik,2,0.013,2
berkontribusi,2,0.013,2
usahanya,2,0.013,2
stakeholder,2,0.013,2
pemain,2,0.013,2
pabrik-pabrik,2,0.013,2
bergotongroyong,2,0.013,2
kedelapan,2,0.013,2
pencabutan,2,0.013,1
moratorium,2,0.013,1
fraksi,2,0.013,2
political,2,0.013,2
penjarahan,2,0.013,1
individu,2,0.013,2
tindaklanjuti,2,0.013,1
aspirasinya,2,0.013,2
ahy,2,0.013,2
disingkat,2,0.013,2
tondo-tondo,2,0.013,2
prasetio,2,0.013,2
diajukan,2,0.013,2
lenan,2,0.013,2
ormas,2,0.013,2
bayangan,2,0.013,2
diutarakan,2,0.013,2
pahami,2,0.013,1
negatif,2,0.013,2
duitnya,2,0.013,2
diselundupkan,2,0.013,2
merisaukan,2,0.013,2
merekrut,2,0.013,2
pasir,2,0.013,2
ditutup,2,0.013,2
menjanjikan,2,0.013,2
menyinggung,2,0.013,2
kemampuran,2,0.013,2
berasil,2,0.013,2
manfaatnya,2,0.013,2
velocity,2,0.013,2
money,2,0.013,2
paksakan,2,0.013,1
nyelamatkan,2,0.013,1
dihasut,2,0.013,2
dibakar,2,0.013,1
ratas,2,0.013,1
pupuknya,2,0.013,1
hapus,2,0.013,2
petaninya,2,0.013,2
datang-datang,2,0.013,2
hypermarket,2,0.013,1
likuiditas,2,0.013,2
biak,2,0.013,2
d,2,0.013,2
tentukan,2,0.013,2
pintas,2,0.013,2
pukul-pukul,2,0.013,1
syukuri,2,0.013,2
kumpulin,2,0.013,1
birokrat-birokrat,2,0.013,2
barisan,2,0.013,2
dilupa,2,0.013,2
ratifikasi,2,0.013,2
penelitian,2,0.013,2
perjanjian,2,0.013,2
kemitraan,2,0.013,2
kop,2,0.013,1
inisiatif-inisiatif,2,0.013,1
berakhlak,2,0.013,1
memperhatikan,2,0.013,2
lahadia,2,0.013,2
perindustrian,2,0.013,2
sasmita,2,0.013,2
sikit,2,0.013,2
prabowonya,2,0.013,2
park,2,0.013,1
cilegon,2,0.013,1
esensinya,2,0.013,2
melatih,2,0.013,1
judo,2,0.013,2
lebaran,2,0.013,2
rumusnya,2,0.013,1
jasanya,2,0.013,2
asetnya,2,0.013,2
dikendalikan,2,0.013,2
hopeng,2,0.013,2
didasarkan,2,0.013,2
rule,2,0.013,2
kotanya,2,0.013,2
pas,2,0.013,2
bismillah,2,0.013,2
selagi,2,0.013,2
tanda-tanda,2,0.013,1
kondisi-kondisi,2,0.013,2
dini,2,0.013,2
kehati-hatian,2,0.013,2
pro,2,0.013,2
presentasi,2,0.013,1
dipaparkan,2,0.013,2
impian,2,0.013,2
keseringan,2,0.013,2
dihambat,2,0.013,2
tersiksa,2,0.013,2
penyeberangan,2,0.013,2
sah,2,0.013,2
darurat,2,0.013,2
kompi,2,0.013,2
kompi-kompi,2,0.013,2
klip,2,0.013,2
right,2,0.013,2
track,2,0.013,2
rekonsiliasi,2,0.013,2
dikenalkan,2,0.013,1
ajaalah,2,0.013,2
diringankan,2,0.013,2
pemanasan,2,0.013,2
hutan-hutan,2,0.013,1
sungai-sungai,2,0.013,2
keseluruhan,2,0.013,2
melipat,2,0.013,2
gandakan,2,0.013,2
ditegur,2,0.013,2
jagoan,2,0.013,2
diberhentikan,2,0.013,2
layar-layar,2,0.013,1
studio,2,0.013,2
datangkan,2,0.013,2
bermain,2,0.013,1
pip,2,0.013,1
r50,2,0.013,2
ngotot,2,0.013,2
mempermainkan,2,0.013,2
mark,2,0.013,2
elit-elit,2,0.013,2
doamu,2,0.013,1
thhir,2,0.013,2
atletik,2,0.013,2
simanjutak,2,0.013,2
nurdin,2,0.013,2
perkenalkan,2,0.013,2
perbakin,2,0.013,2
cabur,2,0.013,1
keanehan,2,0.013,2
sapta,2,0.013,2
oktohari,2,0.013,2
official,2,0.013,2
badai,2,0.013,2
gag,2,0.013,2
sepenuh,2,0.013,2
konsentrasi,2,0.013,2
menembak,2,0.013,2
harum,2,0.013,2
semangatmu,2,0.013,2
prestasimu,2,0.013,2
perjuanganmu,2,0.013,2
tertuju,2,0.013,2
lindungan,2,0.013,2
ilahi,2,0.013,2
membingungkan,2,0.013,1
sembarangan,2,0.013,2
ngejek,2,0.013,2
cerita-cerita,2,0.013,2
those,2,0.013,1
trespass,2,0.013,1
against,2,0.013,1
ketidakbaikan,2,0.013,2
analisa,2,0.013,1
ajarannya,2,0.013,2
pembunuhan,2,0.013,2
kancingnya,2,0.013,1
cerewet,2,0.013,2
batas,2,0.013,2
umurmu,2,0.013,2
apbn-nya,2,0.013,1
rockefeller,2,0.013,2
mapan,2,0.013,2
antusias,2,0.013,2
istiqlal,2,0.013,1
arsiteknya,2,0.013,1
membina,2,0.013,2
orkestra,2,0.013,2
heli,2,0.013,2
protestan,2,0.013,1
stefanus,2,0.013,1
mengasihi,2,0.013,2
saksikan,2,0.013,2
sayangi,2,0.013,2
menulis,2,0.013,1
mik,2,0.013,1
bahu,2,0.013,2
berkata,2,0.013,2
emmanuel,2,0.013,2
ulu,2,0.013,2
natuna,2,0.013,2
egi,2,0.013,2
jayabaya,2,0.013,2
rembang,2,0.013,2
harno,2,0.013,2
sragen,2,0.013,2
saiful,2,0.013,2
pangka,2,0.013,2
eva,2,0.013,2
dwiana,2,0.013,2
cirebon,2,0.013,2
effendi,2,0.013,2
vinanda,2,0.013,2
prameswati,2,0.013,2
blitar,2,0.013,2
muhibin,2,0.013,2
pasuruan,2,0.013,2
apatur,2,0.013,2
rini,2,0.013,2
widiantini,2,0.013,2
arifah,2,0.013,2
lc,2,0.013,2
widya,2,0.013,2
atech,2,0.013,2
aziz,2,0.013,2
benyamin,2,0.013,2
paulus,2,0.013,2
dermawan,2,0.013,2
sek,2,0.013,1
dikit,2,0.013,2
kajati,2,0.013,2
pangkalan,2,0.013,1
lanut,2,0.013,2
kajari,2,0.013,2
rasialis,2,0.013,1
pribumi,2,0.013,2
situs-situs,2,0.013,1
rri,2,0.013,2
menyumbang,2,0.013,2
dihantem,2,0.013,2
terjadinya,2,0.013,1
align,2,0.013,2
wisata,2,0.013,2
bus,2,0.013,2
pisang,2,0.013,1
inggrisnya,2,0.013,2
istilah-istilah,2,0.013,2
moril,2,0.013,2
gugah,2,0.013,1
kakek,2,0.013,1
buyut,2,0.013,1
gubernurnya,2,0.013,1
habis-habisan,2,0.013,2
gerra,2,0.013,1
mahattir,2,0.013,1
high,2,0.013,2
income,2,0.013,2
misi,2,0.013,2
cita,2,0.013,2
sebada,2,0.013,2
alternatif,2,0.013,2
miracle,2,0.013,1
crop,2,0.013,1
suplly,2,0.013,2
cpo,2,0.013,2
strategic,2,0.013,2
derivatif,2,0.013,2
jelanta,2,0.013,1
jelantah,2,0.013,2
rombongan,2,0.013,2
lipat,2,0.013,2
ganda,2,0.013,2
investasinya,2,0.013,2
health,2,0.013,2
mencelakakan,2,0.013,1
terpecah-pecah,2,0.013,2
terjual,2,0.013,2
interactive,2,0.013,1
biologi,2,0.013,2
nerima,2,0.013,2
berasrama,2,0.013,2
gt,2,0.013,1
sekelumit,2,0.013,2
minta-minta,2,0.013,2
smelter,2,0.013,2
olio,2,0.013,1
food,2,0.013,2
baja,2,0.013,2
kilang,2,0.013,1
alumina,2,0.013,2
waste,2,0.013,2
berfungsi,2,0.013,2
totalnya,2,0.013,2
gap,2,0.013,2
basa-basi,2,0.013,2
rem,2,0.013,2
kor,2,0.013,1
korve,2,0.013,1
plastik,2,0.013,2
klkl,2,0.013,2
arahkan,2,0.013,2
alat-alat,2,0.013,2
bakunya,2,0.013,2
isasi,2,0.013,1
rumbia,2,0.013,1
ijuk,2,0.013,2
degenerasi,2,0.013,1
banjarmasin,2,0.013,2
iklan,2,0.013,1
distrik,2,0.013,2
sliwan,2,0.013,1
nyatakan,2,0.013,2
menampilkan,2,0.013,2
festival,2,0.013,1
batam,2,0.013,2
manado,2,0.013,2
halal,2,0.013,2
habib,2,0.013,1
syihab,2,0.013,1
dai,2,0.013,2
zian,2,0.013,1
nuzul,2,0.013,1
ganjil,2,0.013,1
penugasan,2,0.013,2
dirawat,2,0.013,2
ditunjuk,2,0.013,1
ikhtiar,2,0.013,1
membawanya,2,0.013,2
bersedia,2,0.013,2
nuzulul,2,0.013,1
kompleks,2,0.013,2
yakni,2,0.013,2
mengupas,2,0.013,2
diterjemahkan,2,0.013,2
pengingat,2,0.013,2
magrib,2,0.013,1
lantai,2,0.013,2
heeh,2,0.013,2
ngelola,2,0.013,1
peraturan-peraturan,2,0.013,2
diaudit,2,0.013,1
mengapa,2,0.013,2
sasada,2,0.013,2
geotermal,2,0.013,2
terbarukan,2,0.013,2
manajemennya,2,0.013,2
berperanggapan,2,0.013,2
mukhtarudin,2,0.013,2
dudung,2,0.013,2
juri,2,0.013,2
ardiantoro,2,0.013,2
partainya,2,0.013,2
daftarnya,2,0.013,2
bersumpah,2,0.013,2
keringatnya,2,0.013,2
dirampok,2,0.013,2
instruksi,2,0.013,1
pemutusan,2,0.013,2
disetor,2,0.013,2
organization,2,0.013,2
awak,2,0.013,2
asuransi,2,0.013,2
menaikkan,2,0.013,2
melunasi,2,0.013,2
diskon,2,0.013,2
kematian,2,0.013,2
hendro,2,0.013,2
rudi,2,0.013,2
nusran,2,0.013,2
iftitah,2,0.013,2
oskaria,2,0.013,2
marzuki,2,0.013,2
raffi,2,0.013,2
pelaksana,2,0.013,1
nama-namanya,2,0.013,2
administratif,2,0.013,1
kak,2,0.013,2
show,2,0.013,2
dimakan,2,0.013,2
meyakinkan,2,0.013,2
menunduk,2,0.013,2
ditakuti,2,0.013,1
salut,2,0.013,2
gaji-gaji,2,0.013,2
disogok,2,0.013,2
pengadilan-pengadilan,2,0.013,2
panitra,2,0.013,2
pesankan,2,0.013,1
putusan-putusanmu,2,0.013,1
puskasmas,2,0.013,2
upaya-upaya,2,0.013,2
benih-benih,2,0.013,2
pnm,2,0.013,2
persulit,2,0.013,1
dipercepat,2,0.013,2
deregulasi,2,0.013,2
tipis,2,0.013,2
hediati,2,0.013,2
haryadi,2,0.013,2
perangkat,2,0.013,2
haris,2,0.013,1
indra,2,0.013,2
brawijaya,2,0.013,2
irjen,2,0.013,2
gresik,2,0.013,2
jumadi,2,0.013,2
probolinggo,2,0.013,1
sidoarjo,2,0.013,2
yuda,2,0.013,1
sekda,2,0.013,1
ngawi,2,0.013,2
widianto,2,0.013,2
barangnya,2,0.013,2
buru-buru,2,0.013,2
dimulainya,2,0.013,2
operasionalkan,2,0.013,2
soft,2,0.013,2
dihujat,2,0.013,2
korting,2,0.013,1
mengiklankan,2,0.013,1
harga-harga,2,0.013,2
norway,2,0.013,1
rp45,2,0.013,1
seminggu,2,0.013,2
topang,2,0.013,1
dikehendaki,2,0.013,2
tabung-tabung,2,0.013,2
penyalur,2,0.013,1
diketemukan,2,0.013,2
keras-keras,2,0.013,2
didesain,2,0.013,2
teamwork,2,0.013,2
kawin,2,0.013,2
anin,2,0.013,1
dijumlahin,2,0.013,2
go,2,0.013,1
mematikan,2,0.013,2
sirene,2,0.013,2
benua,2,0.013,2
sependapat,2,0.013,1
prinsip-prinsip,2,0.013,2
dipegang,2,0.013,2
seimbang,2,0.013,1
isu-isu,2,0.013,2
union,2,0.013,2
business,2,0.013,2
multipolar,2,0.013,1
mersi,2,0.013,1
kelahiran,2,0.013,2
pencapaian,2,0.013,2
inspirasi,2,0.013,2
bermasyarakat,2,0.013,2
karakter,2,0.013,2
diistirahatkan,2,0.013,2
usaha-usaha,2,0.013,2
falsafah,2,0.013,1
kosong,2,0.013,2
terpecah,2,0.013,2
komoditas-komunitas,2,0.013,2
tembaga,2,0.013,2
swasembah,2,0.013,2
penonton,2,0.013,2
diberdayakan,2,0.013,2
memperlemah,2,0.013,2
yaumiddin,2,0.013,2
menjadikan,2,0.013,2
fattah,2,0.013,2
dunya,2,0.013,2
maal,2,0.013,2
walhamdulillahiabbil,2,0.013,2
mimbar,2,0.013,2
pat,2,0.013,2
untukmu,2,0.013,1
ay,2,0.013,2
pendukung,2,0.013,2
payong,2,0.013,1
menerjang,2,0.013,1
mengusir,2,0.013,2
agustina,2,0.013,2
normal,2,0.013,1
temukan,2,0.013,2
tony,2,0.013,1
penyelidikan,2,0.013,1
mempengaruhi,2,0.013,2
berpihaklah,2,0.013,2
kejanggalan-kejanggalan,2,0.013,2
affirmative,2,0.013,2
produknya,2,0.013,2
pedesaan,2,0.013,2
sppi,2,0.013,1
oknum-oknum,2,0.013,2
baris,2,0.013,1
mendikdas,2,0.013,2
kepala-kepala,2,0.013,2
ceplok,2,0.013,2
rebus,2,0.013,2
yusof,2,0.013,1
adik,2,0.013,2
rahmad,2,0.013,2
hi,2,0.013,1
mbah,2,0.013,2
mbahnya,2,0.013,1
dipasang,2,0.013,2
bukunya,2,0.013,2
capitalism,2,0.013,1
society,2,0.013,1
gone,2,0.013,1
characteristic,2,0.013,1
economy,2,0.013,1
self,2,0.013,1
kalimat,2,0.013,2
sustain,2,0.013,1
dipertahankan,2,0.013,2
himi,2,0.013,1
siswono,2,0.013,1
wri,2,0.013,2
lihatlah,2,0.013,1
bahasanya,2,0.013,2
perangnya,2,0.013,2
hitungannya,2,0.013,1
service,2,0.013,2
berbulan-bulan,2,0.013,2
tantangannya,2,0.013,2
ditafsirkan,2,0.013,2
logikanya,2,0.013,2
tabunganmu,2,0.013,1
sukanya,2,0.013,2
nongol,2,0.013,1
washington,2,0.013,2
teknologinya,2,0.013,2
berkunjung,2,0.013,2
setialah,2,0.013,2
dapatkan,2,0.013,2
gunakanlah,2,0.013,1
olah,2,0.013,2
mercedes,2,0.013,1
arak,2,0.013,2
bertikai,2,0.013,2
misahkan,2,0.013,1
asik,2,0.013,1
kemauan,2,0.013,2
cit,2,0.013,1
dipukul,2,0.013,1
pemiliknya,2,0.013,1
tiba,2,0.013,1
bangsar,2,0.013,1
watul,2,0.013,1
minalakum,2,0.013,1
minal,2,0.013,1
imanku,2,0.013,2
mengancammu,2,0.013,1
binasa,2,0.013,1
alhamdulillahilladzi,2,0.013,1
ihsan,2,0.013,2
minallahi,2,0.013,1
pbn,2,0.013,2
nahdiyin,2,0.013,1
ummul,2,0.013,1
almukarram,2,0.013,1
fadil,2,0.013,2
tumma,2,0.013,1
tuwaffa,2,0.013,1
kullu,2,0.013,1
nafsim,2,0.013,1
maa,2,0.013,1
kasabat,2,0.013,1
wahum,2,0.013,1
la,2,0.013,1
almukaram,2,0.013,1
azaim,2,0.013,1
ibrahimi,2,0.013,1
ubab,2,0.013,1
kia,2,0.013,1
nahlatul,2,0.013,1
sejawa,2,0.013,1
ansar,2,0.013,2
pagar,2,0.013,2
zuriah,2,0.013,1
ashal,2,0.013,1
kerumunan,2,0.013,1
memperlihatkan,2,0.013,2
istikamah,2,0.013,1
bil,2,0.013,1
adhar,2,0.013,2
fahman,2,0.013,1
bihi,2,0.013,2
arhamar,2,0.013,1
mencoba,2,0.013,2
hadirun,2,0.013,1
jamian,2,0.013,1
nahtil,2,0.013,1
wain,2,0.013,1
jamiah,2,0.013,1
amanu,2,0.013,1
waulil,2,0.013,1
amri,2,0.013,1
kama,2,0.013,1
sayidina,2,0.013,1
kabul,2,0.013,1
mustaqim,2,0.013,1
alaihim,2,0.013,1
wadin,2,0.013,1
waana,2,0.013,1
innaka,2,0.013,1
mauna,2,0.013,1
qodir,2,0.013,1
selamatkanlah,2,0.013,1
mui,2,0.013,2
sulifli,2,0.013,2
ipul,2,0.013,2
pdl,2,0.013,1
agil,2,0.013,2
kafa,2,0.013,2
sleman,2,0.013,2
miftah,2,0.013,2
nuh,2,0.013,2
eyang,2,0.013,1
sampai-sampai,2,0.013,2
kepalan,2,0.013,1
faktor,2,0.013,1
umarah,2,0.013,2
manis-manis,2,0.013,1
terkejut,2,0.013,2
menguap,2,0.013,2
pertumbuhannya,2,0.013,2
keren,2,0.013,2
comade,2,0.013,1
mendiri,2,0.013,2
pukul,2,0.013,2
mengaku,2,0.013,2
hendrik,2,0.013,2
ida,2,0.013,2
purwagandi,2,0.013,2
marsekal,2,0.013,2
harjono,2,0.013,2
khairul,2,0.013,2
pekan,2,0.013,1
ditopang,2,0.013,2
nelayan-nelayan,2,0.013,2
masak,2,0.013,1
cintanya,2,0.013,2
mengimpor,2,0.013,2
kedelei,2,0.013,2
netes,2,0.013,2
delete,2,0.013,1
sopan-sopan,2,0.013,1
rp200,2,0.013,2
berapangan,2,0.013,2
diisi,2,0.013,2
pemerintahmu,2,0.013,2
dimarahin,2,0.013,2
sertakan,2,0.013,1
minuman,2,0.013,2
technology,2,0.013,2
equipment,2,0.013,1
airnya,2,0.013,2
hobi,2,0.013,2
audiens,2,0.013,2
alternatifnya,2,0.013,1
produktivitasnya,2,0.013,2
saintifik,2,0.013,2
mendikti,2,0.013,1
salsihan,2,0.013,1
tukar-menukar,2,0.013,1
bertek,2,0.013,1
bermusuhan,2,0.013,1
dampaknya,2,0.013,1
bolak-balik,2,0.013,1
handphone,2,0.013,1
makin,2,0.013,1
gagasan-gagasan,2,0.013,1
pemikiranem,2,0.013,1
menggeluti,2,0.013,1
tukun,2,0.013,1
mengatasinya,2,0.013,1
nias,2,0.013,1
nukleir,2,0.013,1
artificial,2,0.013,1
penemu,2,0.013,1
room,2,0.013,1
sepintas,2,0.013,1
sebagain,2,0.013,1
indust,2,0.013,1
osar,2,0.013,1
overhead-nya,2,0.013,1
bumn-bomn,2,0.013,1
baku,2,0.013,1
usul-usul,2,0.013,1
ksti,2,0.013,1
bp,2,0.013,2
permadi,2,0.013,1
tertutup,2,0.013,1
diliput,2,0.013,2
dijawab,2,0.013,2
mengharapkan,2,0.013,1
pemrosesan,2,0.013,1
ekstraktif,2,0.013,1
katoda,2,0.013,1
prekursor,2,0.013,1
bermerek,2,0.013,1
pengembangan,2,0.013,2
amar,2,0.013,2
mengapresiasi,2,0.013,2
mutu,2,0.013,2
rout,2,0.013,2
gudang-gudang,2,0.013,1
pengamat,2,0.013,2
bor,2,0.013,2
terdampak,2,0.013,2
pelihara,2,0.013,2
penyelidupan,2,0.013,2
berlindung,2,0.013,2
tajam,2,0.013,2
beranilah,2,0.013,1
profesionalisme,2,0.013,1
pembenahan,2,0.013,2
yuliot,2,0.013,2
tohir,2,0.013,2
arsyad,2,0.013,1
astra,2,0.013,1
meremehkan,2,0.013,1
berdosalah,2,0.013,1
membor,2,0.013,1
drill,2,0.013,1
penggunaan,2,0.013,2
ngerjain,2,0.013,2
suram,2,0.013,2
leading,2,0.013,1
toir,2,0.013,1
mengolah,2,0.013,2
lurus,2,0.013,2
brain,2,0.013,2
judul,2,0.013,1
b60,2,0.013,1
pangkatnya,2,0.013,2
ditunggu,2,0.013,2
nyusup,2,0.013,1
tubuhnya,2,0.013,1
kifli,2,0.013,2
forkop,2,0.013,2
jarot,2,0.013,2
lapang,2,0.013,1
topimu,2,0.013,2
komisinya,2,0.013,2
tertipu,2,0.013,1
sembunyiin,2,0.013,1
bangkitkan,2,0.013,1
hebat-hebat,2,0.013,2
austral,2,0.013,2
pakan,2,0.013,1
pimpinannya,2,0.013,2
pimpinlah,2,0.013,1
jauhi,2,0.013,1
dandim,2,0.013,2
kapolsek,2,0.013,2
manggil-manggil,2,0.013,1
dekopin,2,0.013,1
prawirawan,2,0.013,2
membahagiakan,2,0.013,2
wajah-wajah,2,0.013,2
keunggulan,2,0.013,1
memperingatkan,2,0.013,1
alatnya,2,0.013,1
sakitnya,2,0.013,2
neolip,2,0.013,1
neolit,2,0.013,2
menetes,2,0.013,1
ngalahin,2,0.013,2
lintah,2,0.013,1
restrukturisasi,2,0.013,2
toko,2,0.013,2
generik,2,0.013,2
disalurkan,2,0.013,2
berjaya,2,0.013,1
flu,2,0.013,2
harinya,2,0.013,2
umrah,2,0.013,2
pergerakan,2,0.013,1
liquified,2,0.013,1
natural,2,0.013,1
kabupaten-kabupaten,2,0.013,2
dekade,2,0.013,1
berlayar,2,0.013,2
berburu,2,0.013,2
rencana-rencana,2,0.013,2
prasarana,2,0.013,2
lokal,2,0.013,1
keberpihakan,2,0.013,2
tepatnya,2,0.013,2
mangkrak,2,0.013,2
disodorkan,2,0.013,1
kasat,2,0.013,2
evaluasi,2,0.013,1
pahit,2,0.013,2
bermaksud,2,0.013,1
masanya,2,0.013,1
pemimpinnya,2,0.013,1
ketimpangan,2,0.013,2
pemalsuan,2,0.013,1
watak,2,0.013,1
diukur,2,0.013,2
punah,2,0.013,1
jelas-jelas,2,0.013,1
dipelihara,2,0.013,1
ditakut-takuti,2,0.013,1
sustainable,2,0.013,2
water,2,0.013,1
zero,2,0.013,1
clean,2,0.013,1
disatukan,2,0.013,2
bernilai,2,0.013,2
rutin,2,0.013,2
ultimatum,2,0.013,1
penasihat-penasihat,2,0.013,1
karet,2,0.013,2
rotterdam,2,0.013,2
grafiknya,2,0.013,2
standard,2,0.013,2
snp,2,0.013,2
revenue,2,0.013,2
stable,2,0.013,2
investment,2,0.013,2
rawa,2,0.013,1
long,2,0.013,2
kekeliruan,2,0.013,1
berbondong-bondong,2,0.013,1
rp75,2,0.013,2
ukt,2,0.013,1
singkatannya,2,0.013,2
bansos,2,0.013,1
atensi,2,0.013,2
semen,2,0.013,2
rp6,2,0.013,2
r6,2,0.013,2
terbangun,2,0.013,2
debitur,2,0.013,2
menyediakan,2,0.013,2
direnovasi,2,0.013,1
terdaftar,2,0.013,2
mengakses,2,0.013,2
bulian,2,0.013,2
prioritaskan,2,0.013,2
chain,2,0.013,1
pengumpul,2,0.013,1
subdistributor,2,0.013,1
grosir,2,0.013,1
keuntungannya,2,0.013,2
sepertiga,2,0.013,2
ekonom,2,0.013,1
ketepatan,2,0.013,2
rusdi,2,0.013,2
cucun,2,0.013,2
ganteng,2,0.013,2
parti,2,0.013,1
mardiono,2,0.013,2
perindo,2,0.013,2
ijtima,2,0.013,1
menata,2,0.013,2
makai,2,0.013,2
kancil,2,0.013,1
manfaatkan,2,0.013,2
gelas,2,0.013,1
gendeng,2,0.013,1
sujud,2,0.013,1
arya,2,0.013,2
pelayan,2,0.013,2
penampilan,2,0.013,2
bekerjalah,2,0.013,1
et,2,0.013,1
sempit,2,0.013,2
menguntukkan,2,0.013,1
coklat,2,0.013,1
batang,2,0.013,1
brebes,2,0.013,1
diah,2,0.013,2
nugraha,2,0.013,2
pekalongan,2,0.013,1
hermawan,2,0.013,2
pengembang,2,0.013,1
rai,2,0.013,2
kebutuhannya,2,0.013,2
teknik-teknik,2,0.013,1
klasik,2,0.013,2
processing,2,0.013,2
gabungan,2,0.013,1
pemda,2,0.013,2
identitas,2,0.013,1
tanggap,2,0.013,2
pintu-pintu,2,0.013,1
hotel,2,0.013,2
pertahankan,2,0.013,2
paru-paru,2,0.013,1
lestari,2,0.013,2
keramahan,2,0.013,1
railway,2,0.013,1
novian,2,0.013,1
jim,2,0.013,1
kamdani,2,0.013,1
mk,2,0.013,2
imade,2,0.013,2
caretaker,2,0.013,1
dwi,2,0.013,2
tb,2,0.013,2
ruslani,2,0.013,2
failed,2,0.013,1
perlunya,2,0.013,1
jajahan,2,0.013,1
menanggulangi,2,0.013,1
regional,2,0.013,1
memaparkan,2,0.013,1
brin,2,0.013,1
verd,2,0.013,1
fd,2,0.013,1
strateginya,2,0.013,2
kambing,2,0.013,2
pisa,2,0.013,1
lolos,2,0.013,2
ibunda,2,0.013,1
mutia,2,0.013,2
ke-50,2,0.013,1
meluncurkan,2,0.013,2
nakalnya,2,0.013,1
ditempa,2,0.013,1
audit,2,0.013,2
didasari,2,0.013,2
niah,2,0.013,2
mprri,2,0.013,1
menunaikan,2,0.013,1
transformatif,2,0.013,1
konsumsi,2,0.013,2
terlambat,2,0.013,2
supremasi,2,0.013,1
tekanan,2,0.013,2
kuartal,2,0.013,1
diperoleh,2,0.013,2
produktivitas,2,0.013,2
penyimpanan,2,0.013,1
pegadaian,2,0.013,1
grounded,2,0.013,1
reaktivasi,2,0.013,1
rp326,2,0.013,1
cloning,2,0.013,1
memperbanyak,2,0.013,1
ternak,2,0.013,1
rp360,2,0.013,2
rp27,2,0.013,2
penyesuaian,2,0.013,1
angkutannya,2,0.013,1
sampainya,2,0.013,1
siaran,2,0.013,2
dinamis,2,0.013,2
rintisan,2,0.013,2
putus,2,0.013,1
pacaran,2,0.013,1
siswa-siswi,2,0.013,1
perlakuan,2,0.013,2
berkompetisi,2,0.013,2
peringkat,2,0.013,2
tercatat,2,0.013,1
pendaftaran,2,0.013,1
berusia,2,0.013,2
hariurti,2,0.013,2
keuangannya,2,0.013,1
kedua-duanya,2,0.013,1
divisa,2,0.013,1
solid,2,0.013,1
sinergis,2,0.013,1
aktivitas,2,0.013,1
rbn,2,0.013,1
rp671,2,0.013,1
pembaharuan,2,0.013,1
sendiri-sendiri,2,0.013,1
lkpp,2,0.013,1
dihimpun,2,0.013,1
merenovasi,2,0.013,1
menempuh,2,0.013,1
ambulans,2,0.013,1
lapangan-lapangan,2,0.013,1
pinggir,2,0.013,2
rsud,2,0.013,1
pasaran,2,0.013,1
bandara,2,0.013,1
penerbangan,2,0.013,1
mw,2,0.013,1
financial,2,0.013,1
finansial,2,0.013,1
arbitrase,2,0.013,1
perpajakan,2,0.013,1
dibiayai,2,0.013,1
seawall,2,0.013,1
lunak,2,0.013,2
pengeluaran,2,0.013,1
talenta-talenta,2,0.013,1
diaspora,2,0.013,1
pembelanjaan,2,0.013,1
wamen,2,0.013,1
wapang,2,0.013,1
penabuhan,2,0.013,1
beduk,2,0.013,1
afifuddin,2,0.013,2
gutfan,2,0.013,2
mahfuz,2,0.013,1
khudori,2,0.013,2
razak,2,0.013,2
masyaik,2,0.013,2
habaib,2,0.013,2
hasy,2,0.013,2
yeni,2,0.013,2
berkoalisi,2,0.013,1
ditawarin,2,0.013,1
imf,2,0.013,1
kesuksesan,2,0.013,1
posisi,2,0.013,1
ke-77,2,0.013,1
finish,2,0.013,2
seremonial,2,0.013,1
pembela,2,0.013,2
pingpong,2,0.013,1
leag,2,0.013,1
champion,2,0.013,1
eventing,2,0.013,1
jago,2,0.013,1
saudaraan,1,0.0065,1
darmadi,1,0.0065,1
nurbay,1,0.0065,1
bakaretuawbang,1,0.0065,1
maksi,1,0.0065,1
bendara,1,0.0065,1
sahroni,1,0.0065,1
mazi,1,0.0065,1
alpa,1,0.0065,1
sutioso,1,0.0065,1
setioso,1,0.0065,1
susupkan,1,0.0065,1
jenggot,1,0.0065,1
suria,1,0.0065,1
bisa-bisa,1,0.0065,1
fumancu,1,0.0065,1
almater,1,0.0065,1
almamater,1,0.0065,1
beringin,1,0.0065,1
suriapalo,1,0.0065,1
jadiupan,1,0.0065,1
putar,1,0.0065,1
rivalnya,1,0.0065,1
jadinya,1,0.0065,1
bebagi,1,0.0065,1
hegemon,1,0.0065,1
penil,1,0.0065,1
serah,1,0.0065,1
hitungan-hitungan,1,0.0065,1
per3,1,0.0065,1
bokit,1,0.0065,1
ceritak,1,0.0065,1
bok,1,0.0065,1
habis-habis,1,0.0065,1
dibkan,1,0.0065,1
berapi,1,0.0065,1
salahkan,1,0.0065,1
dibrainwash,1,0.0065,1
menjelek-jelekkan,1,0.0065,1
mengagumkan,1,0.0065,1
instin,1,0.0065,1
diaan,1,0.0065,1
mengagetkan,1,0.0065,1
who,1,0.0065,1
salah-salah,1,0.0065,1
perpisahan,1,0.0065,1
quick,1,0.0065,1
rebutan,1,0.0065,1
olimpiada,1,0.0065,1
perunggunya,1,0.0065,1
ngerasain,1,0.0065,1
apain,1,0.0065,1
kontribusi,1,0.0065,1
colaborate,1,0.0065,1
dibendung,1,0.0065,1
collaborate,1,0.0065,1
oposisi-oposisi,1,0.0065,1
oposisi,1,0.0065,1
sendirilah,1,0.0065,1
alimzi,1,0.0065,1
pesta,1,0.0065,1
dansa,1,0.0065,1
bekelai,1,0.0065,1
bekelai-bekelai,1,0.0065,1
menggunung,1,0.0065,1
berguna,1,0.0065,1
harimau,1,0.0065,1
belang,1,0.0065,1
yunani,1,0.0065,1
romawi,1,0.0065,1
misinya,1,0.0065,1
idealismenya,1,0.0065,1
menggabungkan,1,0.0065,1
idealisme,1,0.0065,1
orangorang,1,0.0065,1
visibility,1,0.0065,1
nanya,1,0.0065,1
bergembira,1,0.0065,1
nasdm,1,0.0065,1
perbaikiorsi,1,0.0065,1
mengemis-ngemis,1,0.0065,1
kakak-kakak,1,0.0065,1
nasm,1,0.0065,1
partenasdm,1,0.0065,1
restorasi,1,0.0065,1
summit,1,0.0065,1
engarasto,1,0.0065,1
lukita,1,0.0065,1
tniwiananto,1,0.0065,1
hendra,1,0.0065,1
nyoman,1,0.0065,1
sayatiet,1,0.0065,1
dimas,1,0.0065,1
atrbpn,1,0.0065,1
harimurto,1,0.0065,1
roye,1,0.0065,1
tumilar,1,0.0065,1
suet,1,0.0065,1
mendadak,1,0.0065,1
banyaknya,1,0.0065,1
dibangunin,1,0.0065,1
margonoah,1,0.0065,1
margonah,1,0.0065,1
beliauomong,1,0.0065,1
walaupunaker,1,0.0065,1
acaranya,1,0.0065,1
sudahah,1,0.0065,1
mitra-mitranya,1,0.0065,1
disebarluaskan,1,0.0065,1
konfir,1,0.0065,1
rekonfirmasi,1,0.0065,1
penjelasan,1,0.0065,1
menggaris,1,0.0065,1
menggariskan,1,0.0065,1
lelah,1,0.0065,1
span,1,0.0065,1
menamakan,1,0.0065,1
babak,1,0.0065,1
searang,1,0.0065,1
memikul,1,0.0065,1
deliver,1,0.0065,1
rms,1,0.0065,1
dittii,1,0.0065,1
peristiwa-peristiwa,1,0.0065,1
pererari,1,0.0065,1
permesa,1,0.0065,1
henti,1,0.0065,1
tercepat,1,0.0065,1
ratiya,1,0.0065,1
loncat,1,0.0065,1
kecemasan,1,0.0065,1
perang-perang,1,0.0065,1
keb,1,0.0065,1
unity,1,0.0065,1
langkahnya,1,0.0065,1
kebijakan-kebijakannya,1,0.0065,1
pendekatan-pendekatannya,1,0.0065,1
wisdom,1,0.0065,1
dibutuh,1,0.0065,1
berwiraswasta,1,0.0065,1
tanyalah,1,0.0065,1
baimana,1,0.0065,1
diangan,1,0.0065,1
koalisinya,1,0.0065,1
beritanya,1,0.0065,1
tcf,1,0.0065,1
bekas-bekas,1,0.0065,1
cadangannya,1,0.0065,1
emnya,1,0.0065,1
dibaat,1,0.0065,1
pemerataannya,1,0.0065,1
economics,1,0.0065,1
zoom,1,0.0065,1
dipantau,1,0.0065,1
sembako,1,0.0065,1
hit,1,0.0065,1
run,1,0.0065,1
pruden,1,0.0065,1
menghadapinya,1,0.0065,1
realistik,1,0.0065,1
otak-otak,1,0.0065,1
korupsinya,1,0.0065,1
focus,1,0.0065,1
too,1,0.0065,1
don't,1,0.0065,1
need,1,0.0065,1
discuss,1,0.0065,1
look,1,0.0065,1
carry,1,0.0065,1
out,1,0.0065,1
kamboia,1,0.0065,1
suasembah,1,0.0065,1
kuwait,1,0.0065,1
bahrain,1,0.0065,1
sekutu,1,0.0065,1
dibalas,1,0.0065,1
b35,1,0.0065,1
b40,1,0.0065,1
d100,1,0.0065,1
suasemada,1,0.0065,1
dicadangkan,1,0.0065,1
koper,1,0.0065,1
pesimistis,1,0.0065,1
hisasi,1,0.0065,1
lancarkan,1,0.0065,1
cobanya,1,0.0065,1
apbd,1,0.0065,1
hiilisasi,1,0.0065,1
lapisan,1,0.0065,1
mengkaji,1,0.0065,1
name,1,0.0065,1
address,1,0.0065,1
melancarkan,1,0.0065,1
swasana,1,0.0065,1
swasbada,1,0.0065,1
perdagangannya,1,0.0065,1
bisnisnya,1,0.0065,1
kemarin-kemarin,1,0.0065,1
terbagus,1,0.0065,1
mengangkatnya,1,0.0065,1
dibereli,1,0.0065,1
nilanya,1,0.0065,1
dinyinyir,1,0.0065,1
gantungkanlah,1,0.0065,1
7uh,1,0.0065,1
penginnya,1,0.0065,1
give,1,0.0065,1
surrender,1,0.0065,1
emangnya,1,0.0065,1
franklin,1,0.0065,1
dano,1,0.0065,1
rooseveld,1,0.0065,1
thing,1,0.0065,1
buwmn,1,0.0065,1
bankbank,1,0.0065,1
sen,1,0.0065,1
dipertanggungjawabkan,1,0.0065,1
kehebatan-kehebatan,1,0.0065,1
ersilakan,1,0.0065,1
rahayurahayu,1,0.0065,1
presidenuik,1,0.0065,1
iryana,1,0.0065,1
guri,1,0.0065,1
estu,1,0.0065,1
selfi,1,0.0065,1
yudono,1,0.0065,1
tne,1,0.0065,1
buiono,1,0.0065,1
muani,1,0.0065,1
perusan,1,0.0065,1
wakiletuawan,1,0.0065,1
joyo,1,0.0065,1
kusumo,1,0.0065,1
anders,1,0.0065,1
suulkifli,1,0.0065,1
simurti,1,0.0065,1
pemilian,1,0.0065,1
rashid,1,0.0065,1
baswedan,1,0.0065,1
ganjar,1,0.0065,1
prnowo,1,0.0065,1
mdai,1,0.0065,1
sangan,1,0.0065,1
kontestasi,1,0.0065,1
pemilinaan,1,0.0065,1
teristimewa,1,0.0065,1
muliak,1,0.0065,1
suan,1,0.0065,1
neg,1,0.0065,1
bruni,1,0.0065,1
paduka,1,0.0065,1
hasanal,1,0.0065,1
muinah,1,0.0065,1
ibar,1,0.0065,1
aliifinulir,1,0.0065,1
ferdinand,1,0.0065,1
maros,1,0.0065,1
jor,1,0.0065,1
ibuis,1,0.0065,1
samdek,1,0.0065,1
moha,1,0.0065,1
borfor,1,0.0065,1
tipadai,1,0.0065,1
hun,1,0.0065,1
manet,1,0.0065,1
handuksu,1,0.0065,1
seri,1,0.0065,1
ibrahim,1,0.0065,1
nugini,1,0.0065,1
marape,1,0.0065,1
serbia,1,0.0065,1
milosevic,1,0.0065,1
laence,1,0.0065,1
solomon,1,0.0065,1
jeremaya,1,0.0065,1
manele,1,0.0065,1
sanana,1,0.0065,1
meriubliku,1,0.0065,1
mul,1,0.0065,1
hanzeng,1,0.0065,1
laos,1,0.0065,1
pani,1,0.0065,1
yatoyu,1,0.0065,1
denis,1,0.0065,1
mantur,1,0.0065,1
muhamad,1,0.0065,1
silandia,1,0.0065,1
winston,1,0.0065,1
peters,1,0.0065,1
sekus,1,0.0065,1
thaand,1,0.0065,1
federal,1,0.0065,1
muliaran,1,0.0065,1
mahkota,1,0.0065,1
saudiarurusanarg,1,0.0065,1
emirate,1,0.0065,1
koeksistensi,1,0.0065,1
nahayan,1,0.0065,1
mabarak,1,0.0065,1
nahyan,1,0.0065,1
wakaf,1,0.0065,1
osama,1,0.0065,1
alazhari,1,0.0065,1
guler,1,0.0065,1
britania,1,0.0065,1
irlandia,1,0.0065,1
ly,1,0.0065,1
iden,1,0.0065,1
amika,1,0.0065,1
serik,1,0.0065,1
muliaind,1,0.0065,1
greenfi,1,0.0065,1
eld,1,0.0065,1
yordan,1,0.0065,1
lewan,1,0.0065,1
nen,1,0.0065,1
namruka,1,0.0065,1
luan,1,0.0065,1
komura,1,0.0065,1
masahik,1,0.0065,1
italia,1,0.0065,1
diemnago,1,0.0065,1
indoasifik,1,0.0065,1
ian,1,0.0065,1
aan,1,0.0065,1
franois,1,0.0065,1
corb,1,0.0065,1
honor,1,0.0065,1
coming,1,0.0065,1
way,1,0.0065,1
busy,1,0.0065,1
schedule,1,0.0065,1
moment,1,0.0065,1
constitutional,1,0.0065,1
soverety,1,0.0065,1
rakabmi,1,0.0065,1
memptahankan,1,0.0065,1
kepin,1,0.0065,1
pergolatan,1,0.0065,1
daratan,1,0.0065,1
seb,1,0.0065,1
kepahlawanan,1,0.0065,1
invasi-invasi,1,0.0065,1
paraa,1,0.0065,1
kolusi,1,0.0065,1
yangum,1,0.0065,1
menikti,1,0.0065,1
sta,1,0.0065,1
terurus,1,0.0065,1
yataan,1,0.0065,1
unta,1,0.0065,1
memasukkan,1,0.0065,1
solusi-solusi,1,0.0065,1
swasungada,1,0.0065,1
swasambada,1,0.0065,1
tanaman-tan,1,0.0065,1
sagu,1,0.0065,1
subsidi-subsidi,1,0.0065,1
butuhkan,1,0.0065,1
meneliti,1,0.0065,1
aliran-aliran,1,0.0065,1
saudara-udara,1,0.0065,1
sarso,1,0.0065,1
sing,1,0.0065,1
tlodo,1,0.0065,1
busuknya,1,0.0065,1
sebersih-bersihnya,1,0.0065,1
idam-idamkan,1,0.0065,1
cekcok,1,0.0065,1
adab,1,0.0065,1
racang,1,0.0065,1
berdemokrasi,1,0.0065,1
sila,1,0.0065,1
junjung,1,0.0065,1
demokrasiiilah,1,0.0065,1
santun,1,0.0065,1
hasutmenghasut,1,0.0065,1
kemunafikan,1,0.0065,1
leluhur,1,0.0065,1
gemah,1,0.0065,1
ripah,1,0.0065,1
jinawi,1,0.0065,1
toto,1,0.0065,1
tentrem,1,0.0065,1
kertoroharjo,1,0.0065,1
baldatun,1,0.0065,1
tojibatun,1,0.0065,1
warobun,1,0.0065,1
goofur,1,0.0065,1
sandang,1,0.0065,1
papan,1,0.0065,1
seizin,1,0.0065,1
kerabat,1,0.0065,1
saudara-saudaraus,1,0.0065,1
kebuduhan,1,0.0065,1
bet,1,0.0065,1
ciri-ciri,1,0.0065,1
fakta-akta,1,0.0065,1
manun,1,0.0065,1
jal,1,0.0065,1
cadangkan,1,0.0065,1
rasialisme,1,0.0065,1
digolongkan,1,0.0065,1
prasastias,1,0.0065,1
marmer,1,0.0065,1
papan-papan,1,0.0065,1
honden,1,0.0065,1
manggerai,1,0.0065,1
hondon,1,0.0065,1
solider,1,0.0065,1
gaz,1,0.0065,1
evakuasi,1,0.0065,1
luka,1,0.0065,1
trauma,1,0.0065,1
sakit-rumah,1,0.0065,1
pembebas,1,0.0065,1
kapitanur,1,0.0065,1
suanin,1,0.0065,1
semuahan,1,0.0065,1
proglamator,1,0.0065,1
dibuang,1,0.0065,1
crash,1,0.0065,1
bangud,1,0.0065,1
tsunami,1,0.0065,1
sumbangsih,1,0.0065,1
menakodai,1,0.0065,1
menolak,1,0.0065,1
menggangu,1,0.0065,1
siun,1,0.0065,1
namu,1,0.0065,1
irahim,1,0.0065,1
war,1,0.0065,1
velodrome,1,0.0065,1
begitu-begitu,1,0.0065,1
dicerminkan,1,0.0065,1
kitaang,1,0.0065,1
pembukaannya,1,0.0065,1
mandali,1,0.0065,1
tanggung-tanggung,1,0.0065,1
menteriangan,1,0.0065,1
berstatus,1,0.0065,1
p3k,1,0.0065,1
gurnend,1,0.0065,1
profesinya,1,0.0065,1
r81,1,0.0065,1
ppg,1,0.0065,1
berpendidikan,1,0.0065,1
penerimanya,1,0.0065,1
bermutu,1,0.0065,1
swakelola,1,0.0065,1
pekerja-pekerjanya,1,0.0065,1
disumbangkan,1,0.0065,1
yangama,1,0.0065,1
curang-mencurang,1,0.0065,1
dirjen,1,0.0065,1
atapnya,1,0.0065,1
televisi-televisi,1,0.0065,1
tunggulah,1,0.0065,1
emp,1,0.0065,1
masarakat,1,0.0065,1
mencuci,1,0.0065,1
hajar,1,0.0065,1
dewantara,1,0.0065,1
direbut,1,0.0065,1
kesempat,1,0.0065,1
pengumuman,1,0.0065,1
pencurian,1,0.0065,1
sumbangsi,1,0.0065,1
menghibur,1,0.0065,1
menyanyi,1,0.0065,1
mufidah,1,0.0065,1
salmah,1,0.0065,1
orbaniah,1,0.0065,1
aisah,1,0.0065,1
yangir,1,0.0065,1
eendi,1,0.0065,1
ppi,1,0.0065,1
syamsudin,1,0.0065,1
ngumpet,1,0.0065,1
apa-apalah,1,0.0065,1
zkifli,1,0.0065,1
kebetulankretaris,1,0.0065,1
abd,1,0.0065,1
menti,1,0.0065,1
tnirisudin,1,0.0065,1
yandri,1,0.0065,1
sus,1,0.0065,1
faisol,1,0.0065,1
nurofik,1,0.0065,1
liso,1,0.0065,1
jang,1,0.0065,1
nt,1,0.0065,1
ando,1,0.0065,1
nttudaraelena,1,0.0065,1
fajar,1,0.0065,1
rizaulhaq,1,0.0065,1
zulfikar,1,0.0065,1
pemikiman,1,0.0065,1
fakri,1,0.0065,1
dahnilzar,1,0.0065,1
anzar,1,0.0065,1
zainur,1,0.0065,1
wula,1,0.0065,1
fatmawati,1,0.0065,1
milihnya,1,0.0065,1
muhammadiyahnya,1,0.0065,1
jeffre,1,0.0065,1
giovani,1,0.0065,1
cordoba,1,0.0065,1
sesco,1,0.0065,1
otodidak,1,0.0065,1
dipermalukan,1,0.0065,1
tumbangkan,1,0.0065,1
galang,1,0.0065,1
youtube,1,0.0065,1
terkubur,1,0.0065,1
mengungsi,1,0.0065,1
poin,1,0.0065,1
harta,1,0.0065,1
pengamatan,1,0.0065,1
peluru-peluru,1,0.0065,1
mutakir,1,0.0065,1
memihak,1,0.0065,1
terseret,1,0.0065,1
peranannya,1,0.0065,1
utmaniyah,1,0.0065,1
berpusat,1,0.0065,1
istanbul,1,0.0065,1
imperiumnya,1,0.0065,1
liberal,1,0.0065,1
retribusi,1,0.0065,1
grombolan,1,0.0065,1
bajunya,1,0.0065,1
tertawakan,1,0.0065,1
har,1,0.0065,1
meriam,1,0.0065,1
psikologis,1,0.0065,1
detik,1,0.0065,1
maulah,1,0.0065,1
pakeng,1,0.0065,1
mantuk-mantuk,1,0.0065,1
algoritma,1,0.0065,1
kasino,1,0.0065,1
hitung-hitung-hitung,1,0.0065,1
rulet,1,0.0065,1
c,1,0.0065,1
membela-membela,1,0.0065,1
teruslaja,1,0.0065,1
ngolor,1,0.0065,1
menjilat,1,0.0065,1
bela-bela,1,0.0065,1
persun,1,0.0065,1
kekurang,1,0.0065,1
memfitnah,1,0.0065,1
buka-bukaan,1,0.0065,1
ngoreksi,1,0.0065,1
ngoreksinya,1,0.0065,1
bendaharanya,1,0.0065,1
terenggono,1,0.0065,1
dalangnya,1,0.0065,1
puh,1,0.0065,1
pilkada,1,0.0065,1
sikapi,1,0.0065,1
mensejahterakan,1,0.0065,1
dikte,1,0.0065,1
dipajangan,1,0.0065,1
temanya,1,0.0065,1
kongo,1,0.0065,1
green,1,0.0065,1
diiri,1,0.0065,1
mengutip,1,0.0065,1
cukuplah,1,0.0065,1
repot-repot,1,0.0065,1
sajalah,1,0.0065,1
dihotel,1,0.0065,1
perjeranan,1,0.0065,1
puasanya,1,0.0065,1
kewuangan,1,0.0065,1
kuangan,1,0.0065,1
ditelti,1,0.0065,1
tingan,1,0.0065,1
keselutan,1,0.0065,1
bertabrakan,1,0.0065,1
diseminarkan,1,0.0065,1
tipe,1,0.0065,1
carilah,1,0.0065,1
swtiastu,1,0.0065,1
kja,1,0.0065,1
pematikan,1,0.0065,1
sasand,1,0.0065,1
keetu,1,0.0065,1
mengiringi,1,0.0065,1
syair,1,0.0065,1
tarian,1,0.0065,1
alunan,1,0.0065,1
tradisional,1,0.0065,1
pandu,1,0.0065,1
leadersipnya,1,0.0065,1
grand,1,0.0065,1
addwaini,1,0.0065,1
salamah,1,0.0065,1
pengajar,1,0.0065,1
mika,1,0.0065,1
rauf,1,0.0065,1
yasir,1,0.0065,1
asimi,1,0.0065,1
perhimpunan,1,0.0065,1
zif,1,0.0065,1
alif,1,0.0065,1
alfiz,1,0.0065,1
profes,1,0.0065,1
mustofo,1,0.0065,1
gusmus,1,0.0065,1
presidenisi,1,0.0065,1
menyepakati,1,0.0065,1
mir,1,0.0065,1
jamal,1,0.0065,1
movement,1,0.0065,1
atukan,1,0.0065,1
meng,1,0.0065,1
menyampaik,1,0.0065,1
moderat,1,0.0065,1
temu,1,0.0065,1
inklusivisme,1,0.0065,1
mintoris,1,0.0065,1
vihara,1,0.0065,1
pura,1,0.0065,1
kuil,1,0.0065,1
tiru,1,0.0065,1
gusdus,1,0.0065,1
ancaman-ancaman,1,0.0065,1
pemuda-pemuda,1,0.0065,1
ibadah,1,0.0065,1
budur,1,0.0065,1
menjabatnya,1,0.0065,1
republikia,1,0.0065,1
dicontoh,1,0.0065,1
developing,1,0.0065,1
aid,1,0.0065,1
cooperation,1,0.0065,1
kerjasama,1,0.0065,1
nigeria,1,0.0065,1
8an,1,0.0065,1
bentuk-bentuk,1,0.0065,1
beralih,1,0.0065,1
alasar,1,0.0065,1
asisi,1,0.0065,1
saudar,1,0.0065,1
ragamnya,1,0.0065,1
perempat,1,0.0065,1
terpanjang,1,0.0065,1
tambak-tambak,1,0.0065,1
udang,1,0.0065,1
lobster,1,0.0065,1
eksorter,1,0.0065,1
karuniah,1,0.0065,1
tungguh,1,0.0065,1
golongkan,1,0.0065,1
otaknya,1,0.0065,1
ejek,1,0.0065,1
kembalend,1,0.0065,1
mengembalikannya,1,0.0065,1
bayarlah,1,0.0065,1
taat,1,0.0065,1
bo,1,0.0065,1
tatap,1,0.0065,1
pantaulah,1,0.0065,1
hormatiakil,1,0.0065,1
bumieraka,1,0.0065,1
jiwandono,1,0.0065,1
nasrudin,1,0.0065,1
wali,1,0.0065,1
antonius,1,0.0065,1
subant,1,0.0065,1
z,1,0.0065,1
manu,1,0.0065,1
ketut,1,0.0065,1
rani,1,0.0065,1
philip,1,0.0065,1
konghuchu,1,0.0065,1
muui,1,0.0065,1
marsudi,1,0.0065,1
suhud,1,0.0065,1
saifullah,1,0.0065,1
uskup,1,0.0065,1
suster,1,0.0065,1
berbineka,1,0.0065,1
manamana,1,0.0065,1
bersukacita,1,0.0065,1
betul-betul,1,0.0065,1
tergabung,1,0.0065,1
perurusan,1,0.0065,1
mahakuasa,1,0.0065,1
monur,1,0.0065,1
sisi-sisi,1,0.0065,1
sisih,1,0.0065,1
nyelundup,1,0.0065,1
beritikad,1,0.0065,1
buasa,1,0.0065,1
bama,1,0.0065,1
was-was,1,0.0065,1
goreng-goreng,1,0.0065,1
saudara-sudara,1,0.0065,1
bersabar,1,0.0065,1
kanilah,1,0.0065,1
membohongi,1,0.0065,1
lahannya,1,0.0065,1
pengairannya,1,0.0065,1
airi,1,0.0065,1
kortor,1,0.0065,1
digoyang,1,0.0065,1
mahuasa,1,0.0065,1
mauak,1,0.0065,1
huk,1,0.0065,1
yangowor,1,0.0065,1
sadarkan,1,0.0065,1
terlanjur,1,0.0065,1
hartamu,1,0.0065,1
pesen,1,0.0065,1
teni,1,0.0065,1
santiantiti,1,0.0065,1
maharawa,1,0.0065,1
mantap,1,0.0065,1
muslimatnya,1,0.0065,1
dijewer,1,0.0065,1
telinganya,1,0.0065,1
malu-malulah,1,0.0065,1
misah-misahkan,1,0.0065,1
peah,1,0.0065,1
memecah,1,0.0065,1
dihiraukan,1,0.0065,1
sesorang,1,0.0065,1
nguasai,1,0.0065,1
terbit,1,0.0065,1
roam,1,0.0065,1
tradisinya,1,0.0065,1
surboyo,1,0.0065,1
dijaj,1,0.0065,1
menggelorakan,1,0.0065,1
darling,1,0.0065,1
mesem,1,0.0065,1
nyinyir-nyinyir,1,0.0065,1
sedikitp,1,0.0065,1
malling,1,0.0065,1
terpaksalah,1,0.0065,1
manaa,1,0.0065,1
perkuatan,1,0.0065,1
mubazir,1,0.0065,1
keluargeri,1,0.0065,1
luuar,1,0.0065,1
prabow,1,0.0065,1
konferensi-konferensi,1,0.0065,1
tuhentaskan,1,0.0065,1
bandingnya,1,0.0065,1
grundel,1,0.0065,1
lobi-lobi,1,0.0065,1
nyerang,1,0.0065,1
iaeluyau,1,0.0065,1
monyet-monyet,1,0.0065,1
sadar-sadar,1,0.0065,1
prabuo,1,0.0065,1
dirgaahayu,1,0.0065,1
pilihlah,1,0.0065,1
mus,1,0.0065,1
numan,1,0.0065,1
kurtulmus,1,0.0065,1
terkasih,1,0.0065,1
seseorang,1,0.0065,1
ossani,1,0.0065,1
sultan-sultan,1,0.0065,1
imperialis-imperialis,1,0.0065,1
mengunjungi,1,0.0065,1
serdang,1,0.0065,1
dilatih,1,0.0065,1
kekasaran,1,0.0065,1
diceritakan,1,0.0065,1
terjalin,1,0.0065,1
berabad-abad,1,0.0065,1
diinspirasi,1,0.0065,1
ataturk,1,0.0065,1
patung,1,0.0065,1
mustfa,1,0.0065,1
atatur,1,0.0065,1
south,1,0.0065,1
turk,1,0.0065,1
burunga,1,0.0065,1
jun,1,0.0065,1
monas,1,0.0065,1
sedunia,1,0.0065,1
gani,1,0.0065,1
nenawea,1,0.0065,1
ksbsi,1,0.0065,1
anaranya,1,0.0065,1
100100-nya,1,0.0065,1
hartarto,1,0.0065,1
menkop,1,0.0065,1
pengemar,1,0.0065,1
sautannya,1,0.0065,1
liskio,1,0.0065,1
keranjang,1,0.0065,1
subyanto,1,0.0065,1
duuanya,1,0.0065,1
presid,1,0.0065,1
sabat,1,0.0065,1
sekretar,1,0.0065,1
kehadiranmu,1,0.0065,1
maling-malingnya,1,0.0065,1
korupsimu,1,0.0065,1
dikandung,1,0.0065,1
spr,1,0.0065,1
omnibus,1,0.0065,1
bur,1,0.0065,1
jumbur,1,0.0065,1
diph,1,0.0065,1
diphkan,1,0.0065,1
meloloskan,1,0.0065,1
sufia,1,0.0065,1
ru,1,0.0065,1
memuntak,1,0.0065,1
menghapus,1,0.0065,1
outsourcing,1,0.0065,1
pertemukan,1,0.0065,1
sekaya-kayanya,1,0.0065,1
tunai,1,0.0065,1
berhakuskan,1,0.0065,1
berembuk,1,0.0065,1
serak,1,0.0065,1
perampasan,1,0.0065,1
potongan,1,0.0065,1
bertahun,1,0.0065,1
pajarnya,1,0.0065,1
ngapain,1,0.0065,1
dipajak,1,0.0065,1
sikit-sikit,1,0.0065,1
dikit-dikit,1,0.0065,1
panas-panas,1,0.0065,1
bantuanmu,1,0.0065,1
terbinas,1,0.0065,1
kaosa,1,0.0065,1
repir,1,0.0065,1
ili,1,0.0065,1
kebinekaan,1,0.0065,1
memperkenankan,1,0.0065,1
dipandu,1,0.0065,1
dihadapkan,1,0.0065,1
globalisasi,1,0.0065,1
disrupsi,1,0.0065,1
segi,1,0.0065,1
jabatan-jabatan,1,0.0065,1
ditipu,1,0.0065,1
benah,1,0.0065,1
singkirkan,1,0.0065,1
berhentikan,1,0.0065,1
penyelengwengan,1,0.0065,1
lsmlsm,1,0.0065,1
bilamana,1,0.0065,1
dilemahkan,1,0.0065,1
sekehendak,1,0.0065,1
proklamator-programator,1,0.0065,1
sutresno,1,0.0065,1
yat,1,0.0065,1
laksmana,1,0.0065,1
marekal,1,0.0065,1
tn,1,0.0065,1
rizali,1,0.0065,1
distinguish,1,0.0065,1
gets,1,0.0065,1
minister,1,0.0065,1
deputy,1,0.0065,1
ministers,1,0.0065,1
commanders,1,0.0065,1
staff,1,0.0065,1
ceos,1,0.0065,1
participating,1,0.0065,1
companies,1,0.0065,1
expo,1,0.0065,1
dimaksud,1,0.0065,1
waras,1,0.0065,1
kehancuran,1,0.0065,1
pertahanannya,1,0.0065,1
budak,1,0.0065,1
perdamai,1,0.0065,1
earliest,1,0.0065,1
beginnings,1,0.0065,1
loves,1,0.0065,1
usually,1,0.0065,1
their,1,0.0065,1
away,1,0.0065,1
subjugated,1,0.0065,1
humanind,1,0.0065,1
necessity,1,0.0065,1
garent,1,0.0065,1
risch,1,0.0065,1
menceritakan,1,0.0065,1
gdb,1,0.0065,1
menduduki,1,0.0065,1
umurnya,1,0.0065,1
defensif,1,0.0065,1
defensive,1,0.0065,1
interest,1,0.0065,1
aspire,1,0.0065,1
projection,1,0.0065,1
strengthening,1,0.0065,1
focused,1,0.0065,1
creating,1,0.0065,1
territory,1,0.0065,1
know,1,0.0065,1
governments,1,0.0065,1
government,1,0.0065,1
nonalignment,1,0.0065,1
neutrality,1,0.0065,1
maintain,1,0.0065,1
relationship,1,0.0065,1
announced,1,0.0065,1
immediate,1,0.0065,1
intermediate,1,0.0065,1
afar,1,0.0065,1
smaller,1,0.0065,1
welcome,1,0.0065,1
i'm,1,0.0065,1
happy,1,0.0065,1
see,1,0.0065,1
appreciate,1,0.0065,1
friendship,1,0.0065,1
towards,1,0.0065,1
emphasize,1,0.0065,1
again,1,0.0065,1
determined,1,0.0065,1
dragged,1,0.0065,1
into,1,0.0065,1
groupings,1,0.0065,1
or,1,0.0065,1
alliances,1,0.0065,1
because,1,0.0065,1
encroach,1,0.0065,1
respectfully,1,0.0065,1
request,1,0.0065,1
sovereignty,1,0.0065,1
territorial,1,0.0065,1
integrity,1,0.0065,1
foron,1,0.0065,1
teach,1,0.0065,1
understanding,1,0.0065,1
intimidated,1,0.0065,1
weak,1,0.0065,1
humiliated,1,0.0065,1
human,1,0.0065,1
has,1,0.0065,1
living,1,0.0065,1
concentrate,1,0.0065,1
eradicating,1,0.0065,1
bringing,1,0.0065,1
children,1,0.0065,1
realiz,1,0.0065,1
ancient,1,0.0065,1
saying,1,0.0065,1
weve,1,0.0065,1
violations,1,0.0065,1
inside,1,0.0065,1
everybody,1,0.0065,1
enjoy,1,0.0065,1
former,1,0.0065,1
soldier,1,0.0065,1
wish,1,0.0065,1
spend,1,0.0065,1
time,1,0.0065,1
responsibilities,1,0.0065,1
especially,1,0.0065,1
taking,1,0.0065,1
care,1,0.0065,1
hormatnya,1,0.0065,1
bertempur,1,0.0065,1
disuruh-suruh,1,0.0065,1
dra,1,0.0065,1
amzulian,1,0.0065,1
reponesia,1,0.0065,1
agenda-agenda,1,0.0065,1
kepuslian,1,0.0065,1
polisi-polisi,1,0.0065,1
meresakan,1,0.0065,1
jeritan,1,0.0065,1
melemahkan,1,0.0065,1
reponia,1,0.0065,1
rastra,1,0.0065,1
kotama,1,0.0065,1
mengabdikan,1,0.0065,1
megah,1,0.0065,1
editorium,1,0.0065,1
kesatu,1,0.0065,1
penerusnya,1,0.0065,1
hurufnya,1,0.0065,1
pengarap,1,0.0065,1
dpw,1,0.0065,1
membagi-bagi,1,0.0065,1
khairon,1,0.0065,1
umumti,1,0.0065,1
yus,1,0.0065,1
ais,1,0.0065,1
syafiah,1,0.0065,1
asfar,1,0.0065,1
garda,1,0.0065,1
sabana,1,0.0065,1
prono,1,0.0065,1
perinduk,1,0.0065,1
tanud,1,0.0065,1
aang,1,0.0065,1
kunaifi,1,0.0065,1
ppp,1,0.0065,1
uskara,1,0.0065,1
siddiq,1,0.0065,1
hanura,1,0.0065,1
suikasan,1,0.0065,1
kirpir,1,0.0065,1
fusi,1,0.0065,1
meta,1,0.0065,1
setiadi,1,0.0065,1
infant,1,0.0065,1
gemuruh,1,0.0065,1
aris,1,0.0065,1
marsudianto,1,0.0065,1
giring,1,0.0065,1
ganesah,1,0.0065,1
isyani,1,0.0065,1
pengaruhnya,1,0.0065,1
taj,1,0.0065,1
yasin,1,0.0065,1
resati,1,0.0065,1
wakil-walikota,1,0.0065,1
paskalis,1,0.0065,1
imadawa,1,0.0065,1
binjai,1,0.0065,1
hasanul,1,0.0065,1
tolikara,1,0.0065,1
yotam,1,0.0065,1
wonda,1,0.0065,1
muttahirin,1,0.0065,1
penuntun,1,0.0065,1
kristian,1,0.0065,1
sika,1,0.0065,1
juventus,1,0.0065,1
aurum,1,0.0065,1
aprimoi,1,0.0065,1
dudu,1,0.0065,1
lsi,1,0.0065,1
pegf,1,0.0065,1
salabai,1,0.0065,1
tanimbar,1,0.0065,1
jowerisa,1,0.0065,1
founder,1,0.0065,1
jefri,1,0.0065,1
jovan,1,0.0065,1
gris,1,0.0065,1
bernyanyi,1,0.0065,1
merekah,1,0.0065,1
empang,1,0.0065,1
disiram,1,0.0065,1
embun,1,0.0065,1
serasi,1,0.0065,1
majukan,1,0.0065,1
intelnya,1,0.0065,1
binatang,1,0.0065,1
sekar,1,0.0065,1
lambangnya,1,0.0065,1
world,1,0.0065,1
wild,1,0.0065,1
life,1,0.0065,1
wwhf,1,0.0065,1
pembinanya,1,0.0065,1
takengon,1,0.0065,1
bersediakah,1,0.0065,1
mem,1,0.0065,1
koncern,1,0.0065,1
satwa,1,0.0065,1
flora,1,0.0065,1
faa,1,0.0065,1
tulislah,1,0.0065,1
menyampaikanlah,1,0.0065,1
sisakan,1,0.0065,1
r90,1,0.0065,1
diproses,1,0.0065,1
nseknek,1,0.0065,1
diburu,1,0.0065,1
gadingnya,1,0.0065,1
habitat,1,0.0065,1
terjepit,1,0.0065,1
wikambas,1,0.0065,1
ngincernya,1,0.0065,1
instink,1,0.0065,1
gajah-gajah,1,0.0065,1
adegan-adegan,1,0.0065,1
lempar-lempar,1,0.0065,1
mulailah,1,0.0065,1
ngajak,1,0.0065,1
gelarnya,1,0.0065,1
muji-muji,1,0.0065,1
informatika,1,0.0065,1
inov,1,0.0065,1
disalahgunakan,1,0.0065,1
fake,1,0.0065,1
jaladri,1,0.0065,1
kotoran,1,0.0065,1
ditelan,1,0.0065,1
disakiti,1,0.0065,1
diframing,1,0.0065,1
kesejukan,1,0.0065,1
kegelapan,1,0.0065,1
keseujukan,1,0.0065,1
pindokartiko,1,0.0065,1
suryo,1,0.0065,1
arga,1,0.0065,1
kotoran-kotoran,1,0.0065,1
bahaya-bahaya,1,0.0065,1
pengkhianatan,1,0.0065,1
kolong,1,0.0065,1
terdalam,1,0.0065,1
bahana,1,0.0065,1
diinjak,1,0.0065,1
ingarso,1,0.0065,1
sungtelodo,1,0.0065,1
madoio,1,0.0065,1
mangun,1,0.0065,1
karso,1,0.0065,1
seperjuangan,1,0.0065,1
pengayom,1,0.0065,1
biografi,1,0.0065,1
teknologi-teknologi,1,0.0065,1
dikejar-kejar,1,0.0065,1
dibuat-buat,1,0.0065,1
demo-demo,1,0.0065,1
jera-jera,1,0.0065,1
diarah,1,0.0065,1
mazhabnya,1,0.0065,1
noiks,1,0.0065,1
latin,1,0.0065,1
nasionalnya,1,0.0065,1
semasif,1,0.0065,1
premium,1,0.0065,1
mengusut,1,0.0065,1
menindak,1,0.0065,1
dinikmat,1,0.0065,1
subversi,1,0.0065,1
menikem,1,0.0065,1
ragu,1,0.0065,1
rakabumeraka,1,0.0065,1
atc,1,0.0065,1
prasetya,1,0.0065,1
pengambilan,1,0.0065,1
pundak-mu,1,0.0065,1
disaksikan,1,0.0065,1
dihayati,1,0.0065,1
disimak,1,0.0065,1
pundakmu,1,0.0065,1
dinantikan,1,0.0065,1
pengorbananmu,1,0.0065,1
ditantang,1,0.0065,1
dilindas,1,0.0065,1
tunduk,1,0.0065,1
hewan,1,0.0065,1
korbankan,1,0.0065,1
tiang,1,0.0065,1
tegaknya,1,0.0065,1
benteng-benteng,1,0.0065,1
sumpahmu,1,0.0065,1
sumpah-mu,1,0.0065,1
patriot-patriot,1,0.0065,1
senat,1,0.0065,1
akademika,1,0.0065,1
kang,1,0.0065,1
farhan,1,0.0065,1
engineering,1,0.0065,1
disapa,1,0.0065,1
rozlani,1,0.0065,1
mulyani,1,0.0065,1
metia,1,0.0065,1
temannya,1,0.0065,1
ninggar,1,0.0065,1
nyusun,1,0.0065,1
hindayana,1,0.0065,1
handoko,1,0.0065,1
stella,1,0.0065,1
kristi,1,0.0065,1
horas,1,0.0065,1
prasojo,1,0.0065,1
telkom,1,0.0065,1
siswarini,1,0.0065,1
krakat,1,0.0065,1
stir,1,0.0065,1
johan,1,0.0065,1
land,1,0.0065,1
uhang,1,0.0065,1
gita,1,0.0065,1
amperiawan,1,0.0065,1
biofarma,1,0.0065,1
saddiq,1,0.0065,1
akasya,1,0.0065,1
imawan,1,0.0065,1
kaharudin,1,0.0065,1
zenot,1,0.0065,1
andin,1,0.0065,1
hadianto,1,0.0065,1
stan,1,0.0065,1
keet7,1,0.0065,1
budono,1,0.0065,1
niayah,1,0.0065,1
perwustan,1,0.0065,1
mpri,1,0.0065,1
sohartoyo,1,0.0065,1
zulian,1,0.0065,1
ketu,1,0.0065,1
sukifli,1,0.0065,1
suryapaloh,1,0.0065,1
johari,1,0.0065,1
legisl,1,0.0065,1
setya,1,0.0065,1
awang,1,0.0065,1
singapore,1,0.0065,1
siya,1,0.0065,1
kianpeng,1,0.0065,1
her,1,0.0065,1
miss,1,0.0065,1
maria,1,0.0065,1
fernanda,1,0.0065,1
lai,1,0.0065,1
deklarasi,1,0.0065,1
keutuhan,1,0.0065,1
invasi,1,0.0065,1
mengintegrasikan,1,0.0065,1
irian,1,0.0065,1
mengenalkan,1,0.0065,1
multidimensi,1,0.0065,1
keharmonisan,1,0.0065,1
pemulihan,1,0.0065,1
kerawanan,1,0.0065,1
terencana,1,0.0065,1
hiberisasi,1,0.0065,1
makbur,1,0.0065,1
mencerdaskan,1,0.0065,1
rakabomingaka,1,0.0065,1
kedewasaan,1,0.0065,1
matang,1,0.0065,1
transi,1,0.0065,1
menghujat,1,0.0065,1
tuguh,1,0.0065,1
mikuwur,1,0.0065,1
jelo,1,0.0065,1
tepiro,1,0.0065,1
esolon,1,0.0065,1
penyelewan,1,0.0065,1
sebabnya,1,0.0065,1
identifikasi,1,0.0065,1
bacaan,1,0.0065,1
geser,1,0.0065,1
memusahkan,1,0.0065,1
mengalirnya,1,0.0065,1
esok,1,0.0065,1
bibir,1,0.0065,1
ampuh,1,0.0065,1
lawas,1,0.0065,1
generasinya,1,0.0065,1
diangkut,1,0.0065,1
eksplisit,1,0.0065,1
terletak,1,0.0065,1
pestisida,1,0.0065,1
waduk,1,0.0065,1
keanehan-keanehan,1,0.0065,1
abaikan,1,0.0065,1
ayat-ayat,1,0.0065,1
pengaman,1,0.0065,1
berwawasan,1,0.0065,1
keseimbangan,1,0.0065,1
tercermin,1,0.0065,1
daerahnya,1,0.0065,1
gonjang-ganjing,1,0.0065,1
manajer-manajer,1,0.0065,1
pelaksana-pelaksana,1,0.0065,1
yayasan-yayasan,1,0.0065,1
semata,1,0.0065,1
ekstensifikasi,1,0.0065,1
intensifikasi,1,0.0065,1
motong,1,0.0065,1
mewaspadai,1,0.0065,1
kecurangan-kecurangan,1,0.0065,1
penimbunan,1,0.0065,1
jungto,1,0.0065,1
seraka,1,0.0065,1
nomiks,1,0.0065,1
kebesaran-mu,1,0.0065,1
kekayaan-mu,1,0.0065,1
kekayaanmu,1,0.0065,1
takaran,1,0.0065,1
penggilingan-pengilingan,1,0.0065,1
silakanlah,1,0.0065,1
memerangi,1,0.0065,1
dt,1,0.0065,1
menjaring,1,0.0065,1
asram,1,0.0065,1
tarunan,1,0.0065,1
fakultas-fakultas,1,0.0065,1
permulaan,1,0.0065,1
sebarkan,1,0.0065,1
platform,1,0.0065,1
perputaran,1,0.0065,1
terkonsentrasi,1,0.0065,1
kelasnya,1,0.0065,1
sanur,1,0.0065,1
hadirkan,1,0.0065,1
bertaraf,1,0.0065,1
perundingan,1,0.0065,1
sepa,1,0.0065,1
trade,1,0.0065,1
menerjunkan,1,0.0065,1
segen-segan,1,0.0065,1
kasus-kasus,1,0.0065,1
terbitkan,1,0.0065,1
ingkrah,1,0.0065,1
disita,1,0.0065,1
berani-berani,1,0.0065,1
collaborator,1,0.0065,1
ulah,1,0.0065,1
junior-junior,1,0.0065,1
nambang,1,0.0065,1
pasangan,1,0.0065,1
marine,1,0.0065,1
resimen,1,0.0065,1
cor,1,0.0065,1
mayon,1,0.0065,1
battleon,1,0.0065,1
doktrin,1,0.0065,1
sis,1,0.0065,1
hankamrata,1,0.0065,1
didaya,1,0.0065,1
kolonialis,1,0.0065,1
jidatnya,1,0.0065,1
ditabrakkan,1,0.0065,1
rumpun,1,0.0065,1
ed,1,0.0065,1
imper,1,0.0065,1
blt,1,0.0065,1
bagi-bagi,1,0.0065,1
pinjamin,1,0.0065,1
pengawal,1,0.0065,1
sosialisasikan,1,0.0065,1
bhineka,1,0.0065,1
mengesahkan,1,0.0065,1
legislasi,1,0.0065,1
pembawasan,1,0.0065,1
penganggaran,1,0.0065,1
proaktif,1,0.0065,1
mengevaluasi,1,0.0065,1
raperda,1,0.0065,1
perda,1,0.0065,1
kesesuaian,1,0.0065,1
independensinya,1,0.0065,1
efektivitas,1,0.0065,1
pengujian,1,0.0065,1
penanganan,1,0.0065,1
restorative,1,0.0065,1
eord,1,0.0065,1
didaftarkan,1,0.0065,1
gugatan,1,0.0065,1
mediasi,1,0.0065,1
berbiaya,1,0.0065,1
judicial,1,0.0065,1
penjatuhan,1,0.0065,1
penjamin,1,0.0065,1
ombutsman,1,0.0065,1
komnasham,1,0.0065,1
kewenangannya,1,0.0065,1
namakan,1,0.0065,1
menyesak,1,0.0065,1
tandanya,1,0.0065,1
diikuti,1,0.0065,1
menyikapi,1,0.0065,1
terhitung,1,0.0065,1
pernyataan-pernyataan,1,0.0065,1
dicabut,1,0.0065,1
keanggotannya,1,0.0065,1
covenant,1,0.0065,1
civil,1,0.0065,1
rights,1,0.0065,1
pelaksananya,1,0.0065,1
anarkis,1,0.0065,1
destabilisasi,1,0.0065,1
menjarah,1,0.0065,1
instansi-instansi,1,0.0065,1
fasilitas-fasilitas,1,0.0065,1
pelanggaran-pelanggaran,1,0.0065,1
gejala,1,0.0065,1
makar,1,0.0065,1
setegas-tegasnya,1,0.0065,1
pengerusakan,1,0.0065,1
berdialog,1,0.0065,1
diambang,1,0.0065,1
suarakan,1,0.0065,1
perbuatan,1,0.0065,1
menghamburkan,1,0.0065,1
silak,1,0.0065,1
diintervensi,1,0.0065,1
syura,1,0.0065,1
shiibul,1,0.0065,1
suhama,1,0.0065,1
aunur,1,0.0065,1
rofiq,1,0.0065,1
pk,1,0.0065,1
agu,1,0.0065,1
ps,1,0.0065,1
general,1,0.0065,1
assembly,1,0.0065,1
setulah,1,0.0065,1
rileks,1,0.0065,1
koisi,1,0.0065,1
merantau,1,0.0065,1
kapabel,1,0.0065,1
putihnya,1,0.0065,1
mempersilakan,1,0.0065,1
menetusnya,1,0.0065,1
katastrof,1,0.0065,1
ketidakbenaran,1,0.0065,1
kesusahan,1,0.0065,1
nafsu,1,0.0065,1
naluri-naluri,1,0.0065,1
sukarela,1,0.0065,1
searif-arifnya,1,0.0065,1
seutuhnya,1,0.0065,1
kecukupan,1,0.0065,1
partai-parti,1,0.0065,1
keterwakilan,1,0.0065,1
gangguan-gangguan,1,0.0065,1
parahnya,1,0.0065,1
penipu-penipu,1,0.0065,1
manipulator-manipulator,1,0.0065,1
lihainnya,1,0.0065,1
tersamar,1,0.0065,1
legal,1,0.0065,1
3t,1,0.0065,1
gelang-gelang,1,0.0065,1
omong,1,0.0065,1
wartawan-wartawan,1,0.0065,1
bos-bos,1,0.0065,1
beresin,1,0.0065,1
perampokan,1,0.0065,1
kelengahan,1,0.0065,1
terkeruk,1,0.0065,1
terkemuka,1,0.0065,1
cuki,1,0.0065,1
nyelundumnya,1,0.0065,1
sampan,1,0.0065,1
kimia,1,0.0065,1
ngecek,1,0.0065,1
pasirnya,1,0.0065,1
ditertibkan,1,0.0065,1
kerusuhan-kerusahan,1,0.0065,1
indikasi,1,0.0065,1
paradoks,1,0.0065,1
ekspektasi,1,0.0065,1
kecamatan-kecamatan,1,0.0065,1
glontorkan,1,0.0065,1
persisnya,1,0.0065,1
menetap,1,0.0065,1
rp1iah,1,0.0065,1
offake,1,0.0065,1
risa,1,0.0065,1
sop,1,0.0065,1
dicuci,1,0.0065,1
bakteri,1,0.0065,1
test,1,0.0065,1
kit,1,0.0065,1
preventif,1,0.0065,1
linier,1,0.0065,1
rawi-rawi,1,0.0065,1
rantas,1,0.0065,1
malang-malang,1,0.0065,1
putung,1,0.0065,1
sayap-sayap,1,0.0065,1
ulama-ulama,1,0.0065,1
membikin,1,0.0065,1
molotov,1,0.0065,1
they,1,0.0065,1
evil,1,0.0065,1
zalim,1,0.0065,1
kekacauan,1,0.0065,1
menyaring,1,0.0065,1
kutip,1,0.0065,1
stomach,1,0.0065,1
wait,1,0.0065,1
parpol,1,0.0065,1
komunikasinya,1,0.0065,1
menghilang,1,0.0065,1
perantara,1,0.0065,1
kk,1,0.0065,1
suami,1,0.0065,1
distributor-distributor,1,0.0065,1
pona,1,0.0065,1
sepupunya,1,0.0065,1
suksesnya,1,0.0065,1
udahlah,1,0.0065,1
grinder,1,0.0065,1
gantikan,1,0.0065,1
papuk,1,0.0065,1
kotak,1,0.0065,1
nuraniainya,1,0.0065,1
liwat-liwat,1,0.0065,1
dendem,1,0.0065,1
debat,1,0.0065,1
semurah-murah,1,0.0065,1
supermarket-supermarket,1,0.0065,1
seketika,1,0.0065,1
perlihatkan,1,0.0065,1
tanah-tanah,1,0.0065,1
peruntukkan,1,0.0065,1
mewah,1,0.0065,1
5t,1,0.0065,1
cegat,1,0.0065,1
hura-hura,1,0.0065,1
kunjungan-kunjungan,1,0.0065,1
rapat-rapat,1,0.0065,1
ditransfer,1,0.0065,1
terbelakang,1,0.0065,1
bocor-bocor,1,0.0065,1
animasi,1,0.0065,1
pbw,1,0.0065,1
disindir-sindir,1,0.0065,1
ampun,1,0.0065,1
ad,1,0.0065,1
sembunyikan,1,0.0065,1
nekat-nekat,1,0.0065,1
moyangnya,1,0.0065,1
ngejar-ngejar,1,0.0065,1
dikejar,1,0.0065,1
mekn,1,0.0065,1
bermasalah,1,0.0065,1
kewajiban-kewajibannya,1,0.0065,1
lahan-lahannya,1,0.0065,1
disetujui,1,0.0065,1
rapatkan,1,0.0065,1
perundangan,1,0.0065,1
cempaka,1,0.0065,1
jambangan,1,0.0065,1
mundas,1,0.0065,1
luis,1,0.0065,1
io,1,0.0065,1
da,1,0.0065,1
silva,1,0.0065,1
brazilia,1,0.0065,1
sous,1,0.0065,1
berdua,1,0.0065,1
corporation,1,0.0065,1
mercosur,1,0.0065,1
komplementer,1,0.0065,1
multilateral,1,0.0065,1
ditandatangani,1,0.0065,1
tropis,1,0.0065,1
komit,1,0.0065,1
hadiri,1,0.0065,1
bel,1,0.0065,1
gentatan,1,0.0065,1
rayakan,1,0.0065,1
third,1,0.0065,1
term,1,0.0065,1
breaks,1,0.0065,1
brex,1,0.0065,1
juang,1,0.0065,1
takwa,1,0.0065,1
resolusi,1,0.0065,1
digelorakan,1,0.0065,1
asy'ari,1,0.0065,1
akar,1,0.0065,1
keislaman,1,0.0065,1
keindonesiaan,1,0.0065,1
merestui,1,0.0065,1
dibentuknya,1,0.0065,1
direktorat,1,0.0065,1
teguhkan,1,0.0065,1
meridai,1,0.0065,1
loty,1,0.0065,1
shin,1,0.0065,1
erlanggaarto,1,0.0065,1
gumiwangkart,1,0.0065,1
sudiok,1,0.0065,1
andra,1,0.0065,1
sony,1,0.0065,1
robinsar,1,0.0065,1
keetujuh,1,0.0065,1
lobi,1,0.0065,1
sepantasnya,1,0.0065,1
maklumi,1,0.0065,1
jernih,1,0.0065,1
pendem,1,0.0065,1
hujat-menghujat,1,0.0065,1
ejek-mengejek,1,0.0065,1
puing-puing,1,0.0065,1
diinvasi,1,0.0065,1
manusianya,1,0.0065,1
via,1,0.0065,1
diliburkan,1,0.0065,1
kebaktian,1,0.0065,1
misa,1,0.0065,1
berjamaah,1,0.0065,1
peraturannya,1,0.0065,1
negosiasi,1,0.0065,1
idola,1,0.0065,1
chunghi,1,0.0065,1
politically,1,0.0065,1
correct,1,0.0065,1
disanjung-sanjung,1,0.0065,1
nitip,1,0.0065,1
come,1,0.0065,1
benarlah,1,0.0065,1
jujurlah,1,0.0065,1
andrasoni,1,0.0065,1
sometimes,1,0.0065,1
atec,1,0.0065,1
apeg,1,0.0065,1
masju,1,0.0065,1
gongju,1,0.0065,1
gionju,1,0.0065,1
sarungan,1,0.0065,1
kedinginan,1,0.0065,1
seskap,1,0.0065,1
leaders,1,0.0065,1
lotte,1,0.0065,1
capek-capek,1,0.0065,1
meresm,1,0.0065,1
hamidah,1,0.0065,1
would,1,0.0065,1
like,1,0.0065,1
kindly,1,0.0065,1
invite,1,0.0065,1
cerman,1,0.0065,1
peri,1,0.0065,1
warjio,1,0.0065,1
deputi,1,0.0065,1
misbakun,1,0.0065,1
emiras,1,0.0065,1
bersangkutan,1,0.0065,1
objektif,1,0.0065,1
menenangkan,1,0.0065,1
hegemoni,1,0.0065,1
dipresentasikan,1,0.0065,1
pengelola-pengelola,1,0.0065,1
meals,1,0.0065,1
mengulang,1,0.0065,1
kopinya,1,0.0065,1
dipaparan,1,0.0065,1
dipeta,1,0.0065,1
pelaksanaannya,1,0.0065,1
execution,1,0.0065,1
solve,1,0.0065,1
problem,1,0.0065,1
bring,1,0.0065,1
fast,1,0.0065,1
possible,1,0.0065,1
aksi-aksi,1,0.0065,1
bapa,1,0.0065,1
merancang,1,0.0065,1
batalon,1,0.0065,1
zeni,1,0.0065,1
batalyon,1,0.0065,1
feibility,1,0.0065,1
simposium,1,0.0065,1
baik-baiknya,1,0.0065,1
berniat,1,0.0065,1
ditunggal,1,0.0065,1
ditunda,1,0.0065,1
diulangi,1,0.0065,1
dikenalin,1,0.0065,1
langitnya,1,0.0065,1
pekat,1,0.0065,1
ditanam,1,0.0065,1
singgah,1,0.0065,1
bereaksi,1,0.0065,1
kondisinya,1,0.0065,1
terputus,1,0.0065,1
berangkatkan,1,0.0065,1
c130,1,0.0065,1
a400,1,0.0065,1
silabus,1,0.0065,1
mencegah,1,0.0065,1
pembabatan,1,0.0065,1
pohon-pohon,1,0.0065,1
perusakan,1,0.0065,1
gedung-gedung,1,0.0065,1
tujukan,1,0.0065,1
realokasikan,1,0.0065,1
utamakan,1,0.0065,1
mainnek,1,0.0065,1
disorain,1,0.0065,1
bersi,1,0.0065,1
kesatan,1,0.0065,1
mengiakan,1,0.0065,1
lunjangan,1,0.0065,1
memberhintikan,1,0.0065,1
perkembangannya,1,0.0065,1
ucap,1,0.0065,1
konten-konten,1,0.0065,1
diakses,1,0.0065,1
pengetahuannya,1,0.0065,1
pelatihan-pelatihan,1,0.0065,1
kanak-kanak,1,0.0065,1
alokasinya,1,0.0065,1
rongrong,1,0.0065,1
markap,1,0.0065,1
pejabat-pejabatmu,1,0.0065,1
upk,1,0.0065,1
r10,1,0.0065,1
aparatmu,1,0.0065,1
melewati,1,0.0065,1
video-video,1,0.0065,1
batalan-betalan,1,0.0065,1
pembangunanmu,1,0.0065,1
batalan-batalan,1,0.0065,1
senimu,1,0.0065,1
brimop,1,0.0065,1
terjunkan,1,0.0065,1
nyawanya,1,0.0065,1
wacana,1,0.0065,1
hardik-menghardik,1,0.0065,1
ngenyek,1,0.0065,1
pusingmu,1,0.0065,1
ptik,1,0.0065,1
pancasilat,1,0.0065,1
ketuanya,1,0.0065,1
sport,1,0.0065,1
pejudo,1,0.0065,1
aquatik,1,0.0065,1
anindian,1,0.0065,1
tenes,1,0.0065,1
basket,1,0.0065,1
mandono,1,0.0065,1
tund,1,0.0065,1
woodball,1,0.0065,1
baru-baru,1,0.0065,1
silakanus,1,0.0065,1
kasihnya,1,0.0065,1
berhenti-berhenti,1,0.0065,1
cabor,1,0.0065,1
kontingan,1,0.0065,1
kebang,1,0.0065,1
berlatih,1,0.0065,1
diseleksi,1,0.0065,1
menepati,1,0.0065,1
mimpikan,1,0.0065,1
berbuatlah,1,0.0065,1
ajang,1,0.0065,1
menimpa,1,0.0065,1
samudra,1,0.0065,1
merenung,1,0.0065,1
namamu,1,0.0065,1
ingatan,1,0.0065,1
narasi,1,0.0065,1
pendahulu-pendahulumu,1,0.0065,1
pangkatmu,1,0.0065,1
putri-putri,1,0.0065,1
bertandinglah,1,0.0065,1
jag,1,0.0065,1
dalammu,1,0.0065,1
anggarannya,1,0.0065,1
dinaikkan,1,0.0065,1
karu,1,0.0065,1
pahlawannya,1,0.0065,1
analogi,1,0.0065,1
keprajuritan,1,0.0065,1
lempar,1,0.0065,1
lembing,1,0.0065,1
panahan,1,0.0065,1
kesatria,1,0.0065,1
prestisius,1,0.0065,1
art,1,0.0065,1
bina,1,0.0065,1
pendekar-pendekar,1,0.0065,1
bersalaman,1,0.0065,1
memperdalam,1,0.0065,1
majmuk,1,0.0065,1
multias,1,0.0065,1
multiagama,1,0.0065,1
multi,1,0.0065,1
membuahkan,1,0.0065,1
hamba,1,0.0065,1
perseturuan,1,0.0065,1
mencintai,1,0.0065,1
harvard,1,0.0065,1
university,1,0.0065,1
gp,1,0.0065,1
galep,1,0.0065,1
kelilingnya,1,0.0065,1
seandainya,1,0.0065,1
romo,1,0.0065,1
monsinyur,1,0.0065,1
bibel,1,0.0065,1
uspasses,1,0.0065,1
sedihnya,1,0.0065,1
berkelai,1,0.0065,1
silatnya,1,0.0065,1
bowo,1,0.0065,1
gini-giniin,1,0.0065,1
keadaannya,1,0.0065,1
mumpung,1,0.0065,1
bijak,1,0.0065,1
bahayanya,1,0.0065,1
pikirannya,1,0.0065,1
podcast,1,0.0065,1
internal,1,0.0065,1
senangnya,1,0.0065,1
geopetik,1,0.0065,1
thou,1,0.0065,1
shall,1,0.0065,1
lie,1,0.0065,1
kecurigaan,1,0.0065,1
diamankan,1,0.0065,1
kancing,1,0.0065,1
terpasang,1,0.0065,1
seragam,1,0.0065,1
dongkol,1,0.0065,1
ajudan,1,0.0065,1
apel,1,0.0065,1
pakat,1,0.0065,1
hidupan,1,0.0065,1
militerisme,1,0.0065,1
bari,1,0.0065,1
semada,1,0.0065,1
wasembada,1,0.0065,1
turunnya,1,0.0065,1
wakilpres,1,0.0065,1
miskinnya,1,0.0065,1
rockefellera,1,0.0065,1
rockval,1,0.0065,1
pelipatan,1,0.0065,1
ralat,1,0.0065,1
mulut,1,0.0065,1
nuduh,1,0.0065,1
arsitek,1,0.0065,1
filemonik,1,0.0065,1
kecilnya,1,0.0065,1
melantunkan,1,0.0065,1
badar,1,0.0065,1
ranso,1,0.0065,1
memberitahu,1,0.0065,1
sersan,1,0.0065,1
kusema,1,0.0065,1
flores,1,0.0065,1
ciprianus,1,0.0065,1
gebo,1,0.0065,1
penutupnya,1,0.0065,1
tayangan,1,0.0065,1
balasan,1,0.0065,1
kunjungi,1,0.0065,1
teman-temanku,1,0.0065,1
kina,1,0.0065,1
tong,1,0.0065,1
tang,1,0.0065,1
buatong,1,0.0065,1
torang,1,0.0065,1
menepuk,1,0.0065,1
tompu,1,0.0065,1
mudahan,1,0.0065,1
mimpi,1,0.0065,1
tempok,1,0.0065,1
sidene,1,0.0065,1
muhyiddin,1,0.0065,1
parawansyah,1,0.0065,1
alhis,1,0.0065,1
sumanggeruka,1,0.0065,1
melkiades,1,0.0065,1
laka,1,0.0065,1
sherli,1,0.0065,1
cowanda,1,0.0065,1
malutar,1,0.0065,1
ogan,1,0.0065,1
komereng,1,0.0065,1
melwansyah,1,0.0065,1
anambas,1,0.0065,1
aneng,1,0.0065,1
chen,1,0.0065,1
lui,1,0.0065,1
lan,1,0.0065,1
kawur,1,0.0065,1
gusril,1,0.0065,1
fausi,1,0.0065,1
dity,1,0.0065,1
lebak,1,0.0065,1
hasbi,1,0.0065,1
asdiqi,1,0.0065,1
pandeglang,1,0.0065,1
dewi,1,0.0065,1
setiana,1,0.0065,1
munir,1,0.0065,1
kuningan,1,0.0065,1
januar,1,0.0065,1
majalengka,1,0.0065,1
eman,1,0.0065,1
suherman,1,0.0065,1
wonosobo,1,0.0065,1
subagyo,1,0.0065,1
cilacap,1,0.0065,1
samsul,1,0.0065,1
katingan,1,0.0065,1
barito,1,0.0065,1
kuala,1,0.0065,1
ilmi,1,0.0065,1
bualemo,1,0.0065,1
rumpagao,1,0.0065,1
jen,1,0.0065,1
yusron,1,0.0065,1
lalogau,1,0.0065,1
sopeng,1,0.0065,1
suwardi,1,0.0065,1
haseng,1,0.0065,1
buton,1,0.0065,1
ashari,1,0.0065,1
zulkarnain,1,0.0065,1
awat,1,0.0065,1
bone,1,0.0065,1
asmat,1,0.0065,1
edo,1,0.0065,1
prameswari,1,0.0065,1
palangkaraya,1,0.0065,1
farid,1,0.0065,1
na,1,0.0065,1
naparin,1,0.0065,1
banjar,1,0.0065,1
saidi,1,0.0065,1
mansyur,1,0.0065,1
sakitas,1,0.0065,1
metya,1,0.0065,1
pendayagunaan,1,0.0065,1
purwag,1,0.0065,1
gandhi,1,0.0065,1
listo,1,0.0065,1
santini,1,0.0065,1
ateh,1,0.0065,1
pengentasan,1,0.0065,1
aminuddin,1,0.0065,1
octavianus,1,0.0065,1
wiygus,1,0.0065,1
tat,1,0.0065,1
meluangkan,1,0.0065,1
oi,1,0.0065,1
bappenas,1,0.0065,1
garang,1,0.0065,1
sekud,1,0.0065,1
surahman,1,0.0065,1
maafkanlah,1,0.0065,1
kurang-kurang,1,0.0065,1
agrinas,1,0.0065,1
juau,1,0.0065,1
metmota,1,0.0065,1
joo,1,0.0065,1
angelo,1,0.0065,1
sosa,1,0.0065,1
mota,1,0.0065,1
kodairal,1,0.0065,1
kodau,1,0.0065,1
kabinda,1,0.0065,1
korem,1,0.0065,1
lanal,1,0.0065,1
au,1,0.0065,1
kodim,1,0.0065,1
terkena,1,0.0065,1
istimeewa,1,0.0065,1
kalbu,1,0.0065,1
ethnic,1,0.0065,1
groups,1,0.0065,1
racist,1,0.0065,1
religions,1,0.0065,1
membayangkan,1,0.0065,1
kerangka,1,0.0065,1
mendambahkan,1,0.0065,1
pribadinya,1,0.0065,1
dihukum,1,0.0065,1
terbelit,1,0.0065,1
dibantai,1,0.0065,1
imperialis,1,0.0065,1
prasasti-prasasti,1,0.0065,1
prasaasti,1,0.0065,1
manggarai,1,0.0065,1
tomo,1,0.0065,1
majapahit,1,0.0065,1
perjuang,1,0.0065,1
pemerintahan-pemerintahan,1,0.0065,1
terlebih,1,0.0065,1
konteks,1,0.0065,1
pemberontakan-pemberontakan,1,0.0065,1
kudeta,1,0.0065,1
westerling,1,0.0065,1
komunis,1,0.0065,1
antikomunis,1,0.0065,1
kapitalis,1,0.0065,1
davos,1,0.0065,1
pecahnya,1,0.0065,1
mengkhuhawatirkan,1,0.0065,1
simulasi,1,0.0065,1
partikel-partikel,1,0.0065,1
radioaktif,1,0.0065,1
ikan-ikan,1,0.0065,1
terkontaminasi,1,0.0065,1
nuclear,1,0.0065,1
winter,1,0.0065,1
debunya,1,0.0065,1
mataharinya,1,0.0065,1
winternya,1,0.0065,1
nobody,1,0.0065,1
going,1,0.0065,1
help,1,0.0065,1
bergejolak,1,0.0065,1
idealis,1,0.0065,1
siapapa,1,0.0065,1
mongol,1,0.0065,1
genetika,1,0.0065,1
kedatangan,1,0.0065,1
backpacker,1,0.0065,1
backpacking,1,0.0065,1
numpang,1,0.0065,1
kesasar,1,0.0065,1
dukuh,1,0.0065,1
begakmu,1,0.0065,1
lauknya,1,0.0065,1
tampang,1,0.0065,1
daun,1,0.0065,1
apaadanya,1,0.0065,1
keragu-raguan,1,0.0065,1
polis,1,0.0065,1
membulatkan,1,0.0065,1
sekat-sekat,1,0.0065,1
dalam-dalam,1,0.0065,1
kakekmu,1,0.0065,1
buyutmu,1,0.0065,1
diteruskan,1,0.0065,1
intern,1,0.0065,1
rehabilitasi,1,0.0065,1
bursah,1,0.0065,1
pram,1,0.0065,1
menyebarluaskan,1,0.0065,1
kuat-kuatnya,1,0.0065,1
mengganjil,1,0.0065,1
menghandle,1,0.0065,1
tips-tipsnya,1,0.0065,1
kriteria,1,0.0065,1
norwegia,1,0.0065,1
kesehatannya,1,0.0065,1
asta,1,0.0065,1
strat,1,0.0065,1
keliling-keliling,1,0.0065,1
belarus,1,0.0065,1
commodity,1,0.0065,1
cat,1,0.0065,1
roti,1,0.0065,1
sabun,1,0.0065,1
mandinya,1,0.0065,1
biosolar,1,0.0065,1
after,1,0.0065,1
membalikkan,1,0.0065,1
jumlahkan,1,0.0065,1
statistiknya,1,0.0065,1
dijelek-jelekan,1,0.0065,1
rockfeller,1,0.0065,1
cover,1,0.0065,1
blunder,1,0.0065,1
direkam,1,0.0065,1
secretary,1,0.0065,1
penilaianpenilaian,1,0.0065,1
pengajuan,1,0.0065,1
wortel,1,0.0065,1
mencela-mencela,1,0.0065,1
menghardik-menghardik,1,0.0065,1
tercipta,1,0.0065,1
tuduhan,1,0.0065,1
menjelekkan,1,0.0065,1
sedikit-sedikit,1,0.0065,1
bomolotov,1,0.0065,1
lengkapnya,1,0.0065,1
nantang,1,0.0065,1
sinoritas,1,0.0065,1
diborgel,1,0.0065,1
paku,1,0.0065,1
oraya,1,0.0065,1
waru,1,0.0065,1
role,1,0.0065,1
model,1,0.0065,1
tengkulaklah,1,0.0065,1
perantaralah,1,0.0065,1
ngirim,1,0.0065,1
segar,1,0.0065,1
lauk,1,0.0065,1
matik-matiknya,1,0.0065,1
fisika,1,0.0065,1
pengajaran,1,0.0065,1
sekolahkan,1,0.0065,1
jalanan,1,0.0065,1
ikannya,1,0.0065,1
nelayan-nelaian,1,0.0065,1
highlight,1,0.0065,1
pokok-pokok,1,0.0065,1
hirisasi,1,0.0065,1
stainless,1,0.0065,1
steel,1,0.0065,1
slap,1,0.0065,1
resin,1,0.0065,1
file,1,0.0065,1
tilapia,1,0.0065,1
modul,1,0.0065,1
gasifikasi,1,0.0065,1
copper,1,0.0065,1
road,1,0.0065,1
wire,1,0.0065,1
tube,1,0.0065,1
karaginan,1,0.0065,1
rumpu,1,0.0065,1
aspal,1,0.0065,1
nata,1,0.0065,1
coco,1,0.0065,1
mct,1,0.0065,1
tepung,1,0.0065,1
mangan,1,0.0065,1
sulfat,1,0.0065,1
chlor,1,0.0065,1
alkali,1,0.0065,1
plant,1,0.0065,1
oil,1,0.0065,1
tanks,1,0.0065,1
proyeksi,1,0.0065,1
tpa,1,0.0065,1
overcapacity,1,0.0065,1
improvisasi,1,0.0065,1
menukar,1,0.0065,1
menyiapkannya,1,0.0065,1
kumuh,1,0.0065,1
just,1,0.0065,1
came,1,0.0065,1
dirty,1,0.0065,1
nice,1,0.0065,1
panti,1,0.0065,1
susahnya,1,0.0065,1
rameai-ramai,1,0.0065,1
salahnya,1,0.0065,1
diim,1,0.0065,1
boomen,1,0.0065,1
men,1,0.0065,1
kantor-kantor,1,0.0065,1
lingkunganmu,1,0.0065,1
m-launching,1,0.0065,1
gerobak-gerobak,1,0.0065,1
truk-truk,1,0.0065,1
penghuni,1,0.0065,1
gerakannya,1,0.0065,1
proyeknya,1,0.0065,1
gentengisasi,1,0.0065,1
pabrikpabrik,1,0.0065,1
zat,1,0.0065,1
esh,1,0.0065,1
kotamu,1,0.0065,1
kecamatanmu,1,0.0065,1
desamu,1,0.0065,1
atasnya,1,0.0065,1
siram,1,0.0065,1
didatang,1,0.0065,1
isoma,1,0.0065,1
isomah,1,0.0065,1
apaak,1,0.0065,1
iklan-iklan,1,0.0065,1
spanduk-spanduk,1,0.0065,1
balikpan,1,0.0065,1
baliho,1,0.0065,1
ditertiban,1,0.0065,1
bikinlah,1,0.0065,1
kentucky,1,0.0065,1
fried,1,0.0065,1
chicken,1,0.0065,1
mcdonald's,1,0.0065,1
ditertibkanlah,1,0.0065,1
bukalah,1,0.0065,1
kabel-kabel,1,0.0065,1
swan,1,0.0065,1
pointers,1,0.0065,1
sayaap,1,0.0065,1
rakornas,1,0.0065,1
fachai,1,0.0065,1
keberagaman,1,0.0065,1
bertampingan,1,0.0065,1
pontianak,1,0.0065,1
singkawang,1,0.0065,1
songsong,1,0.0065,1
gongsi,1,0.0065,1
faai,1,0.0065,1
basnas,1,0.0065,1
khalis,1,0.0065,1
taquf,1,0.0065,1
sihab,1,0.0065,1
cendidikan,1,0.0065,1
habsyi,1,0.0065,1
kwitang,1,0.0065,1
nabil,1,0.0065,1
almusawa,1,0.0065,1
perserikatan,1,0.0065,1
al-irsyad,1,0.0065,1
al-islamiyah,1,0.0065,1
tarbiyah,1,0.0065,1
islamiah,1,0.0065,1
fakrezi,1,0.0065,1
mtq,1,0.0065,1
farizi,1,0.0065,1
lailatul,1,0.0065,1
qadar,1,0.0065,1
qurais,1,0.0065,1
siihab,1,0.0065,1
arti-arti,1,0.0065,1
bersumber,1,0.0065,1
meresap,1,0.0065,1
meresapi,1,0.0065,1
banyak-banyak,1,0.0065,1
dibebankan,1,0.0065,1
kuraisi,1,0.0065,1
pemerintahnya,1,0.0065,1
tugas-tugas,1,0.0065,1
masehi,1,0.0065,1
akirul,1,0.0065,1
kalam,1,0.0065,1
wabillahi,1,0.0065,1
mengusung,1,0.0065,1
ekologis,1,0.0065,1
tausiah,1,0.0065,1
tuntas,1,0.0065,1
antarbangsa,1,0.0065,1
memposisikan,1,0.0065,1
memanage,1,0.0065,1
tabrakan,1,0.0065,1
batal,1,0.0065,1
disetarakan,1,0.0065,1
sovnalt,1,0.0065,1
menyenang,1,0.0065,1
menyenang-nyenangkan,1,0.0065,1
sebelum-sebelumnya,1,0.0065,1
entitas,1,0.0065,1
tekstil,1,0.0065,1
fatal,1,0.0065,1
farma,1,0.0065,1
laun,1,0.0065,1
standar-standar,1,0.0065,1
msen,1,0.0065,1
sasaranmu,1,0.0065,1
mendesak,1,0.0065,1
ujian,1,0.0065,1
loncatan,1,0.0065,1
blessing,1,0.0065,1
disguise,1,0.0065,1
niat-niat,1,0.0065,1
maksa,1,0.0065,1
akselerasi,1,0.0065,1
menyedihkan,1,0.0065,1
dieksploitasi,1,0.0065,1
listrikasi,1,0.0065,1
mengimbangi,1,0.0065,1
nanantara,1,0.0065,1
kewaspadaan,1,0.0065,1
eling,1,0.0065,1
pundak,1,0.0065,1
lem,1,0.0065,1
hanas,1,0.0065,1
syadzili,1,0.0065,1
buki,1,0.0065,1
wibawa,1,0.0065,1
indraguna,1,0.0065,1
dance,1,0.0065,1
isak,1,0.0065,1
palit,1,0.0065,1
blora,1,0.0065,1
penabir,1,0.0065,1
tidar,1,0.0065,1
kursus,1,0.0065,1
pemantapan,1,0.0065,1
tenda,1,0.0065,1
ramas,1,0.0065,1
kamera-kamera,1,0.0065,1
perundungan,1,0.0065,1
purnawirowan,1,0.0065,1
lek,1,0.0065,1
qodari,1,0.0065,1
maskal,1,0.0065,1
pernawirawan,1,0.0065,1
suharianto,1,0.0065,1
afrian,1,0.0065,1
syahnur,1,0.0065,1
liza,1,0.0065,1
patrea,1,0.0065,1
bowonya,1,0.0065,1
ganin,1,0.0065,1
syah,1,0.0065,1
apindo,1,0.0065,1
diabsen,1,0.0065,1
day,1,0.0065,1
ngelundo,1,0.0065,1
marsin,1,0.0065,1
mensahkan,1,0.0065,1
sahkan,1,0.0065,1
segalanya,1,0.0065,1
had,1,0.0065,1
dayare,1,0.0065,1
kluster-kluster,1,0.0065,1
kawasan-kawasan,1,0.0065,1
daycare,1,0.0065,1
seben,1,0.0065,1
dicolong,1,0.0065,1
rumahmu,1,0.0065,1
cicilnya,1,0.0065,1
lunas,1,0.0065,1
gilanya,1,0.0065,1
kucurkan,1,0.0065,1
dangdut,1,0.0065,1
gimanaikasi,1,0.0065,1
labor,1,0.0065,1
minimum,1,0.0065,1
kurir,1,0.0065,1
memperluas,1,0.0065,1
disabilitas,1,0.0065,1
selnya,1,0.0065,1
burhanuddin,1,0.0065,1
asep,1,0.0065,1
nana,1,0.0065,1
mulyana,1,0.0065,1
febri,1,0.0065,1
adriansyah,1,0.0065,1
mantovani,1,0.0065,1
dewanto,1,0.0065,1
narendra,1,0.0065,1
jatna,1,0.0065,1
rida,1,0.0065,1
utut,1,0.0065,1
adianto,1,0.0065,1
widayat,1,0.0065,1
yasi,1,0.0065,1
suryanegara,1,0.0065,1
coo,1,0.0065,1
rohmat,1,0.0065,1
geospasial,1,0.0065,1
syafi'i,1,0.0065,1
tampubolon,1,0.0065,1
bares,1,0.0065,1
krim,1,0.0065,1
shar,1,0.0065,1
diantoro,1,0.0065,1
mengurasi,1,0.0065,1
diserahkannya,1,0.0065,1
keberapa,1,0.0065,1
bisikan,1,0.0065,1
kriminal,1,0.0065,1
piharaan-piaraan,1,0.0065,1
istri-istrinya,1,0.0065,1
warisnya,1,0.0065,1
pindahin,1,0.0065,1
sambutan-sambutan,1,0.0065,1
wejangan-wejangan,1,0.0065,1
zamannya,1,0.0065,1
plus,1,0.0065,1
perampok-perampok,1,0.0065,1
gagasannya,1,0.0065,1
tua-orang,1,0.0065,1
diperbudak,1,0.0065,1
kemeleratan,1,0.0065,1
merampok,1,0.0065,1
merampas,1,0.0065,1
hak-hak,1,0.0065,1
bandit-bandit,1,0.0065,1
perampok,1,0.0065,1
menyetor,1,0.0065,1
popularitas,1,0.0065,1
populis,1,0.0065,1
mara,1,0.0065,1
faktanya,1,0.0065,1
bangkitnya,1,0.0065,1
panggilannya,1,0.0065,1
senioritas,1,0.0065,1
belakang-belakang,1,0.0065,1
kepuasan,1,0.0065,1
seasian,1,0.0065,1
ceritanya,1,0.0065,1
menaikin,1,0.0065,1
saku,1,0.0065,1
jeli,1,0.0065,1
ngawasi,1,0.0065,1
alokasikan,1,0.0065,1
rp10,1,0.0065,1
dikenakan,1,0.0065,1
atara,1,0.0065,1
lantara,1,0.0065,1
patokan,1,0.0065,1
muliamu,1,0.0065,1
permudah,1,0.0065,1
mengacu,1,0.0065,1
kickback,1,0.0065,1
izinnya,1,0.0065,1
kl-kl,1,0.0065,1
perizinannya,1,0.0065,1
dipersoalkan,1,0.0065,1
suplai,1,0.0065,1
izin-izin,1,0.0065,1
begini-begini,1,0.0065,1
leher,1,0.0065,1
batuk-batuk,1,0.0065,1
majelisantan,1,0.0065,1
selaku,1,0.0065,1
zulifli,1,0.0065,1
terkecuali,1,0.0065,1
jamar,1,0.0065,1
canyiago,1,0.0065,1
imigrasi,1,0.0065,1
pemasyarakatan,1,0.0065,1
yusril,1,0.0065,1
izam,1,0.0065,1
mahendra,1,0.0065,1
sarimurti,1,0.0065,1
jaj,1,0.0065,1
lurah,1,0.0065,1
dpri,1,0.0065,1
alex,1,0.0065,1
lukman,1,0.0065,1
farel,1,0.0065,1
bramastia,1,0.0065,1
belgi,1,0.0065,1
balika,1,0.0065,1
janda,1,0.0065,1
saladin,1,0.0065,1
pol,1,0.0065,1
nanang,1,0.0065,1
avianto,1,0.0065,1
kohar,1,0.0065,1
pamekasan,1,0.0065,1
kholilurahman,1,0.0065,1
ipuk,1,0.0065,1
vies,1,0.0065,1
tandani,1,0.0065,1
bondowoso,1,0.0065,1
hamid,1,0.0065,1
sutobondo,1,0.0065,1
proyogo,1,0.0065,1
jember,1,0.0065,1
fawaid,1,0.0065,1
fandi,1,0.0065,1
yani,1,0.0065,1
sanusi,1,0.0065,1
pacitan,1,0.0065,1
indrata,1,0.0065,1
bayuwaji,1,0.0065,1
ponorogo,1,0.0065,1
lisita,1,0.0065,1
subandi,1,0.0065,1
trenggalek,1,0.0065,1
arifin,1,0.0065,1
tulungagung,1,0.0065,1
baharudin,1,0.0065,1
wuryanto,1,0.0065,1
eri,1,0.0065,1
cahyadi,1,0.0065,1
mojokerto,1,0.0065,1
puspitasari,1,0.0065,1
suyanto,1,0.0065,1
sauki,1,0.0065,1
panuntun,1,0.0065,1
magetan,1,0.0065,1
suyatni,1,0.0065,1
priasmoro,1,0.0065,1
sumenep,1,0.0065,1
sampang,1,0.0065,1
lumajang,1,0.0065,1
nawawi,1,0.0065,1
ismet,1,0.0065,1
sodq,1,0.0065,1
biayanya,1,0.0065,1
upati,1,0.0065,1
mendagerri,1,0.0065,1
marsina,1,0.0065,1
gedungnya,1,0.0065,1
gudangnya,1,0.0065,1
sistemnya,1,0.0065,1
petugasnya,1,0.0065,1
logistiknya,1,0.0065,1
agras,1,0.0065,1
palma,1,0.0065,1
gatuk-gatuk,1,0.0065,1
intelektual-intelektual,1,0.0065,1
menghidap,1,0.0065,1
berbau,1,0.0065,1
segen,1,0.0065,1
rest,1,0.0065,1
tempur,1,0.0065,1
paham-paham,1,0.0065,1
mintanya,1,0.0065,1
disul,1,0.0065,1
dikitlah,1,0.0065,1
ngetok,1,0.0065,1
corting,1,0.0065,1
kortingnya,1,0.0065,1
menkopangan,1,0.0065,1
swasap,1,0.0065,1
kedolotan,1,0.0065,1
dhabi,1,0.0065,1
cic,1,0.0065,1
tabungannya,1,0.0065,1
rp,1,0.0065,1
r5,1,0.0065,1
r500,1,0.0065,1
patahkan,1,0.0065,1
keluruhan-keluruhan,1,0.0065,1
tersedot,1,0.0065,1
kelebihannya,1,0.0065,1
mengertilah,1,0.0065,1
imannya,1,0.0065,1
copot,1,0.0065,1
kredit-kredit,1,0.0065,1
greay,1,0.0065,1
puso,1,0.0065,1
ngeluh,1,0.0065,1
mengantar,1,0.0065,1
penyalur-penyalur,1,0.0065,1
botol,1,0.0065,1
diadakan,1,0.0065,1
menandakan,1,0.0065,1
lembaga-lembaganya,1,0.0065,1
institusi-institusinya,1,0.0065,1
lembek,1,0.0065,1
melelahkan,1,0.0065,1
kaca,1,0.0065,1
menkup,1,0.0065,1
mendageri,1,0.0065,1
legalitas,1,0.0065,1
hukumnya,1,0.0065,1
kir,1,0.0065,1
brengsek-brengsek,1,0.0065,1
kapok,1,0.0065,1
x,1,0.0065,1
ek,1,0.0065,1
menegur,1,0.0065,1
mencurangi,1,0.0065,1
jeri,1,0.0065,1
solvei,1,0.0065,1
agraspagan,1,0.0065,1
ngelawar,1,0.0065,1
bonjur,1,0.0065,1
difile,1,0.0065,1
bilateral,1,0.0065,1
konkret,1,0.0065,1
pelaksanakan,1,0.0065,1
european,1,0.0065,1
sep,1,0.0065,1
menyambut,1,0.0065,1
france,1,0.0065,1
partisipasi,1,0.0065,1
berpandangan,1,0.0065,1
paris,1,0.0065,1
invalid,1,0.0065,1
boku,1,0.0065,1
medam,1,0.0065,1
mc,1,0.0065,1
buddhist,1,0.0065,1
wafatnya,1,0.0065,1
sidarta,1,0.0065,1
gautama,1,0.0065,1
keberagamannya,1,0.0065,1
dipersatukan,1,0.0065,1
waisaktong,1,0.0065,1
hendaknya,1,0.0065,1
menebarkan,1,0.0065,1
mengedepankan,1,0.0065,1
welas,1,0.0065,1
asih,1,0.0065,1
kepedulian,1,0.0065,1
waak,1,0.0065,1
budis,1,0.0065,1
cahaya,1,0.0065,1
menerangi,1,0.0065,1
tabata,1,0.0065,1
bwantu,1,0.0065,1
tukitata,1,0.0065,1
makhluk,1,0.0065,1
parade,1,0.0065,1
kausa,1,0.0065,1
suhartoyo,1,0.0065,1
peringati,1,0.0065,1
penyelidik,1,0.0065,1
pemersatu,1,0.0065,1
rivalitas,1,0.0065,1
kelemahan-kelemahan,1,0.0065,1
logam,1,0.0065,1
batuara,1,0.0065,1
berlandaskan,1,0.0065,1
amelola,1,0.0065,1
penghidupan,1,0.0065,1
kkn,1,0.0065,1
egaliter,1,0.0065,1
ketidakberdayaan,1,0.0065,1
objek,1,0.0065,1
sejatinya,1,0.0065,1
haluan,1,0.0065,1
intisari,1,0.0065,1
persatuannya,1,0.0065,1
keadilannya,1,0.0065,1
kemanusiaannya,1,0.0065,1
amalkan,1,0.0065,1
azza,1,0.0065,1
jalla,1,0.0065,1
khusyuk,1,0.0065,1
dikabulkan,1,0.0065,1
olehnya,1,0.0065,1
alhamdulillahi,1,0.0065,1
rabbil,1,0.0065,1
khatamil,1,0.0065,1
ambiya,1,0.0065,1
waman,1,0.0065,1
tabiahum,1,0.0065,1
bistiqomati,1,0.0065,1
rida-mu,1,0.0065,1
kepada-mu,1,0.0065,1
mengamalkan,1,0.0065,1
razzaq,1,0.0065,1
menganugerahkan,1,0.0065,1
elok,1,0.0065,1
keragaman,1,0.0065,1
spiritual,1,0.0065,1
pertolongan-mu,1,0.0065,1
tidaklah,1,0.0065,1
aral,1,0.0065,1
melintang,1,0.0065,1
menghadang,1,0.0065,1
darimu,1,0.0065,1
terselesaikan,1,0.0065,1
mustahil,1,0.0065,1
ria,1,0.0065,1
rbana,1,0.0065,1
atina,1,0.0065,1
fid,1,0.0065,1
hasanah,1,0.0065,1
wafil,1,0.0065,1
akhirati,1,0.0065,1
hasanat,1,0.0065,1
waqinaabanar,1,0.0065,1
wadilnal,1,0.0065,1
jannata,1,0.0065,1
abr,1,0.0065,1
goffar,1,0.0065,1
rabbal,1,0.0065,1
andikaari,1,0.0065,1
bubarkan,1,0.0065,1
kuk,1,0.0065,1
panc,1,0.0065,1
pendukungmu,1,0.0065,1
amat,1,0.0065,1
berkorang,1,0.0065,1
mampus,1,0.0065,1
kentar,1,0.0065,1
serent,1,0.0065,1
serempat,1,0.0065,1
gembela,1,0.0065,1
serangu,1,0.0065,1
menerang,1,0.0065,1
gempar,1,0.0065,1
tahunya,1,0.0065,1
menco,1,0.0065,1
jusril,1,0.0065,1
justri,1,0.0065,1
diwaspadai,1,0.0065,1
yanti,1,0.0065,1
dayang,1,0.0065,1
arumsari,1,0.0065,1
akuntan,1,0.0065,1
relawan,1,0.0065,1
yayasan,1,0.0065,1
motivator,1,0.0065,1
pendapat-pendapat,1,0.0065,1
pandangan-pandangan,1,0.0065,1
parkir,1,0.0065,1
memelopori,1,0.0065,1
thanksgiving,1,0.0065,1
mejanya,1,0.0065,1
dedikasi,1,0.0065,1
konsepnya,1,0.0065,1
seperlima,1,0.0065,1
4at,1,0.0065,1
bagian-bagian,1,0.0065,1
gizinya,1,0.0065,1
kalahnya,1,0.0065,1
kekalahan,1,0.0065,1
kesamaan,1,0.0065,1
robbins,1,0.0065,1
tutupi,1,0.0065,1
almarhum,1,0.0065,1
sumitro,1,0.0065,1
indikasi-indikasi,1,0.0065,1
penyelewengan-penyelewengan,1,0.0065,1
kompeten,1,0.0065,1
tengkulak,1,0.0065,1
diserap,1,0.0065,1
rekrut,1,0.0065,1
mem-manage,1,0.0065,1
personil,1,0.0065,1
kom,1,0.0065,1
mauor,1,0.0065,1
dileceken,1,0.0065,1
sakral,1,0.0065,1
robins,1,0.0065,1
dapurnya,1,0.0065,1
info,1,0.0065,1
adakan,1,0.0065,1
sayurnya,1,0.0065,1
labo,1,0.0065,1
gede,1,0.0065,1
ditayangkan,1,0.0065,1
tayang,1,0.0065,1
kameramu,1,0.0065,1
sudahudah,1,0.0065,1
taruhkan,1,0.0065,1
gramnya,1,0.0065,1
knya,1,0.0065,1
delak,1,0.0065,1
trennya,1,0.0065,1
random,1,0.0065,1
difoto,1,0.0065,1
ditimbang,1,0.0065,1
telulat,1,0.0065,1
dariulan,1,0.0065,1
energisinya,1,0.0065,1
tepungnya,1,0.0065,1
telurnya,1,0.0065,1
mendik,1,0.0065,1
dasmen,1,0.0065,1
orek-orek,1,0.0065,1
dicok,1,0.0065,1
diceplok,1,0.0065,1
bulat,1,0.0065,1
dikupas,1,0.0065,1
kulitnya,1,0.0065,1
duakan,1,0.0065,1
kalat,1,0.0065,1
pakaman,1,0.0065,1
sisain,1,0.0065,1
difollow,1,0.0065,1
larut,1,0.0065,1
telinga,1,0.0065,1
pacel,1,0.0065,1
pil,1,0.0065,1
permusyarwatan,1,0.0065,1
musani,1,0.0065,1
himawan,1,0.0065,1
bukhori,1,0.0065,1
hibni,1,0.0065,1
syarif,1,0.0065,1
cicip,1,0.0065,1
sutarjo,1,0.0065,1
wiyogo,1,0.0065,1
reinaldo,1,0.0065,1
jona,1,0.0065,1
avi,1,0.0065,1
leong,1,0.0065,1
bpp,1,0.0065,1
todo,1,0.0065,1
pasarib,1,0.0065,1
mirzani,1,0.0065,1
josal,1,0.0065,1
jihan,1,0.0065,1
nurlela,1,0.0065,1
giri,1,0.0065,1
farusil,1,0.0065,1
mapsus,1,0.0065,1
ela,1,0.0065,1
nurmaya,1,0.0065,1
hamaroni,1,0.0065,1
ahais,1,0.0065,1
dito,1,0.0065,1
prengsewu,1,0.0065,1
rianto,1,0.0065,1
pasawaran,1,0.0065,1
nanda,1,0.0065,1
indira,1,0.0065,1
bastian,1,0.0065,1
tanggamus,1,0.0065,1
saleh,1,0.0065,1
asnawi,1,0.0065,1
mesuji,1,0.0065,1
yugi,1,0.0065,1
wicaksono,1,0.0065,1
rikfal,1,0.0065,1
fakhruri,1,0.0065,1
hilda,1,0.0065,1
kusumadewi,1,0.0065,1
muo,1,0.0065,1
bungo,1,0.0065,1
muaro,1,0.0065,1
ang,1,0.0065,1
suseno,1,0.0065,1
diza,1,0.0065,1
hazra,1,0.0065,1
aljosa,1,0.0065,1
sarulangun,1,0.0065,1
jerry,1,0.0065,1
trisat,1,0.0065,1
wika,1,0.0065,1
langsa,1,0.0065,1
haikal,1,0.0065,1
angkanya,1,0.0065,1
ke-6,1,0.0065,1
melekat,1,0.0065,1
kelakuannya,1,0.0065,1
kelakuanmu,1,0.0065,1
gelagatnya,1,0.0065,1
ibmi,1,0.0065,1
sekalipun,1,0.0065,1
le,1,0.0065,1
yuza,1,0.0065,1
lia,1,0.0065,1
grenfield,1,0.0065,1
spirit,1,0.0065,1
today,1,0.0065,1
claimed,1,0.0065,1
period,1,0.0065,1
possibly,1,0.0065,1
post,1,0.0065,1
industrial,1,0.0065,1
yet,1,0.0065,1
nor,1,0.0065,1
signs,1,0.0065,1
first,1,0.0065,1
appeared,1,0.0065,1
england,1,0.0065,1
becoming,1,0.0065,1
preponderant,1,0.0065,1
vision,1,0.0065,1
stimulated,1,0.0065,1
terjemahkan,1,0.0065,1
character,1,0.0065,1
karakteristik,1,0.0065,1
sendirinya,1,0.0065,1
distimulasi,1,0.0065,1
pertanyaan-pertanyaan,1,0.0065,1
burisal,1,0.0065,1
hadaliyak,1,0.0065,1
mewarisi,1,0.0065,1
mayoritas,1,0.0065,1
bedanya,1,0.0065,1
somalia,1,0.0065,1
gamblang,1,0.0065,1
diberlakukan,1,0.0065,1
lip,1,0.0065,1
luruskan,1,0.0065,1
rute,1,0.0065,1
cerdas-cerdasnya,1,0.0065,1
jualannya,1,0.0065,1
warungmu,1,0.0065,1
keuntunganmu,1,0.0065,1
lemarimu,1,0.0065,1
lacimu,1,0.0065,1
laci,1,0.0065,1
lemari,1,0.0065,1
tas,1,0.0065,1
analis-analis,1,0.0065,1
paguyuban,1,0.0065,1
menghantem,1,0.0065,1
dinamikanya,1,0.0065,1
kacau,1,0.0065,1
gariskan,1,0.0065,1
tempuh,1,0.0065,1
putin,1,0.0065,1
noise,1,0.0065,1
selamanya,1,0.0065,1
segala-galanya,1,0.0065,1
moskow,1,0.0065,1
zijin,1,0.0065,1
ping,1,0.0065,1
sahabatnya,1,0.0065,1
uki,1,0.0065,1
bricks,1,0.0065,1
terbangnya,1,0.0065,1
kelenger,1,0.0065,1
haruslah,1,0.0065,1
menupu,1,0.0065,1
sekitarmu,1,0.0065,1
turun-temurun,1,0.0065,1
rimba,1,0.0065,1
berlakunya,1,0.0065,1
industri-industri,1,0.0065,1
nanya-nanya,1,0.0065,1
sebagus,1,0.0065,1
bmw,1,0.0065,1
tek,1,0.0065,1
bocornya,1,0.0065,1
gedak,1,0.0065,1
temanmu,1,0.0065,1
gedeg-geredek,1,0.0065,1
belak,1,0.0065,1
luntur,1,0.0065,1
menggagas,1,0.0065,1
jutaan-jutaan,1,0.0065,1
kesantaran,1,0.0065,1
hip,1,0.0065,1
hatimu,1,0.0065,1
hitm,1,0.0065,1
hidm,1,0.0065,1
dosanya,1,0.0065,1
wogo,1,0.0065,1
banglatif,1,0.0065,1
setbel,1,0.0065,1
setebel,1,0.0065,1
terbendung,1,0.0065,1
algoritmenya,1,0.0065,1
karmu,1,0.0065,1
nyari,1,0.0065,1
dipajang,1,0.0065,1
militan,1,0.0065,1
menghasut,1,0.0065,1
mecah,1,0.0065,1
yakinlah,1,0.0065,1
menggonggong,1,0.0065,1
kafilah,1,0.0065,1
peniti,1,0.0065,1
hmm,1,0.0065,1
biji,1,0.0065,1
memukul,1,0.0065,1
gamolan,1,0.0065,1
rabu,1,0.0065,1
minangu,1,0.0065,1
alal,1,0.0065,1
kubatan,1,0.0065,1
sunguh,1,0.0065,1
kosser,1,0.0065,1
kos,1,0.0065,1
maner,1,0.0065,1
baner,1,0.0065,1
asalnya,1,0.0065,1
pimpilah,1,0.0065,1
masarnya,1,0.0065,1
gera,1,0.0065,1
мачи,1,0.0065,1
inser,1,0.0065,1
berkasa,1,0.0065,1
berbasa,1,0.0065,1
menyanyikan,1,0.0065,1
yaal,1,0.0065,1
minalman,1,0.0065,1
inal,1,0.0065,1
ahlal,1,0.0065,1
biladi,1,0.0065,1
anta,1,0.0065,1
urwanul,1,0.0065,1
faqika,1,0.0065,1
sapa,1,0.0065,1
imanmu,1,0.0065,1
negeriku,1,0.0065,1
panji,1,0.0065,1
martabatku,1,0.0065,1
tulimu,1,0.0065,1
jaal,1,0.0065,1
awaidil,1,0.0065,1
fawaidil,1,0.0065,1
imtinan,1,0.0065,1
malikilan,1,0.0065,1
habibina,1,0.0065,1
wafiina,1,0.0065,1
uswatina,1,0.0065,1
waunina,1,0.0065,1
waa,1,0.0065,1
wahi,1,0.0065,1
wamanabiahumin,1,0.0065,1
yaumil,1,0.0065,1
miad,1,0.0065,1
hadrat,1,0.0065,1
mukhtarin,1,0.0065,1
ulamaadil,1,0.0065,1
zamanza,1,0.0065,1
seken,1,0.0065,1
tanfidiyah,1,0.0065,1
nahatlatul,1,0.0065,1
bersilaturahim,1,0.0065,1
khana,1,0.0065,1
miladiyah,1,0.0065,1
muharram,1,0.0065,1
hadiniah,1,0.0065,1
niatin,1,0.0065,1
shihah,1,0.0065,1
mengawali,1,0.0065,1
surah,1,0.0065,1
sampai161,1,0.0065,1
qori,1,0.0065,1
jamiatul,1,0.0065,1
qura,1,0.0065,1
hufat,1,0.0065,1
nahdul,1,0.0065,1
fabima,1,0.0065,1
rahmatim,1,0.0065,1
lintalah,1,0.0065,1
kunta,1,0.0065,1
qalbi,1,0.0065,1
faddu,1,0.0065,1
haulik,1,0.0065,1
anhum,1,0.0065,1
wastaghfir,1,0.0065,1
lahum,1,0.0065,1
wasyaawirhum,1,0.0065,1
amr,1,0.0065,1
faidza,1,0.0065,1
azamta,1,0.0065,1
fatawakkalna,1,0.0065,1
alallah,1,0.0065,1
innallaha,1,0.0065,1
yuhibbul,1,0.0065,1
mutawakkilin,1,0.0065,1
umullahu,1,0.0065,1
akum,1,0.0065,1
yakulkumalladzi,1,0.0065,1
ba'dih,1,0.0065,1
alallahi,1,0.0065,1
falyatawakkalil,1,0.0065,1
wama,1,0.0065,1
kaana,1,0.0065,1
linabiyin,1,0.0065,1
wlulti,1,0.0065,1
bimaa,1,0.0065,1
yaumal,1,0.0065,1
yudlam,1,0.0065,1
laa,1,0.0065,1
yudlamun,1,0.0065,1
sadaqallahul,1,0.0065,1
aliyul,1,0.0065,1
adzim,1,0.0065,1
saquf,1,0.0065,1
wasyukrillah,1,0.0065,1
rasulillah,1,0.0065,1
ibni,1,0.0065,1
abdillah,1,0.0065,1
wasahbihi,1,0.0065,1
mawalah,1,0.0065,1
ba'ad,1,0.0065,1
menunggui,1,0.0065,1
aqil,1,0.0065,1
nashhal,1,0.0065,1
kafabih,1,0.0065,1
kifah,1,0.0065,1
hendar,1,0.0065,1
badan-badan,1,0.0065,1
otonom,1,0.0065,1
ibnu,1,0.0065,1
ippnu,1,0.0065,1
syaikhuna,1,0.0065,1
bukhari,1,0.0065,1
mengungkapkan,1,0.0065,1
terhingga,1,0.0065,1
konfersi,1,0.0065,1
melengkapi,1,0.0065,1
kombes,1,0.0065,1
selenggarakan,1,0.0065,1
sepakati,1,0.0065,1
nahdat,1,0.0065,1
khidmah,1,0.0065,1
fisabilillah,1,0.0065,1
kemaslahatan,1,0.0065,1
nasr,1,0.0065,1
minallah,1,0.0065,1
waathun,1,0.0065,1
gb,1,0.0065,1
wanaqan,1,0.0065,1
nasrul,1,0.0065,1
mukminin,1,0.0065,1
wallahul,1,0.0065,1
muwafiq,1,0.0065,1
aqb,1,0.0065,1
thq,1,0.0065,1
taujihat,1,0.0065,1
abuya,1,0.0065,1
ja'alana,1,0.0065,1
ummatin,1,0.0065,1
ukhrijat,1,0.0065,1
linas,1,0.0065,1
alladzina,1,0.0065,1
ymuruna,1,0.0065,1
mar'rufi,1,0.0065,1
waanhaunail,1,0.0065,1
munkar,1,0.0065,1
wala,1,0.0065,1
yarduna,1,0.0065,1
bidinillahil,1,0.0065,1
misas,1,0.0065,1
nuril,1,0.0065,1
wasirril,1,0.0065,1
asrar,1,0.0065,1
waakilyar,1,0.0065,1
miftahi,1,0.0065,1
muhammadinil,1,0.0065,1
mukhtar,1,0.0065,1
alihil,1,0.0065,1
ashabil,1,0.0065,1
akhyarad,1,0.0065,1
allahumimna,1,0.0065,1
ilman,1,0.0065,1
nafq,1,0.0065,1
awamah,1,0.0065,1
warzuqna,1,0.0065,1
naamu,1,0.0065,1
kaifaajik,1,0.0065,1
allahumarzuqna,1,0.0065,1
nabiinaal,1,0.0065,1
malaikatil,1,0.0065,1
muqarabin,1,0.0065,1
birahmatika,1,0.0065,1
akrimna,1,0.0065,1
binuril,1,0.0065,1
fahm,1,0.0065,1
akhrijna,1,0.0065,1
dulumatil,1,0.0065,1
wahm,1,0.0065,1
arhamarahimin,1,0.0065,1
hadaratil,1,0.0065,1
quramal,1,0.0065,1
izza,1,0.0065,1
nakhusu,1,0.0065,1
zikron,1,0.0065,1
arrais,1,0.0065,1
aljumhuriyah,1,0.0065,1
muafah,1,0.0065,1
daimah,1,0.0065,1
analir,1,0.0065,1
masyaikhom,1,0.0065,1
idem,1,0.0065,1
menyebut,1,0.0065,1
ikram,1,0.0065,1
takzim,1,0.0065,1
beliau-beliau,1,0.0065,1
membiasakan,1,0.0065,1
berbahasa,1,0.0065,1
dimaafkan,1,0.0065,1
maasiral,1,0.0065,1
walama,1,0.0065,1
alaiza,1,0.0065,1
afadil,1,0.0065,1
aljilla,1,0.0065,1
abajil,1,0.0065,1
wufan,1,0.0065,1
kiram,1,0.0065,1
muntail,1,0.0065,1
muomat,1,0.0065,1
haiat,1,0.0065,1
aliklimiah,1,0.0065,1
mahalliah,1,0.0065,1
asyarqiyah,1,0.0065,1
ayyuhal,1,0.0065,1
bismi,1,0.0065,1
lilatih,1,0.0065,1
almkaziah,1,0.0065,1
jamiyat,1,0.0065,1
wabismiati,1,0.0065,1
jamil,1,0.0065,1
khim,1,0.0065,1
jamtiil,1,0.0065,1
lakum,1,0.0065,1
asro,1,0.0065,1
sudurana,1,0.0065,1
afra,1,0.0065,1
qulubana,1,0.0065,1
asada,1,0.0065,1
hayatana,1,0.0065,1
juhudana,1,0.0065,1
bihudurikum,1,0.0065,1
jalsal,1,0.0065,1
iktitam,1,0.0065,1
bimusyawarati,1,0.0065,1
almunaqat,1,0.0065,1
tarikh,1,0.0065,1
alvenita,1,0.0065,1
masihian,1,0.0065,1
waaniah,1,0.0065,1
muharam,1,0.0065,1
arbaah,1,0.0065,1
asyar,1,0.0065,1
alfan,1,0.0065,1
waamanih,1,0.0065,1
arbain,1,0.0065,1
hijrian,1,0.0065,1
syekhuna,1,0.0065,1
laakka,1,0.0065,1
annaika,1,0.0065,1
yadlu,1,0.0065,1
khulium,1,0.0065,1
waimikum,1,0.0065,1
juhud,1,0.0065,1
waltihad,1,0.0065,1
aklakimatullah,1,0.0065,1
ulya,1,0.0065,1
iz,1,0.0065,1
lillah,1,0.0065,1
walil,1,0.0065,1
muslimin,1,0.0065,1
ayyu,1,0.0065,1
sadah,1,0.0065,1
wasayidat,1,0.0065,1
almukhtaramun,1,0.0065,1
alm,1,0.0065,1
mubajjalun,1,0.0065,1
nahnu,1,0.0065,1
maasyiral,1,0.0065,1
mudirin,1,0.0065,1
alkhadimin,1,0.0065,1
tahdiyin,1,0.0065,1
almahbubah,1,0.0065,1
almubarokah,1,0.0065,1
muqaror,1,0.0065,1
fiuniha,1,0.0065,1
waqatiha,1,0.0065,1
bodha,1,0.0065,1
anima,1,0.0065,1
masluha,1,0.0065,1
nahwa,1,0.0065,1
hadil,1,0.0065,1
allati,1,0.0065,1
masilah,1,0.0065,1
badi,1,0.0065,1
khairu,1,0.0065,1
ummah,1,0.0065,1
alkamsah,1,0.0065,1
hadza,1,0.0065,1
yajibu,1,0.0065,1
alariah,1,0.0065,1
taatul,1,0.0065,1
maksiah,1,0.0065,1
qallahu,1,0.0065,1
ayyuhalladzina,1,0.0065,1
atiullaha,1,0.0065,1
waurasul,1,0.0065,1
minkumallah,1,0.0065,1
zaid,1,0.0065,1
aslam,1,0.0065,1
aulil,1,0.0065,1
amriil,1,0.0065,1
walam,1,0.0065,1
yakun,1,0.0065,1
madin,1,0.0065,1
ahadun,1,0.0065,1
yufassirul,1,0.0065,1
ba'da,1,0.0065,1
ka'ab,1,0.0065,1
mluh,1,0.0065,1
faqala,1,0.0065,1
iqra,1,0.0065,1
faq,1,0.0065,1
innallahurkumul,1,0.0065,1
amati,1,0.0065,1
ahliha,1,0.0065,1
waid,1,0.0065,1
hakamtum,1,0.0065,1
bainanasi,1,0.0065,1
tahkum,1,0.0065,1
bilikril,1,0.0065,1
adl,1,0.0065,1
wasasahikriil,1,0.0065,1
ulamaatinamayakon,1,0.0065,1
ayuhal,1,0.0065,1
hudur,1,0.0065,1
anallah,1,0.0065,1
bani,1,0.0065,1
alu,1,0.0065,1
wasalamilahumil,1,0.0065,1
mulayatahum,1,0.0065,1
bain,1,0.0065,1
wul,1,0.0065,1
az,1,0.0065,1
ibr,1,0.0065,1
mahallin,1,0.0065,1
akbarillahullah,1,0.0065,1
daratal,1,0.0065,1
mulukasah,1,0.0065,1
jumhuriyati,1,0.0065,1
yaq,1,0.0065,1
mahabat,1,0.0065,1
qahu,1,0.0065,1
aina,1,0.0065,1
atiullah,1,0.0065,1
rasul,1,0.0065,1
minkum,1,0.0065,1
annisa,1,0.0065,1
ibadal,1,0.0065,1
waladimul,1,0.0065,1
wadum,1,0.0065,1
shallallahu,1,0.0065,1
wasallulkuq,1,0.0065,1
kufri,1,0.0065,1
wqulm,1,0.0065,1
majusamahimiah,1,0.0065,1
inahumul,1,0.0065,1
fiinihim,1,0.0065,1
alamilahum,1,0.0065,1
amun,1,0.0065,1
ibadi,1,0.0065,1
diragukan,1,0.0065,1
kekufuran,1,0.0065,1
kefasikan,1,0.0065,1
berpikiran,1,0.0065,1
husnudan,1,0.0065,1
tampak,1,0.0065,1
persediaan,1,0.0065,1
hambal,1,0.0065,1
mustajab,1,0.0065,1
cesleng,1,0.0065,1
hadiahkan,1,0.0065,1
bersungguh-sungguh,1,0.0065,1
bersemangat,1,0.0065,1
afiah,1,0.0065,1
pemikiran-pemikiran,1,0.0065,1
lebihnya,1,0.0065,1
ihdinasiratal,1,0.0065,1
wallahq,1,0.0065,1
wallah,1,0.0065,1
sejenak,1,0.0065,1
menengadakan,1,0.0065,1
qur'an,1,0.0065,1
nawaina,1,0.0065,1
maana,1,0.0065,1
wasalafus,1,0.0065,1
shih,1,0.0065,1
waila,1,0.0065,1
hadratin,1,0.0065,1
nabiil,1,0.0065,1
alhamdulillahirabbil,1,0.0065,1
alaminrahmanirrahim,1,0.0065,1
maiki,1,0.0065,1
nabudu,1,0.0065,1
nastainatal,1,0.0065,1
mustaqimathalladzina,1,0.0065,1
anamta,1,0.0065,1
ghairil,1,0.0065,1
magdubi,1,0.0065,1
washbihi,1,0.0065,1
hamda,1,0.0065,1
yuwafi,1,0.0065,1
niamahu,1,0.0065,1
waukfiu,1,0.0065,1
mazidah,1,0.0065,1
rabbana,1,0.0065,1
lakal,1,0.0065,1
hamdu,1,0.0065,1
syukru,1,0.0065,1
waksana,1,0.0065,1
yambagjilalikal,1,0.0065,1
karimi,1,0.0065,1
rbanaamna,1,0.0065,1
anfusana,1,0.0065,1
waillam,1,0.0065,1
tagfirlana,1,0.0065,1
watarhamna,1,0.0065,1
lanakunanna,1,0.0065,1
khirin,1,0.0065,1
allahumfirlana,1,0.0065,1
dunubana,1,0.0065,1
abaina,1,0.0065,1
ummahatina,1,0.0065,1
masyaikhina,1,0.0065,1
abrbana,1,0.0065,1
winaqamah,1,0.0065,1
inaka,1,0.0065,1
mianaubana,1,0.0065,1
baitana,1,0.0065,1
waanaha,1,0.0065,1
antal,1,0.0065,1
wahabana,1,0.0065,1
innakaum,1,0.0065,1
pengampun,1,0.0065,1
ampunilah,1,0.0065,1
saudara-sausa,1,0.0065,1
berikanlah,1,0.0065,1
stabilitasnya,1,0.0065,1
dun,1,0.0065,1
biha,1,0.0065,1
akatiha,1,0.0065,1
wadana,1,0.0065,1
minhair,1,0.0065,1
mautanana,1,0.0065,1
minar,1,0.0065,1
allahum,1,0.0065,1
alh,1,0.0065,1
baubina,1,0.0065,1
wahdinaulamahmati,1,0.0065,1
jadikanlah,1,0.0065,1
terbebas,1,0.0065,1
ahlana,1,0.0065,1
auladana,1,0.0065,1
innakain,1,0.0065,1
jauhkanlah,1,0.0065,1
marabahaya,1,0.0065,1
penghalang,1,0.0065,1
pelancaran,1,0.0065,1
bala,1,0.0065,1
balai,1,0.0065,1
waalail,1,0.0065,1
akhirah,1,0.0065,1
kulli,1,0.0065,1
wasallallahu,1,0.0065,1
alair,1,0.0065,1
khqi,1,0.0065,1
na'budu,1,0.0065,1
nastainal,1,0.0065,1
standismillahirrahmanirrahimam,1,0.0065,1
perutusan,1,0.0065,1
staq,1,0.0065,1
aslori,1,0.0065,1
forimda,1,0.0065,1
gara-gara,1,0.0065,1
nasaruddin,1,0.0065,1
nu-nya,1,0.0065,1
topinya,1,0.0065,1
pdh,1,0.0065,1
teddi,1,0.0065,1
katib,1,0.0065,1
awan,1,0.0065,1
terpandang,1,0.0065,1
saikona,1,0.0065,1
sukorejo,1,0.0065,1
sitobondo,1,0.0065,1
loro,1,0.0065,1
habiburahman,1,0.0065,1
buyai,1,0.0065,1
masruroh,1,0.0065,1
ris,1,0.0065,1
tetangganya,1,0.0065,1
agamis,1,0.0065,1
ditulis,1,0.0065,1
syuhbanul,1,0.0065,1
wathon,1,0.0065,1
dinyanyikan,1,0.0065,1
nyanyinya,1,0.0065,1
stabilisator,1,0.0065,1
dilanjut,1,0.0065,1
perundangan-undangan,1,0.0065,1
syok,1,0.0065,1
anggaplah,1,0.0065,1
kelalaian,1,0.0065,1
memakan,1,0.0065,1
memalsukan,1,0.0065,1
logam-logam,1,0.0065,1
resources-nya,1,0.0065,1
dayanya,1,0.0065,1
menyenangkan,1,0.0065,1
belakangan,1,0.0065,1
kenyataannya,1,0.0065,1
ditohok,1,0.0065,1
anomi,1,0.0065,1
dibantah,1,0.0065,1
bantah,1,0.0065,1
neraca,1,0.0065,1
inflow,1,0.0065,1
pembimbing,1,0.0065,1
benarnek,1,0.0065,1
sebulan,1,0.0065,1
nutup,1,0.0065,1
nutupi,1,0.0065,1
kholilqu,1,0.0065,1
konbes,1,0.0065,1
poin-poin,1,0.0065,1
bertetangga,1,0.0065,1
sesaat,1,0.0065,1
borgol,1,0.0065,1
mado,1,0.0065,1
pelvrina,1,0.0065,1
galil,1,0.0065,1
rasulallah,1,0.0065,1
samp,1,0.0065,1
oleh-oleh,1,0.0065,1
nilayan,1,0.0065,1
ktn,1,0.0065,1
yadi,1,0.0065,1
sofyan,1,0.0065,1
sulifri,1,0.0065,1
gusnar,1,0.0065,1
ismail,1,0.0065,1
yulius,1,0.0065,1
svanus,1,0.0065,1
lewerisa,1,0.0065,1
sherlie,1,0.0065,1
canda,1,0.0065,1
victtor,1,0.0065,1
mailangkai,1,0.0065,1
huga,1,0.0065,1
kebangetan,1,0.0065,1
irigasi-irrigasi,1,0.0065,1
suryan,1,0.0065,1
listy,1,0.0065,1
subiantonya,1,0.0065,1
widyasanti,1,0.0065,1
karantina,1,0.0065,1
asf,1,0.0065,1
herdiawan,1,0.0065,1
leti,1,0.0065,1
subula,1,0.0065,1
subulus,1,0.0065,1
bancin,1,0.0065,1
tarakan,1,0.0065,1
aliah,1,0.0065,1
mubago,1,0.0065,1
rendi,1,0.0065,1
wirjawan,1,0.0065,1
tual,1,0.0065,1
rumra,1,0.0065,1
ke-17,1,0.0065,1
nel,1,0.0065,1
mkp,1,0.0065,1
antrean,1,0.0065,1
dianut,1,0.0065,1
diutamakan,1,0.0065,1
rti,1,0.0065,1
penasihatnya,1,0.0065,1
poliklinik,1,0.0065,1
dipolitik,1,0.0065,1
wakil-wakilnya,1,0.0065,1
tentaranya,1,0.0065,1
dikutip,1,0.0065,1
kalem-kalem,1,0.0065,1
kelak,1,0.0065,1
gitu-gitu,1,0.0065,1
pikirin,1,0.0065,1
ngomong-ngomong,1,0.0065,1
sopanob,1,0.0065,1
bayar-bayar,1,0.0065,1
supporter,1,0.0065,1
goblok,1,0.0065,1
disorak-sorain,1,0.0065,1
swasadap,1,0.0065,1
sasadap,1,0.0065,1
semasapangan,1,0.0065,1
gubernur-gubernur,1,0.0065,1
manis,1,0.0065,1
kapten,1,0.0065,1
striker,1,0.0065,1
semasada,1,0.0065,1
matanya,1,0.0065,1
nyuri,1,0.0065,1
ajaib,1,0.0065,1
beroda,1,0.0065,1
swaanda,1,0.0065,1
sesat,1,0.0065,1
berasnya,1,0.0065,1
fao,1,0.0065,1
ditelepon,1,0.0065,1
swasapangan,1,0.0065,1
bbn,1,0.0065,1
sas,1,0.0065,1
saudara-saudaraan,1,0.0065,1
kesetiaanmu,1,0.0065,1
sn,1,0.0065,1
saudaraker,1,0.0065,1
edward,1,0.0065,1
wolok,1,0.0065,1
rektornya,1,0.0065,1
gerakkan,1,0.0065,1
pemikir-pemikir,1,0.0065,1
berpindah-pindah,1,0.0065,1
muncullah,1,0.0065,1
masyar,1,0.0065,1
masyarakat-masyarakat,1,0.0065,1
agraris,1,0.0065,1
posisi-posisi,1,0.0065,1
nakqoda,1,0.0065,1
kapalnya,1,0.0065,1
pijit,1,0.0065,1
man,1,0.0065,1
women,1,0.0065,1
behind,1,0.0065,1
pilotnya,1,0.0065,1
mengikut,1,0.0065,1
pragapan,1,0.0065,1
praanggapan,1,0.0065,1
arkeologi,1,0.0065,1
antropologi,1,0.0065,1
pengusap,1,0.0065,1
passion,1,0.0065,1
ukraina,1,0.0065,1
rata,1,0.0065,1
akibatnya,1,0.0065,1
afghanistan,1,0.0065,1
balukistan,1,0.0065,1
wangai,1,0.0065,1
renungkan,1,0.0065,1
persuasi,1,0.0065,1
kepintaran,1,0.0065,1
abdikan,1,0.0065,1
anarki,1,0.0065,1
kepuasaan,1,0.0065,1
desainnya,1,0.0065,1
klaim,1,0.0065,1
risikonya,1,0.0065,1
kopi-kopi,1,0.0065,1
sarsakan,1,0.0065,1
buomen-boomen,1,0.0065,1
bn,1,0.0065,1
root,1,0.0065,1
salhan,1,0.0065,1
konvenser,1,0.0065,1
senayang,1,0.0065,1
adapun,1,0.0065,1
bismillahirrahmanirrahiman,1,0.0065,1
saintech,1,0.0065,1
aplikatif,1,0.0065,1
oskar,1,0.0065,1
terhubung,1,0.0065,1
sindi,1,0.0065,1
anggi,1,0.0065,1
mendarwan,1,0.0065,1
cindi,1,0.0065,1
sar,1,0.0065,1
pandangannya,1,0.0065,1
mengumpulkan,1,0.0065,1
keluh,1,0.0065,1
kesah,1,0.0065,1
detailnya,1,0.0065,1
rundown,1,0.0065,1
tampaknya,1,0.0065,1
misalnya,1,0.0065,1
memangnya,1,0.0065,1
dibanggakan,1,0.0065,1
pemerintahannya,1,0.0065,1
usulannya,1,0.0065,1
tengahnya,1,0.0065,1
dialokasikan,1,0.0065,1
komitmennya,1,0.0065,1
kalikan,1,0.0065,1
imron,1,0.0065,1
cindy,1,0.0065,1
anggarwan,1,0.0065,1
akhiri,1,0.0065,1
fadila,1,0.0065,1
rosaria,1,0.0065,1
mengingat,1,0.0065,1
antusiasme,1,0.0065,1
besarnya,1,0.0065,1
tadolako,1,0.0065,1
imperial,1,0.0065,1
college,1,0.0065,1
london,1,0.0065,1
skema,1,0.0065,1
stem,1,0.0065,1
rista,1,0.0065,1
globalnya,1,0.0065,1
disepakati,1,0.0065,1
ditindaklanjuti,1,0.0065,1
perkenan,1,0.0065,1
pengetukan,1,0.0065,1
palu,1,0.0065,1
sarasean,1,0.0065,1
wush,1,0.0065,1
buemen-boyomen,1,0.0065,1
keesemb,1,0.0065,1
punawiraan,1,0.0065,1
rusman,1,0.0065,1
bimantoro,1,0.0065,1
sutanto,1,0.0065,1
hendarso,1,0.0065,1
danuri,1,0.0065,1
pradopo,1,0.0065,1
sutarman,1,0.0065,1
purawiirawan,1,0.0065,1
badrudin,1,0.0065,1
haiti,1,0.0065,1
keberusian,1,0.0065,1
persimpangan,1,0.0065,1
kompetensi,1,0.0065,1
melind,1,0.0065,1
langgeng,1,0.0065,1
institusi-institusi,1,0.0065,1
bertransformasi,1,0.0065,1
dambakkan,1,0.0065,1
giatnya,1,0.0065,1
pri,1,0.0065,1
pemunan,1,0.0065,1
peninjau,1,0.0065,1
sumur,1,0.0065,1
leluasa,1,0.0065,1
mengganjal,1,0.0065,1
pemangku,1,0.0065,1
bepergian,1,0.0065,1
ditekan,1,0.0065,1
kejata,1,0.0065,1
maksud-maksud,1,0.0065,1
menyesuaikan,1,0.0065,1
cyber,1,0.0065,1
perkebunan-perkebunan,1,0.0065,1
color,1,0.0065,1
crime,1,0.0065,1
mengungkap,1,0.0065,1
komdigi,1,0.0065,1
insiden,1,0.0065,1
tumpul,1,0.0065,1
kriminalisasi,1,0.0065,1
penyalahgunaan,1,0.0065,1
dilayani,1,0.0065,1
bersalah,1,0.0065,1
perbuatannya,1,0.0065,1
dibajak,1,0.0065,1
kepentingan-kepentingan,1,0.0065,1
berciri,1,0.0065,1
pendapatnya,1,0.0065,1
terpelihara,1,0.0065,1
datanglah,1,0.0065,1
layani,1,0.0065,1
menyusahkan,1,0.0065,1
berperilaku,1,0.0065,1
dirgayu,1,0.0065,1
presisi,1,0.0065,1
andika,1,0.0065,1
bayangkari,1,0.0065,1
airlangga,1,0.0065,1
hartto,1,0.0065,1
danan,1,0.0065,1
rlani,1,0.0065,1
letkol,1,0.0065,1
alo,1,0.0065,1
miri,1,0.0065,1
patijaya,1,0.0065,1
kutai,1,0.0065,1
menerapkan,1,0.0065,1
alamnya,1,0.0065,1
dicanangkan,1,0.0065,1
tiga-tiga,1,0.0065,1
sasembadap,1,0.0065,1
mengenyuh,1,0.0065,1
berkhianatlah,1,0.0065,1
importan,1,0.0065,1
elemen-elemen,1,0.0065,1
insinyur-insinyur,1,0.0065,1
lubang,1,0.0065,1
ketahui,1,0.0065,1
termatkan,1,0.0065,1
b100,1,0.0065,1
pimpinanpimpinan,1,0.0065,1
kita-kita,1,0.0065,1
wiraswasta,1,0.0065,1
terdidik,1,0.0065,1
keenehan,1,0.0065,1
minder,1,0.0065,1
wars,1,0.0065,1
inferiority,1,0.0065,1
complex,1,0.0065,1
rekannya,1,0.0065,1
nurinin,1,0.0065,1
nurunin,1,0.0065,1
mempermalukan,1,0.0065,1
jelek-jelekin,1,0.0065,1
keos,1,0.0065,1
colaps,1,0.0065,1
membicarakan,1,0.0065,1
lamborghini,1,0.0065,1
jut4,1,0.0065,1
dioksida,1,0.0065,1
ekivalen,1,0.0065,1
digenyek,1,0.0065,1
ketahu,1,0.0065,1
adikmu,1,0.0065,1
berlebihan,1,0.0065,1
tanahnya,1,0.0065,1
say,1,0.0065,1
difina,1,0.0065,1
terpaan,1,0.0065,1
celaan,1,0.0065,1
menghina,1,0.0065,1
pandawa,1,0.0065,1
kurawa,1,0.0065,1
divisah,1,0.0065,1
ekspedisi,1,0.0065,1
menu,1,0.0065,1
sungkawa,1,0.0065,1
pembersihan,1,0.0065,1
pembuatan,1,0.0065,1
penyebaran,1,0.0065,1
nark,1,0.0065,1
narkoba,1,0.0065,1
umrahnya,1,0.0065,1
kerbau,1,0.0065,1
sapinya,1,0.0065,1
pengkajian,1,0.0065,1
jajaranmu,1,0.0065,1
dut,1,0.0065,1
ke-8,1,0.0065,1
diunching,1,0.0065,1
cikampek,1,0.0065,1
reboi,1,0.0065,1
dihitung-hitung,1,0.0065,1
nunggu-nunggu,1,0.0065,1
persero,1,0.0065,1
sul,1,0.0065,1
siman,1,0.0065,1
letc,1,0.0065,1
iwayan,1,0.0065,1
coaster,1,0.0065,1
zaini,1,0.0065,1
mataram,1,0.0065,1
mohan,1,0.0065,1
roliskana,1,0.0065,1
mahyudi,1,0.0065,1
dompu,1,0.0065,1
firdaus,1,0.0065,1
sumbawa,1,0.0065,1
sarafudin,1,0.0065,1
warisin,1,0.0065,1
fatul,1,0.0065,1
bahri,1,0.0065,1
najmul,1,0.0065,1
vikon,1,0.0065,1
bandungan,1,0.0065,1
sidan,1,0.0065,1
gianyar,1,0.0065,1
rukoh,1,0.0065,1
pidi,1,0.0065,1
kelayahan,1,0.0065,1
belakangnya,1,0.0065,1
terkotak-kotak,1,0.0065,1
mengab,1,0.0065,1
abdi,1,0.0065,1
bintangmu,1,0.0065,1
sepatumu,1,0.0065,1
diblue,1,0.0065,1
banjingan,1,0.0065,1
ngomongnya,1,0.0065,1
y,1,0.0065,1
nabati,1,0.0065,1
impor-import,1,0.0065,1
menghabisi,1,0.0065,1
meraja,1,0.0065,1
penipuan-penipuan,1,0.0065,1
bumnbumn,1,0.0065,1
sarang,1,0.0065,1
guner,1,0.0065,1
birokratbirokrat,1,0.0065,1
diperalat,1,0.0065,1
sembunyi,1,0.0065,1
ben,1,0.0065,1
merugi,1,0.0065,1
ptdi,1,0.0065,1
dibunuh,1,0.0065,1
ptp,1,0.0065,1
selam,1,0.0065,1
pindak,1,0.0065,1
teruji,1,0.0065,1
pasifik,1,0.0065,1
panitianya,1,0.0065,1
tonggak-tonggak,1,0.0065,1
impimport,1,0.0065,1
uria,1,0.0065,1
gembar-gembor,1,0.0065,1
licik,1,0.0065,1
nipu,1,0.0065,1
cukupkah,1,0.0065,1
minumlah,1,0.0065,1
nungguin,1,0.0065,1
meriksa,1,0.0065,1
susah-susah,1,0.0065,1
setoran,1,0.0065,1
disangka,1,0.0065,1
scrambd,1,0.0065,1
scrambberd,1,0.0065,1
ork,1,0.0065,1
orenya,1,0.0065,1
ilmuan,1,0.0065,1
terkecil,1,0.0065,1
permusyawatan,1,0.0065,1
kopiahnya,1,0.0065,1
cooperate,1,0.0065,1
koperatif,1,0.0065,1
rico,1,0.0065,1
frantino,1,0.0065,1
induk,1,0.0065,1
bertentangan,1,0.0065,1
dirancang,1,0.0065,1
akhirnyalah,1,0.0065,1
kecil-kecil,1,0.0065,1
kepleset,1,0.0065,1
majikan,1,0.0065,1
kataku,1,0.0065,1
sapu,1,0.0065,1
muka-muka,1,0.0065,1
akanembalikan,1,0.0065,1
disedot,1,0.0065,1
sokok,1,0.0065,1
soko,1,0.0065,1
melarang,1,0.0065,1
mohonlah,1,0.0065,1
bajingannya,1,0.0065,1
kasar,1,0.0065,1
gerakan-gerakan,1,0.0065,1
akarnya,1,0.0065,1
teori-teori,1,0.0065,1
pahamnya,1,0.0065,1
effect,1,0.0065,1
heh,1,0.0065,1
kesabarannya,1,0.0065,1
neolet,1,0.0065,1
ninggalkan,1,0.0065,1
euweuh,1,0.0065,1
ewah,1,0.0065,1
pakaruna,1,0.0065,1
sorgum,1,0.0065,1
bon,1,0.0065,1
pesimis,1,0.0065,1
bomen-bomen,1,0.0065,1
buemen-boemen,1,0.0065,1
pemaaf,1,0.0065,1
meres,1,0.0065,1
bangsak,1,0.0065,1
pengkhianat,1,0.0065,1
karma,1,0.0065,1
digebuin,1,0.0065,1
buktikanlah,1,0.0065,1
benak,1,0.0065,1
kebutas,1,0.0065,1
hapuskan,1,0.0065,1
haircut,1,0.0065,1
memotong,1,0.0065,1
cengkaman,1,0.0065,1
membebaskan,1,0.0065,1
dikoperasi,1,0.0065,1
susidi,1,0.0065,1
sedemikian,1,0.0065,1
praktis,1,0.0065,1
teoritis,1,0.0065,1
sebaiknya,1,0.0065,1
nyusul,1,0.0065,1
geray,1,0.0065,1
bangkir-bangkir,1,0.0065,1
cs,1,0.0065,1
obat-obatnya,1,0.0065,1
dialah,1,0.0065,1
tangkapan,1,0.0065,1
projeksikan,1,0.0065,1
siapa-siapa,1,0.0065,1
tengkorokan,1,0.0065,1
pikir-pikir,1,0.0065,1
mitro,1,0.0065,1
lihat-lihat,1,0.0065,1
terhangat,1,0.0065,1
travel,1,0.0065,1
hanania,1,0.0065,1
diduga,1,0.0065,1
melapor,1,0.0065,1
polda,1,0.0065,1
sajikan,1,0.0065,1
aktual,1,0.0065,1
diperbincangkan,1,0.0065,1
lewatkan,1,0.0065,1
update,1,0.0065,1
menyajikan,1,0.0065,1
menganalisis,1,0.0065,1
tren,1,0.0065,1
awali,1,0.0065,1
penyejuk,1,0.0065,1
bentak,1,0.0065,1
buntu,1,0.0065,1
didengarkan,1,0.0065,1
diamalkan,1,0.0065,1
hutang-putih,1,0.0065,1
ajalim,1,0.0065,1
musamma,1,0.0065,1
faktu,1,0.0065,1
inpex,1,0.0065,1
lawerisa,1,0.0065,1
forco,1,0.0065,1
kudam,1,0.0065,1
panimbar,1,0.0065,1
jawerisa,1,0.0065,1
noah,1,0.0065,1
skk,1,0.0065,1
migas,1,0.0065,1
lng,1,0.0065,1
maselah,1,0.0065,1
taninbar,1,0.0065,1
terhambat,1,0.0065,1
tanimar,1,0.0065,1
impx,1,0.0065,1
petronas,1,0.0065,1
membahu,1,0.0065,1
bermitra,1,0.0065,1
penakut,1,0.0065,1
keramahtamahan,1,0.0065,1
pribuminya,1,0.0065,1
trik,1,0.0065,1
kembalinya,1,0.0065,1
berbesar,1,0.0065,1
mitranya,1,0.0065,1
tamunya,1,0.0065,1
jalankanlah,1,0.0065,1
sebaliknya,1,0.0065,1
produk-produk,1,0.0065,1
kondensat,1,0.0065,1
jawabnya,1,0.0065,1
kompetensinya,1,0.0065,1
action,1,0.0065,1
pengharga,1,0.0065,1
intek,1,0.0065,1
impact,1,0.0065,1
uweda,1,0.0065,1
pendorong,1,0.0065,1
tam,1,0.0065,1
tandio,1,0.0065,1
revita,1,0.0065,1
simban,1,0.0065,1
junta,1,0.0065,1
zuk,1,0.0065,1
shamsudin,1,0.0065,1
prasutyo,1,0.0065,1
bpn,1,0.0065,1
adiningar,1,0.0065,1
widyasari,1,0.0065,1
sanuksi,1,0.0065,1
walik,1,0.0065,1
nurahman,1,0.0065,1
bulokan,1,0.0065,1
ramdani,1,0.0065,1
kodarela,1,0.0065,1
akmal,1,0.0065,1
agustira,1,0.0065,1
matin,1,0.0065,1
jawahir,1,0.0065,1
tanfidiah,1,0.0065,1
pw,1,0.0065,1
apt,1,0.0065,1
arum,1,0.0065,1
sabil,1,0.0065,1
mikirin,1,0.0065,1
spiritus,1,0.0065,1
ethanol,1,0.0065,1
giovanni,1,0.0065,1
advokasi,1,0.0065,1
prayogo,1,0.0065,1
jonathan,1,0.0065,1
fakhudin,1,0.0065,1
mujib,1,0.0065,1
teburan,1,0.0065,1
ngateman,1,0.0065,1
kedele,1,0.0065,1
pandean,1,0.0065,1
vicon,1,0.0065,1
tersenggalnya,1,0.0065,1
besit,1,0.0065,1
terusangnya,1,0.0065,1
sasaran-sasaran,1,0.0065,1
selayaknya,1,0.0065,1
menggapai,1,0.0065,1
dilawan,1,0.0065,1
memusuhi,1,0.0065,1
terut,1,0.0065,1
suak,1,0.0065,1
peremajaan,1,0.0065,1
meremajakan,1,0.0065,1
ilmu-ilmu,1,0.0065,1
hidupkan,1,0.0065,1
pameran,1,0.0065,1
pabriknya,1,0.0065,1
e100,1,0.0065,1
nonton,1,0.0065,1
membebek,1,0.0065,1
mikirnya,1,0.0065,1
sedihu,1,0.0065,1
hongkong,1,0.0065,1
manh,1,0.0065,1
lantas,1,0.0065,1
ramil,1,0.0065,1
ramen,1,0.0065,1
babinsa,1,0.0065,1
motor-motor,1,0.0065,1
film,1,0.0065,1
jeep-jep,1,0.0065,1
rep,1,0.0065,1
teknik-tekniknya,1,0.0065,1
serbu,1,0.0065,1
pistol,1,0.0065,1
sanabaru,1,0.0065,1
pelurunya,1,0.0065,1
komandannya,1,0.0065,1
komandan-komandan,1,0.0065,1
jarkoni,1,0.0065,1
ngajar,1,0.0065,1
ngelakoni,1,0.0065,1
ngarso,1,0.0065,1
sungelodo,1,0.0065,1
ramalkan,1,0.0065,1
anggal,1,0.0065,1
ik,1,0.0065,1
sema,1,0.0065,1
nakak,1,0.0065,1
apalah,1,0.0065,1
nanam,1,0.0065,1
kesultan,1,0.0065,1
amplop,1,0.0065,1
tebal,1,0.0065,1
shalalom,1,0.0065,1
omo,1,0.0065,1
seru,1,0.0065,1
petan,1,0.0065,1
rum,1,0.0065,1
kanudah,1,0.0065,1
pang,1,0.0065,1
kasal,1,0.0065,1
kasau,1,0.0065,1
ritual,1,0.0065,1
pergolakan,1,0.0065,1
kenyataan-kenyataan,1,0.0065,1
berm,1,0.0065,1
membanding-bandingkan,1,0.0065,1
menut,1,0.0065,1
perekonomi,1,0.0065,1
ininvoicing,1,0.0065,1
enforcing,1,0.0065,1
menupuk-nupuk,1,0.0065,1
dumeh,1,0.0065,1
pahlawan-pahlawannya,1,0.0065,1
dihadapinya,1,0.0065,1
dilestarikan,1,0.0065,1
protes,1,0.0065,1
muang,1,0.0065,1
melemah,1,0.0065,1
alasannya,1,0.0065,1
boros,1,0.0065,1
diambilnya,1,0.0065,1
berujung,1,0.0065,1
merumuskan,1,0.0065,1
integralistik,1,0.0065,1
tertera,1,0.0065,1
retorika,1,0.0065,1
memborong,1,0.0065,1
fakir,1,0.0065,1
berinisiatif,1,0.0065,1
menakut-nakuti,1,0.0065,1
selera,1,0.0065,1
goal,1,0.0065,1
kecurangan,1,0.0065,1
wellbeing,1,0.0065,1
quality,1,0.0065,1
gender,1,0.0065,1
equality,1,0.0065,1
affordable,1,0.0065,1
decent,1,0.0065,1
industry,1,0.0065,1
innovation,1,0.0065,1
infrastructure,1,0.0065,1
reduced,1,0.0065,1
inequalities,1,0.0065,1
mining,1,0.0065,1
logging,1,0.0065,1
dibalik,1,0.0065,1
edan,1,0.0065,1
dibenarkan,1,0.0065,1
tabungan-tabungan,1,0.0065,1
dikonsolidasi,1,0.0065,1
di-manage,1,0.0065,1
rapi,1,0.0065,1
pantau,1,0.0065,1
berkisar,1,0.0065,1
memerger,1,0.0065,1
denud,1,0.0065,1
own,1,0.0065,1
enterprise,1,0.0065,1
menyanggupi,1,0.0065,1
merger,1,0.0065,1
ditutupnya,1,0.0065,1
tokyo,1,0.0065,1
inprex,1,0.0065,1
impex,1,0.0065,1
himbauan,1,0.0065,1
pulang-pulang,1,0.0065,1
tekan-tekan,1,0.0065,1
hgo,1,0.0065,1
hgb,1,0.0065,1
siup,1,0.0065,1
kksk,1,0.0065,1
gambarkan,1,0.0065,1
diusulkanlah,1,0.0065,1
terapkan,1,0.0065,1
r7,1,0.0065,1
kitang,1,0.0065,1
r27,1,0.0065,1
menusuk,1,0.0065,1
deal-nya,1,0.0065,1
kontraknya,1,0.0065,1
pd,1,0.0065,1
menyatu,1,0.0065,1
diturunkan,1,0.0065,1
emerging,1,0.0065,1
dipandang,1,0.0065,1
gaftek,1,0.0065,1
single,1,0.0065,1
identity,1,0.0065,1
card,1,0.0065,1
dieksekusi,1,0.0065,1
diimplementasi,1,0.0065,1
sinkron,1,0.0065,1
penyederhana,1,0.0065,1
pemerintah-pemerintah,1,0.0065,1
sepotong-sepotong,1,0.0065,1
kesulit,1,0.0065,1
rezim,1,0.0065,1
mengelu-elukan,1,0.0065,1
dikelilingi,1,0.0065,1
ditinggalkan,1,0.0065,1
welfare,1,0.0065,1
mencaci,1,0.0065,1
rp250,1,0.0065,1
r800,1,0.0065,1
kuliahunggalunggal,1,0.0065,1
kebersipihakan,1,0.0065,1
r200,1,0.0065,1
dikali,1,0.0065,1
r96,1,0.0065,1
nyaris,1,0.0065,1
stimulan,1,0.0065,1
swadaya,1,0.0065,1
indeksnya,1,0.0065,1
bajar,1,0.0065,1
fak,1,0.0065,1
r30,1,0.0065,1
achieved,1,0.0065,1
pertit,1,0.0065,1
rp89,1,0.0065,1
rp130,1,0.0065,1
diskota,1,0.0065,1
penumpang,1,0.0065,1
angkutan,1,0.0065,1
gras,1,0.0065,1
liter,1,0.0065,1
tunjukkan,1,0.0065,1
bad,1,0.0065,1
rich,1,0.0065,1
richer,1,0.0065,1
contohnya,1,0.0065,1
r4,1,0.0065,1
balita,1,0.0065,1
giginya,1,0.0065,1
afirmatif,1,0.0065,1
fresh,1,0.0065,1
graduate,1,0.0065,1
rp9,1,0.0065,1
lpdp,1,0.0065,1
unhan,1,0.0065,1
rp334,1,0.0065,1
rp14,1,0.0065,1
pembudidaya,1,0.0065,1
kur,1,0.0065,1
sertifikat,1,0.0065,1
umk,1,0.0065,1
persekolah,1,0.0065,1
tersampaikan,1,0.0065,1
terkirim,1,0.0065,1
telecommunication,1,0.0065,1
e-goverment,1,0.0065,1
aps,1,0.0065,1
portal,1,0.0065,1
interintegrasi,1,0.0065,1
desmen,1,0.0065,1
umpan,1,0.0065,1
aplikasi,1,0.0065,1
memasukin,1,0.0065,1
mendaftar,1,0.0065,1
diperbarui,1,0.0065,1
akurat,1,0.0065,1
mall,1,0.0065,1
pelayaran,1,0.0065,1
mengantre,1,0.0065,1
berpindah,1,0.0065,1
kronis,1,0.0065,1
pecahkan,1,0.0065,1
ran,1,0.0065,1
miliun,1,0.0065,1
berskala,1,0.0065,1
diprioritaskan,1,0.0065,1
macet,1,0.0065,1
pengampunan,1,0.0065,1
listriknya,1,0.0065,1
internet,1,0.0065,1
keluruhan,1,0.0065,1
hangus,1,0.0065,1
pusu,1,0.0065,1
gerai-geri,1,0.0065,1
alsintan,1,0.0065,1
supply,1,0.0065,1
retail,1,0.0065,1
blackmail,1,0.0065,1
menimbun,1,0.0065,1
mengisap,1,0.0065,1
memicu,1,0.0065,1
pedagangan,1,0.0065,1
rettail,1,0.0065,1
diriset,1,0.0065,1
penengah,1,0.0065,1
diperhitungkan,1,0.0065,1
middlem,1,0.0065,1
kdmp,1,0.0065,1
marginnya,1,0.0065,1
ekonom-ekonom,1,0.0065,1
ditimbulkan,1,0.0065,1
pribadi-pribadi,1,0.0065,1
tebang,1,0.0065,1
menyehat,1,0.0065,1
menyehatkan,1,0.0065,1
terapi,1,0.0065,1
melihara,1,0.0065,1
diracuni,1,0.0065,1
underinvoicing,1,0.0065,1
gulipat,1,0.0065,1
itu-itu,1,0.0065,1
done,1,0.0065,1
kebijakannya,1,0.0065,1
arahnya,1,0.0065,1
pengantar,1,0.0065,1
pengantarnya,1,0.0065,1
henti-henti,1,0.0065,1
ke-28,1,0.0065,1
daskoh,1,0.0065,1
kirana,1,0.0065,1
wurianto,1,0.0065,1
dwianto,1,0.0065,1
suparno,1,0.0065,1
abcandra,1,0.0065,1
juliati,1,0.0065,1
samsal,1,0.0065,1
sugifi,1,0.0065,1
yodoyono,1,0.0065,1
sudibo,1,0.0065,1
kafah,1,0.0065,1
manarul,1,0.0065,1
rustini,1,0.0065,1
adal,1,0.0065,1
aka,1,0.0065,1
alatari,1,0.0065,1
suryah,1,0.0065,1
memakai,1,0.0065,1
nomix,1,0.0065,1
ketegasan,1,0.0065,1
roh,1,0.0065,1
menginginkan,1,0.0065,1
dewa-dewa,1,0.0065,1
cangkir,1,0.0065,1
selisihnya,1,0.0065,1
ditabung,1,0.0065,1
ditabung-tabung,1,0.0065,1
pgb,1,0.0065,1
harlahnya,1,0.0065,1
tahunmu,1,0.0065,1
bos,1,0.0065,1
masyaallah,1,0.0065,1
stimah,1,0.0065,1
nurani,1,0.0065,1
koridor,1,0.0065,1
dasok,1,0.0065,1
wuh,1,0.0065,1
gusimin,1,0.0065,1
daskco,1,0.0065,1
provokator,1,0.0065,1
dipahami,1,0.0065,1
dimengerti,1,0.0065,1
sononya,1,0.0065,1
incremental,1,0.0065,1
capital,1,0.0065,1
output,1,0.0065,1
ratio,1,0.0065,1
nambah,1,0.0065,1
r1,1,0.0065,1
selisih,1,0.0065,1
per6,1,0.0065,1
digelembungkan,1,0.0065,1
digelembungkannya,1,0.0065,1
kotak-kotak,1,0.0065,1
disentuh,1,0.0065,1
media-media,1,0.0065,1
sebutlah,1,0.0065,1
antikritik,1,0.0065,1
londo,1,0.0065,1
ulul,1,0.0065,1
lond-londo,1,0.0065,1
listrikmu,1,0.0065,1
handphone-emu,1,0.0065,1
nurunkan,1,0.0065,1
gol,1,0.0065,1
support,1,0.0065,1
belak-blakan,1,0.0065,1
berpisah,1,0.0065,1
terusan,1,0.0065,1
kecapekan,1,0.0065,1
tanya-tanya,1,0.0065,1
punawiran,1,0.0065,1
kelenengan,1,0.0065,1
harlah-haralah,1,0.0065,1
menyakiti,1,0.0065,1
tawar-menawar,1,0.0065,1
senafas,1,0.0065,1
sejiwa,1,0.0065,1
insting,1,0.0065,1
cium,1,0.0065,1
burhanudin,1,0.0065,1
rifka,1,0.0065,1
haluk,1,0.0065,1
wiagus,1,0.0065,1
halilul,1,0.0065,1
khairi,1,0.0065,1
pamungkatan,1,0.0065,1
rahmat-nya,1,0.0065,1
pamuong,1,0.0065,1
hidupmu,1,0.0065,1
pelita,1,0.0065,1
dituntut,1,0.0065,1
menyandang,1,0.0065,1
kedudukannya,1,0.0065,1
seberapa,1,0.0065,1
keputusan-keputusan,1,0.0065,1
beratnya,1,0.0065,1
luas-luas,1,0.0065,1
menganggutkan,1,0.0065,1
didikte,1,0.0065,1
ditip,1,0.0065,1
tipu,1,0.0065,1
penentu,1,0.0065,1
kebijakankebijakan,1,0.0065,1
kandas,1,0.0065,1
bergaul,1,0.0065,1
anakara,1,0.0065,1
bintara,1,0.0065,1
seleksinya,1,0.0065,1
meritokrasi,1,0.0065,1
enis,1,0.0065,1
khianati,1,0.0065,1
kesombongan,1,0.0065,1
bertindakmu,1,0.0065,1
almamatarmu,1,0.0065,1
prajanya,1,0.0065,1
mesa,1,0.0065,1
berdekatan,1,0.0065,1
terlampir,1,0.0065,1
destri,1,0.0065,1
pgs,1,0.0065,1
jago-jago,1,0.0065,1
keturunannya,1,0.0065,1
maui,1,0.0065,1
gujarat,1,0.0065,1
forkom,1,0.0065,1
pinda,1,0.0065,1
pakima,1,0.0065,1
dekat-dekatan,1,0.0065,1
kdm,1,0.0065,1
warnanya,1,0.0065,1
talinya,1,0.0065,1
faiz,1,0.0065,1
kurniawan,1,0.0065,1
banjarnegara,1,0.0065,1
desiana,1,0.0065,1
paremita,1,0.0065,1
kristianto,1,0.0065,1
kendal,1,0.0065,1
kartika,1,0.0065,1
permanasari,1,0.0065,1
klaten,1,0.0065,1
hamenang,1,0.0065,1
ismoyo,1,0.0065,1
purbalingga,1,0.0065,1
fahmi,1,0.0065,1
ngesti,1,0.0065,1
yon,1,0.0065,1
supriono,1,0.0065,1
afzan,1,0.0065,1
aslan,1,0.0065,1
junaid,1,0.0065,1
salatiga,1,0.0065,1
robi,1,0.0065,1
grobokan,1,0.0065,1
sugeng,1,0.0065,1
wurja,1,0.0065,1
pati,1,0.0065,1
risma,1,0.0065,1
ardiandra,1,0.0065,1
sukirman,1,0.0065,1
btn,1,0.0065,1
bsi,1,0.0065,1
komisioner,1,0.0065,1
heru,1,0.0065,1
nugroho,1,0.0065,1
suranto,1,0.0065,1
aersi,1,0.0065,1
pera,1,0.0065,1
asprumnas,1,0.0065,1
syawali,1,0.0065,1
pratna,1,0.0065,1
apernas,1,0.0065,1
sulf,1,0.0065,1
fakar,1,0.0065,1
tersebar,1,0.0065,1
riadi,1,0.0065,1
tertarik,1,0.0065,1
salingemp,1,0.0065,1
deras,1,0.0065,1
hangatnya,1,0.0065,1
diulang-ulangi,1,0.0065,1
kaj,1,0.0065,1
lalangan,1,0.0065,1
prinsipnya,1,0.0065,1
sembad,1,0.0065,1
drastis,1,0.0065,1
estetikanya,1,0.0065,1
kali-kali,1,0.0065,1
rt,1,0.0065,1
rw,1,0.0065,1
dirut-dirut,1,0.0065,1
akon,1,0.0065,1
lomba,1,0.0065,1
terjorok,1,0.0065,1
dipindat,1,0.0065,1
dam,1,0.0065,1
truck,1,0.0065,1
kelestariannya,1,0.0065,1
nursery-nursery,1,0.0065,1
lingkungannya,1,0.0065,1
panglima-panglima,1,0.0065,1
salon,1,0.0065,1
celananya,1,0.0065,1
dengkul,1,0.0065,1
dikotorin,1,0.0065,1
inf,1,0.0065,1
selesainya,1,0.0065,1
supianto,1,0.0065,1
masal,1,0.0065,1
kp,1,0.0065,1
menyala,1,0.0065,1
rasyidin,1,0.0065,1
fadli,1,0.0065,1
zon,1,0.0065,1
bahril,1,0.0065,1
hadalia,1,0.0065,1
forkomopinda,1,0.0065,1
wilujeng,1,0.0065,1
pramestuti,1,0.0065,1
masinis,1,0.0065,1
memori,1,0.0065,1
kuil-kuil,1,0.0065,1
bangunan-bangunan,1,0.0065,1
ekonomis,1,0.0065,1
demokratisasi,1,0.0065,1
kertapi,1,0.0065,1
public,1,0.0065,1
dilema,1,0.0065,1
terlayani,1,0.0065,1
lintasan-lintasan,1,0.0065,1
defisa,1,0.0065,1
secangkir,1,0.0065,1
membukus,1,0.0065,1
kafe,1,0.0065,1
rantinya,1,0.0065,1
ditebang,1,0.0065,1
estetika,1,0.0065,1
aslinya,1,0.0065,1
rumbai,1,0.0065,1
merokok,1,0.0065,1
asbes,1,0.0065,1
kimiawi,1,0.0065,1
anjurkan,1,0.0065,1
stasiun-stasiun,1,0.0065,1
sepele,1,0.0065,1
borobuddur,1,0.0065,1
pramanan,1,0.0065,1
pelestarian,1,0.0065,1
kesan,1,0.0065,1
terawat,1,0.0065,1
beautiful,1,0.0065,1
menopang,1,0.0065,1
explorer,1,0.0065,1
berhati,1,0.0065,1
kerdil,1,0.0065,1
bakuni,1,0.0065,1
baki,1,0.0065,1
bekah,1,0.0065,1
bakuhuni,1,0.0065,1
ringan-ringan,1,0.0065,1
stasiun-stun,1,0.0065,1
transumatera,1,0.0065,1
sve,1,0.0065,1
siapak,1,0.0065,1
cagar,1,0.0065,1
pembugaran,1,0.0065,1
diresumikan,1,0.0065,1
kendala,1,0.0065,1
menghantui,1,0.0065,1
genangan,1,0.0065,1
banji,1,0.0065,1
rop,1,0.0065,1
pesisir,1,0.0065,1
kerap,1,0.0065,1
menumpukan,1,0.0065,1
kenyamanan,1,0.0065,1
kegunaan,1,0.0065,1
guna,1,0.0065,1
drinasi,1,0.0065,1
keaslian,1,0.0065,1
fasad,1,0.0065,1
peninggalan,1,0.0065,1
radi,1,0.0065,1
ongkosnya,1,0.0065,1
karmelita,1,0.0065,1
hartoto,1,0.0065,1
gafur,1,0.0065,1
anita,1,0.0065,1
prihapsari,1,0.0065,1
susatyo,1,0.0065,1
azizamsudin,1,0.0065,1
kreket,1,0.0065,1
huan,1,0.0065,1
permata,1,0.0065,1
ade,1,0.0065,1
asosiasi-asosiasi,1,0.0065,1
apo,1,0.0065,1
adt,1,0.0065,1
digugat,1,0.0065,1
firli,1,0.0065,1
ganinduto,1,0.0065,1
pengemauan,1,0.0065,1
properti,1,0.0065,1
budiarsa,1,0.0065,1
sastra,1,0.0065,1
winata,1,0.0065,1
titi,1,0.0065,1
koriah,1,0.0065,1
tirta,1,0.0065,1
kadin-kadin,1,0.0065,1
kanak,1,0.0065,1
longgar,1,0.0065,1
subap,1,0.0065,1
rici,1,0.0065,1
glen,1,0.0065,1
yapranadi,1,0.0065,1
aryandi,1,0.0065,1
dek,1,0.0065,1
golcnya,1,0.0065,1
mirza,1,0.0065,1
yuliandri,1,0.0065,1
darwis,1,0.0065,1
usman,1,0.0065,1
almer,1,0.0065,1
faik,1,0.0065,1
nuryanto,1,0.0065,1
sudiro,1,0.0065,1
putranto,1,0.0065,1
darsono,1,0.0065,1
nasution,1,0.0065,1
hamka,1,0.0065,1
amanda,1,0.0065,1
nura,1,0.0065,1
memperpanjang,1,0.0065,1
perpanjangan,1,0.0065,1
kilit,1,0.0065,1
laing,1,0.0065,1
romi,1,0.0065,1
junanto,1,0.0065,1
muksin,1,0.0065,1
lianto,1,0.0065,1
zakliana,1,0.0065,1
joku,1,0.0065,1
suryati,1,0.0065,1
faisal,1,0.0065,1
saputro,1,0.0065,1
masuri,1,0.0065,1
zanet,1,0.0065,1
raudatul,1,0.0065,1
jannah,1,0.0065,1
mamuju,1,0.0065,1
fajri,1,0.0065,1
kadri,1,0.0065,1
iwan,1,0.0065,1
aras,1,0.0065,1
penusan,1,0.0065,1
pemukinan,1,0.0065,1
yarli,1,0.0065,1
penasat,1,0.0065,1
nasbi,1,0.0065,1
ceoo,1,0.0065,1
pasaribu,1,0.0065,1
heriawan,1,0.0065,1
ty,1,0.0065,1
officer,1,0.0065,1
santosa,1,0.0065,1
perekon,1,0.0065,1
hilalisasi,1,0.0065,1
slip,1,0.0065,1
persatukan,1,0.0065,1
sinergitas,1,0.0065,1
matriks,1,0.0065,1
dikumpulin,1,0.0065,1
tunjukin,1,0.0065,1
elit-nya,1,0.0065,1
confident,1,0.0065,1
depangan,1,0.0065,1
pertemuan-pertemuan,1,0.0065,1
sesituasi,1,0.0065,1
kontinen,1,0.0065,1
remehkan,1,0.0065,1
duga-duga,1,0.0065,1
zona,1,0.0065,1
berkecamuk,1,0.0065,1
milisi-milisi,1,0.0065,1
sahabat-sahabat,1,0.0065,1
ketegangan-ketegangan,1,0.0065,1
kolonial,1,0.0065,1
warisi,1,0.0065,1
sepihak,1,0.0065,1
diprovokasi,1,0.0065,1
alignment,1,0.0065,1
neutral,1,0.0065,1
png,1,0.0065,1
republic,1,0.0065,1
mencampur,1,0.0065,1
negeri-negara,1,0.0065,1
bertutur,1,0.0065,1
15-an,1,0.0065,1
1600-an,1,0.0065,1
critical,1,0.0065,1
kulkas,1,0.0065,1
refrigeration,1,0.0065,1
kayu-kayu,1,0.0065,1
kapal-kapalnya,1,0.0065,1
curse,1,0.0065,1
berkecamuklah,1,0.0065,1
tulisan,1,0.0065,1
imparan,1,0.0065,1
bahas,1,0.0065,1
berita-berita,1,0.0065,1
emirates,1,0.0065,1
panga,1,0.0065,1
member,1,0.0065,1
kd,1,0.0065,1
mapakan,1,0.0065,1
permasalahan,1,0.0065,1
dipengaruhi,1,0.0065,1
bahliladia,1,0.0065,1
gumiwangkarta,1,0.0065,1
keadin,1,0.0065,1
dulia,1,0.0065,1
oktavian,1,0.0065,1
menengok,1,0.0065,1
lipi,1,0.0065,1
cibinong,1,0.0065,1
penguasaan,1,0.0065,1
kritikal,1,0.0065,1
faks,1,0.0065,1
terusanang,1,0.0065,1
tip,1,0.0065,1
mainporanya,1,0.0065,1
pssi,1,0.0065,1
pelatihnya,1,0.0065,1
guru-gurunya,1,0.0065,1
penyebabnya,1,0.0065,1
saintis,1,0.0065,1
sence,1,0.0065,1
science,1,0.0065,1
pola,1,0.0065,1
rana,1,0.0065,1
membantingkan,1,0.0065,1
membandingkan,1,0.0065,1
oecd,1,0.0065,1
merosot,1,0.0065,1
sinilah,1,0.0065,1
penemuan-penemuan,1,0.0065,1
paten-paten,1,0.0065,1
bacalaureat,1,0.0065,1
joint,1,0.0065,1
kso,1,0.0065,1
koruptif,1,0.0065,1
mis,1,0.0065,1
suparni,1,0.0065,1
dasco,1,0.0065,1
golok,1,0.0065,1
goldcar,1,0.0065,1
pwiran,1,0.0065,1
binsar,1,0.0065,1
pratekno,1,0.0065,1
sulqi,1,0.0065,1
prasio,1,0.0065,1
penuguran,1,0.0065,1
sugo,1,0.0065,1
ngabsen,1,0.0065,1
penangwan,1,0.0065,1
redkol,1,0.0065,1
kahar,1,0.0065,1
muzakir,1,0.0065,1
murdiat,1,0.0065,1
tamsil,1,0.0065,1
lingrung,1,0.0065,1
yoris,1,0.0065,1
raweai,1,0.0065,1
testimoni,1,0.0065,1
pengiran,1,0.0065,1
terjang,1,0.0065,1
dua-dua,1,0.0065,1
kehidupannya,1,0.0065,1
dua-duanya,1,0.0065,1
n,1,0.0065,1
ayahandanya,1,0.0065,1
petarung,1,0.0065,1
dnd,1,0.0065,1
memberatkan,1,0.0065,1
ndak,1,0.0065,1
didapatkan,1,0.0065,1
empati,1,0.0065,1
roan,1,0.0065,1
getaran,1,0.0065,1
instinct,1,0.0065,1
vibes,1,0.0065,1
chemistry,1,0.0065,1
tanggapan,1,0.0065,1
google,1,0.0065,1
kampusnya,1,0.0065,1
surga,1,0.0065,1
telapak,1,0.0065,1
rotan,1,0.0065,1
rotannya,1,0.0065,1
ikat,1,0.0065,1
pinggang,1,0.0065,1
komentar-komentar,1,0.0065,1
belak-belakan,1,0.0065,1
bla-blaan,1,0.0065,1
berhasillah,1,0.0065,1
menjinakkan,1,0.0065,1
kalem,1,0.0065,1
bataknya,1,0.0065,1
ngobrol,1,0.0065,1
leil,1,0.0065,1
nguat-nguatkan,1,0.0065,1
bolehlah,1,0.0065,1
konstituen,1,0.0065,1
suada,1,0.0065,1
suasada,1,0.0065,1
cool,1,0.0065,1
mempersoalkan,1,0.0065,1
teriakan,1,0.0065,1
segan-segan,1,0.0065,1
diteriakin,1,0.0065,1
r0,1,0.0065,1
diperb,1,0.0065,1
rap,1,0.0065,1
ulangilah,1,0.0065,1
ril,1,0.0065,1
sasembad,1,0.0065,1
cak,1,0.0065,1
always,1,0.0065,1
rakabomi,1,0.0065,1
geraka,1,0.0065,1
lakabumingraka,1,0.0065,1
budo,1,0.0065,1
abdurah,1,0.0065,1
permisatan,1,0.0065,1
hori,1,0.0065,1
penasehat,1,0.0065,1
murti,1,0.0065,1
darmapalo,1,0.0065,1
ketidak,1,0.0065,1
pastian,1,0.0065,1
rakabum,1,0.0065,1
janji-janji,1,0.0065,1
core,1,0.0065,1
hasil-hasilnya,1,0.0065,1
tertunaikan,1,0.0065,1
berpuluh,1,0.0065,1
pingsan,1,0.0065,1
kecapaian,1,0.0065,1
berjanji,1,0.0065,1
kalender,1,0.0065,1
elninonya,1,0.0065,1
swasembad,1,0.0065,1
rawit,1,0.0065,1
r70,1,0.0065,1
diakan,1,0.0065,1
berpuas,1,0.0065,1
rangsangan,1,0.0065,1
perannya,1,0.0065,1
literasi,1,0.0065,1
berpegang,1,0.0065,1
mengundangkan,1,0.0065,1
satunya,1,0.0065,1
tripartit,1,0.0065,1
dipanjangkan,1,0.0065,1
diputus,1,0.0065,1
daring,1,0.0065,1
rp112,1,0.0065,1
auditor,1,0.0065,1
supreme,1,0.0065,1
institutions,1,0.0065,1
tosai,1,0.0065,1
board,1,0.0065,1
auditors,1,0.0065,1
pemantauan,1,0.0065,1
taraf,1,0.0065,1
mengenai,1,0.0065,1
remunerasi,1,0.0065,1
mahkamah-mahkamah,1,0.0065,1
gangguan,1,0.0065,1
rp931,1,0.0065,1
kebanyakan,1,0.0065,1
berbelit,1,0.0065,1
mangsa,1,0.0065,1
wewenangnya,1,0.0065,1
purwosari,1,0.0065,1
bertani,1,0.0065,1
disediakan,1,0.0065,1
memangkas,1,0.0065,1
del8an,1,0.0065,1
kerbo,1,0.0065,1
sektor-sektor,1,0.0065,1
pelelangan,1,0.0065,1
armada,1,0.0065,1
saudagar-saudagar,1,0.0065,1
bergeraknya,1,0.0065,1
dimanipulasi,1,0.0065,1
organisir,1,0.0065,1
dagangan,1,0.0065,1
bagai,1,0.0065,1
penguasa,1,0.0065,1
sovn,1,0.0065,1
wthw,1,0.0065,1
bumnbn,1,0.0065,1
bumn-bumn,1,0.0065,1
kisa,1,0.0065,1
pengurus-pengurus,1,0.0065,1
amnesti,1,0.0065,1
laporannya,1,0.0065,1
untungnya,1,0.0065,1
bwan,1,0.0065,1
mengkerut,1,0.0065,1
bea,1,0.0065,1
bakamlah,1,0.0065,1
tugasmu,1,0.0065,1
gadget-gajet,1,0.0065,1
tbk,1,0.0065,1
valuasinya,1,0.0065,1
projeksi,1,0.0065,1
borongborong,1,0.0065,1
ptima,1,0.0065,1
pelindo,1,0.0065,1
ptpn,1,0.0065,1
dipilotkan,1,0.0065,1
pesawatnya,1,0.0065,1
pesawat-pesawat,1,0.0065,1
bertambah,1,0.0065,1
rp16,1,0.0065,1
rp85,1,0.0065,1
perbaikan-perbaikan,1,0.0065,1
penanaman,1,0.0065,1
rp53,1,0.0065,1
rp138,1,0.0065,1
diproyeksikan,1,0.0065,1
r3,1,0.0065,1
meningkatnya,1,0.0065,1
menyetujui,1,0.0065,1
dme,1,0.0065,1
downstreaming,1,0.0065,1
upstreaming,1,0.0065,1
ip-ip-nya,1,0.0065,1
ditambang,1,0.0065,1
pastinya,1,0.0065,1
export,1,0.0065,1
processing-nya,1,0.0065,1
muat,1,0.0065,1
fero,1,0.0065,1
veru,1,0.0065,1
pembayaran,1,0.0065,1
meliputi,1,0.0065,1
dicurangi,1,0.0065,1
agencies,1,0.0065,1
pengrajin,1,0.0065,1
bangkrut,1,0.0065,1
menyelamat,1,0.0065,1
menyeberang,1,0.0065,1
jambatan,1,0.0065,1
desa-desanya,1,0.0065,1
jerik,1,0.0065,1
wudu,1,0.0065,1
offteraker,1,0.0065,1
diorganisir,1,0.0065,1
rambutan,1,0.0065,1
walter,1,0.0065,1
cantumkan,1,0.0065,1
pengemudi-pengebudi,1,0.0065,1
ojek,1,0.0065,1
jerih,1,0.0065,1
registrasi,1,0.0065,1
berlakukan,1,0.0065,1
mengadopsi,1,0.0065,1
memulai,1,0.0065,1
biadab,1,0.0065,1
beno,1,0.0065,1
siswi,1,0.0065,1
buger,1,0.0065,1
terlihat,1,0.0065,1
smk,1,0.0065,1
konten,1,0.0065,1
mengulang-ulangi,1,0.0065,1
studio-studio,1,0.0065,1
mancanegara,1,0.0065,1
perawat,1,0.0065,1
caregiver,1,0.0065,1
ulet,1,0.0065,1
komputer,1,0.0065,1
keterpurukan,1,0.0065,1
permanen,1,0.0065,1
siswanya,1,0.0065,1
mengayuh,1,0.0065,1
haknya,1,0.0065,1
ramadani,1,0.0065,1
jene,1,0.0065,1
berjualan,1,0.0065,1
kacang,1,0.0065,1
ayahnya,1,0.0065,1
wafat,1,0.0065,1
penyandang,1,0.0065,1
disuabilitas,1,0.0065,1
karate,1,0.0065,1
lagilah,1,0.0065,1
karatemu,1,0.0065,1
kabar,1,0.0065,1
ke-15,1,0.0065,1
matematika,1,0.0065,1
sosiologi,1,0.0065,1
ismi,1,0.0065,1
ulfaidah,1,0.0065,1
poliwari,1,0.0065,1
mandar,1,0.0065,1
paski,1,0.0065,1
braka,1,0.0065,1
pelajar,1,0.0065,1
bimbingan,1,0.0065,1
bakat,1,0.0065,1
belitang,1,0.0065,1
konawe,1,0.0065,1
bulungan,1,0.0065,1
membedakan,1,0.0065,1
menjak,1,0.0065,1
cimahi,1,0.0065,1
ikn,1,0.0065,1
lpk,1,0.0065,1
kirimkan,1,0.0065,1
pjajaran,1,0.0065,1
gulanya,1,0.0065,1
menanggung,1,0.0065,1
jkn,1,0.0065,1
organ-organ,1,0.0065,1
ngelirik-ngelirik,1,0.0065,1
sebentarak,1,0.0065,1
pendaftar,1,0.0065,1
fotokopi,1,0.0065,1
kelayakan,1,0.0065,1
menyerahkan,1,0.0065,1
perluas,1,0.0065,1
kesra,1,0.0065,1
ketepat,1,0.0065,1
susana,1,0.0065,1
rp700,1,0.0065,1
marga,1,0.0065,1
reita,1,0.0065,1
roi,1,0.0065,1
mengiam,1,0.0065,1
tantenya,1,0.0065,1
penopang,1,0.0065,1
sia-sia,1,0.0065,1
longs,1,0.0065,1
jumatan,1,0.0065,1
bertumbuh,1,0.0065,1
stipulan,1,0.0065,1
swada,1,0.0065,1
telma,1,0.0065,1
humena,1,0.0065,1
rapuh,1,0.0065,1
bsps,1,0.0065,1
kawaru,1,0.0065,1
samarinda,1,0.0065,1
kelinci,1,0.0065,1
kontrakan,1,0.0065,1
sampingnya,1,0.0065,1
duni,1,0.0065,1
dasinya,1,0.0065,1
selesailah,1,0.0065,1
streaming,1,0.0065,1
dpdi,1,0.0065,1
tibalah,1,0.0065,1
pendukungnya,1,0.0065,1
permusyarawatan,1,0.0065,1
saan,1,0.0065,1
samsu,1,0.0065,1
suryadarma,1,0.0065,1
dukungannya,1,0.0065,1
penyimpan,1,0.0065,1
tangkapannya,1,0.0065,1
berkibar,1,0.0065,1
memasuki,1,0.0065,1
tertekan,1,0.0065,1
keohor,1,0.0065,1
triple,1,0.0065,1
bbb,1,0.0065,1
kokohnya,1,0.0065,1
prospek,1,0.0065,1
berhati-hati,1,0.0065,1
memusatkan,1,0.0065,1
china,1,0.0065,1
lian,1,0.0065,1
aaaa,1,0.0065,1
penerbitan,1,0.0065,1
panda,1,0.0065,1
bons,1,0.0065,1
guncangan,1,0.0065,1
eksternal,1,0.0065,1
penilaian-penilaian,1,0.0065,1
kredibilitas,1,0.0065,1
konsistensi,1,0.0065,1
pijakan,1,0.0065,1
ra,1,0.0065,1
ekspansif,1,0.0065,1
kolaboratif,1,0.0065,1
andal,1,0.0065,1
digairahkan,1,0.0065,1
harmonisasi,1,0.0065,1
ditegakkan,1,0.0065,1
fokuskan,1,0.0065,1
pkpn,1,0.0065,1
rp13,1,0.0065,1
usahakan,1,0.0065,1
sekecil-kecilnya,1,0.0065,1
berimbang,1,0.0065,1
sbn,1,0.0065,1
kom0,1,0.0065,1
membaik,1,0.0065,1
diminimalisasi,1,0.0065,1
dikembangkan,1,0.0065,1
rebasing,1,0.0065,1
sedengar,1,0.0065,1
formulir,1,0.0065,1
mengasumsikan,1,0.0065,1
daten,1,0.0065,1
disahkan,1,0.0065,1
eksekusi,1,0.0065,1
dibelanjakan,1,0.0065,1
membelinya,1,0.0065,1
spesifikasinya,1,0.0065,1
prosesnya,1,0.0065,1
berulang,1,0.0065,1
tawar,1,0.0065,1
katalog,1,0.0065,1
pinter,1,0.0065,1
pemda-pemda,1,0.0065,1
terpisah,1,0.0065,1
pembelinya,1,0.0065,1
rp26,1,0.0065,1
serupa,1,0.0065,1
spesifikasi,1,0.0065,1
distandardisasi,1,0.0065,1
pengadangan,1,0.0065,1
akuntabel,1,0.0065,1
sanalah,1,0.0065,1
memeriksa,1,0.0065,1
kandungan,1,0.0065,1
bayi,1,0.0065,1
imunisasi,1,0.0065,1
dideteksi,1,0.0065,1
rp4,1,0.0065,1
laboratorium,1,0.0065,1
lapesmas,1,0.0065,1
lapkesmas,1,0.0065,1
sedekat,1,0.0065,1
rumput,1,0.0065,1
dievakuasi,1,0.0065,1
merevitalisasi,1,0.0065,1
city,1,0.0065,1
scan,1,0.0065,1
mamografi,1,0.0065,1
usg,1,0.0065,1
merujuk,1,0.0065,1
pasien,1,0.0065,1
gerai,1,0.0065,1
penyebab,1,0.0065,1
stroke,1,0.0065,1
ginjal,1,0.0065,1
hartanya,1,0.0065,1
subsesialis,1,0.0065,1
waktu-waktu,1,0.0065,1
lulusnya,1,0.0065,1
retak,1,0.0065,1
toilet,1,0.0065,1
wariskan,1,0.0065,1
memasang,1,0.0065,1
distance,1,0.0065,1
learning,1,0.0065,1
lompatan,1,0.0065,1
dipungut,1,0.0065,1
bayaran,1,0.0065,1
lanjutan,1,0.0065,1
kitanya,1,0.0065,1
membatik,1,0.0065,1
batik,1,0.0065,1
ubah,1,0.0065,1
mekanisme,1,0.0065,1
bursanya,1,0.0065,1
ketentuan,1,0.0065,1
diterbitkan,1,0.0065,1
reference,1,0.0065,1
price,1,0.0065,1
referensi,1,0.0065,1
liquid,1,0.0065,1
burusan,1,0.0065,1
kredibel,1,0.0065,1
mutualisasi,1,0.0065,1
demutualisasi,1,0.0065,1
startup,1,0.0065,1
ekuitas,1,0.0065,1
memperbesar,1,0.0065,1
credibel,1,0.0065,1
digali,1,0.0065,1
ramping,1,0.0065,1
mempermudah,1,0.0065,1
pemanfaatan,1,0.0065,1
akuntable,1,0.0065,1
monetization,1,0.0065,1
pipeline,1,0.0065,1
diputar,1,0.0065,1
airport,1,0.0065,1
integrasi,1,0.0065,1
penerbagan,1,0.0065,1
integratif,1,0.0065,1
potensial,1,0.0065,1
menggantinya,1,0.0065,1
anugerah,1,0.0065,1
sinar,1,0.0065,1
idealnya,1,0.0065,1
mew,1,0.0065,1
setidaknya,1,0.0065,1
rp73,1,0.0065,1
pfei,1,0.0065,1
dana-dana,1,0.0065,1
dfi,1,0.0065,1
pusat-pusat,1,0.0065,1
seketa,1,0.0065,1
berstandar,1,0.0065,1
adopsi,1,0.0065,1
adok,1,0.0065,1
perbankan,1,0.0065,1
fintech,1,0.0065,1
office,1,0.0065,1
treasury,1,0.0065,1
repatriasi,1,0.0065,1
perbacakan,1,0.0065,1
golden,1,0.0065,1
visa,1,0.0065,1
pencucian,1,0.0065,1
pemilik,1,0.0065,1
pertukaran,1,0.0065,1
menempukan,1,0.0065,1
pembangun,1,0.0065,1
ditanamkan,1,0.0065,1
subang,1,0.0065,1
seaall,1,0.0065,1
tenggelam,1,0.0065,1
seol,1,0.0065,1
segmen,1,0.0065,1
berisik,1,0.0065,1
dipertaruhkan,1,0.0065,1
elektrifikasi,1,0.0065,1
mobilitas,1,0.0065,1
diproduksi,1,0.0065,1
jualnya,1,0.0065,1
melaju,1,0.0065,1
mla,1,0.0065,1
pengurangan,1,0.0065,1
seniman,1,0.0065,1
mengajukan,1,0.0065,1
selektif,1,0.0065,1
bomn,1,0.0065,1
memanggil,1,0.0065,1
markup,1,0.0065,1
penggelembungan,1,0.0065,1
tumpeng,1,0.0065,1
tahun-ulang,1,0.0065,1
konstruktif,1,0.0065,1
gwk,1,0.0065,1
harthartartarto,1,0.0065,1
hivirisasi,1,0.0065,1
feli,1,0.0065,1
lcti,1,0.0065,1
koster,1,0.0065,1
jembrana,1,0.0065,1
kembang,1,0.0065,1
hartawan,1,0.0065,1
panglisir,1,0.0065,1
kehadirannya,1,0.0065,1
hardiawan,1,0.0065,1
falisasi,1,0.0065,1
cto,1,0.0065,1
danantaras,1,0.0065,1
buji,1,0.0065,1
irwan,1,0.0065,1
maulid,1,0.0065,1
kerawanan-kerawanan,1,0.0065,1
bnpb,1,0.0065,1
kitan,1,0.0065,1
teratasi,1,0.0065,1
termitigasi,1,0.0065,1
pompa,1,0.0065,1
personel,1,0.0065,1
hadap,1,0.0065,1
jujur-jujurnya,1,0.0065,1
perangi,1,0.0065,1
akar-akarnya,1,0.0065,1
korupsi-korupsi,1,0.0065,1
buemen-bemen,1,0.0065,1
buemen,1,0.0065,1
duga,1,0.0065,1
mengkoordinasi,1,0.0065,1
pand,1,0.0065,1
begitulah,1,0.0065,1
sebagi,1,0.0065,1
tabung,1,0.0065,1
swembada,1,0.0065,1
enggaklah,1,0.0065,1
perisikan,1,0.0065,1
pertaminaut,1,0.0065,1
diawali,1,0.0065,1
riau,1,0.0065,1
berkapasitas,1,0.0065,1
gwik,1,0.0065,1
groundbreaking,1,0.0065,1
perus,1,0.0065,1
ambnu,1,0.0065,1
zulfah,1,0.0065,1
akil,1,0.0065,1
asrori,1,0.0065,1
gafar,1,0.0065,1
rozin,1,0.0065,1
bendahara,1,0.0065,1
husni,1,0.0065,1
alfalah,1,0.0065,1
ploso,1,0.0065,1
nurul,1,0.0065,1
huda,1,0.0065,1
jazuli,1,0.0065,1
bih,1,0.0065,1
hasiy,1,0.0065,1
alkautsar,1,0.0065,1
alakbar,1,0.0065,1
masyuri,1,0.0065,1
rejo,1,0.0065,1
mambaul,1,0.0065,1
maarif,1,0.0065,1
denayar,1,0.0065,1
shohib,1,0.0065,1
meraputi,1,0.0065,1
ngatur,1,0.0065,1
dibesar,1,0.0065,1
ke-36,1,0.0065,1
sembilan,1,0.0065,1
subanul,1,0.0065,1
waton,1,0.0065,1
semangatnya,1,0.0065,1
diciptakan,1,0.0065,1
khasbullah,1,0.0065,1
bentuknya,1,0.0065,1
pusaka,1,0.0065,1
bermuktamar,1,0.0065,1
kejadian-kejadian,1,0.0065,1
lali,1,0.0065,1
menerimaul,1,0.0065,1
keflingsot-nya,1,0.0065,1
administrasi,1,0.0065,1
mendigdasmen,1,0.0065,1
terpenuhi,1,0.0065,1
oktobernember,1,0.0065,1
jaz,1,0.0065,1
jas,1,0.0065,1
ijau,1,0.0065,1
sekali-kali,1,0.0065,1
akhlak,1,0.0065,1
jantungnya,1,0.0065,1
mbgi,1,0.0065,1
kekurangannya,1,0.0065,1
serendah-rendahnya,1,0.0065,1
el,1,0.0065,1
nino,1,0.0065,1
mendung,1,0.0065,1
penghematan-penghematan,1,0.0065,1
berhikmat,1,0.0065,1
muktamarin,1,0.0065,1
akhwa,1,0.0065,1
akwa,1,0.0065,1
tengku,1,0.0065,1
nuruzzahri,1,0.0065,1
sulfah,1,0.0065,1
stakuf,1,0.0065,1
nyai-nyai,1,0.0065,1
abdur,1,0.0065,1
pangling,1,0.0065,1
gfur,1,0.0065,1
maksum,1,0.0065,1
faqih,1,0.0065,1
ke-64,1,0.0065,1
sugyon,1,0.0065,1
amil,1,0.0065,1
nazaruddin,1,0.0065,1
irfan,1,0.0065,1
arifatul,1,0.0065,1
red,1,0.0065,1
muktamaratul,1,0.0065,1
baiklah,1,0.0065,1
nato,1,0.0065,1
memerintah,1,0.0065,1
efisiennya,1,0.0065,1
timuleste,1,0.0065,1
timul,1,0.0065,1
alihkan,1,0.0065,1
pinjam-pinjam,1,0.0065,1
sekecil,1,0.0065,1
dc,1,0.0065,1
royis,1,0.0065,1
rupiah-rupiahnya,1,0.0065,1
berkepentingan,1,0.0065,1
warganya,1,0.0065,1
beraspirasi,1,0.0065,1
tengkulak-tengkulak,1,0.0065,1
berjalannya,1,0.0065,1
guyub,1,0.0065,1
pesantrennya,1,0.0065,1
kiainya,1,0.0065,1
roisam,1,0.0065,1
staquf,1,0.0065,1
demokrataya,1,0.0065,1
diberkahi,1,0.0065,1
hasanuddin,1,0.0065,1
patrio,1,0.0065,1
p3,1,0.0065,1
kurnia,1,0.0065,1
rahmadi,1,0.0065,1
jauhari,1,0.0065,1
prima,1,0.0065,1
kolega,1,0.0065,1
ift,1,0.0065,1
syahn,1,0.0065,1
vifa,1,0.0065,1
mauladi,1,0.0065,1
isyana,1,0.0065,1
lemhanas,1,0.0065,1
tubagus,1,0.0065,1
syadili,1,0.0065,1
last,1,0.0065,1
least,1,0.0065,1
legislatif,1,0.0065,1
arena,1,0.0065,1
ringankan,1,0.0065,1
genap,1,0.0065,1
seperat,1,0.0065,1
menguji,1,0.0065,1
keteguhan,1,0.0065,1
refleksi,1,0.0065,1
kontemplasi,1,0.0065,1
menyemangati,1,0.0065,1
mempertegas,1,0.0065,1
tafsir,1,0.0065,1
menyelesaikannya,1,0.0065,1
sanitasi,1,0.0065,1
kuatnya,1,0.0065,1
membatasi,1,0.0065,1
berakhir,1,0.0065,1
kuning,1,0.0065,1
oran,1,0.0065,1
birunya,1,0.0065,1
indahnya,1,0.0065,1
bertepuk,1,0.0065,1
atasan,1,0.0065,1
resikonya,1,0.0065,1
verbatim,1,0.0065,1
duk,1,0.0065,1
diandalkan,1,0.0065,1
loyalitas,1,0.0065,1
pedomani,1,0.0065,1
spesial,1,0.0065,1
pondasi,1,0.0065,1
keteladanan,1,0.0065,1
bukanlah,1,0.0065,1
line,1,0.0065,1
beginning,1,0.0065,1
new,1,0.0065,1
chapter,1,0.0065,1
pewaris,1,0.0065,1
pembuat,1,0.0065,1
tetaplah,1,0.0065,1
landasannya,1,0.0065,1
nyala,1,0.0065,1
obor,1,0.0065,1
perwatan,1,0.0065,1
pabwirawan,1,0.0065,1
sosiolog,1,0.0065,1
bamang,1,0.0065,1
yuno,1,0.0065,1
masuknya,1,0.0065,1
syanto,1,0.0065,1
teksnya,1,0.0065,1
paparannya,1,0.0065,1
sistematis,1,0.0065,1
dididik,1,0.0065,1
menghayati,1,0.0065,1
mak,1,0.0065,1
berkeluarga,1,0.0065,1
perbandingan,1,0.0065,1
bukubuku,1,0.0065,1
ekonomia,1,0.0065,1
great,1,0.0065,1
simbolis,1,0.0065,1
satuyalah,1,0.0065,1
kesediaannya,1,0.0065,1
tangkit,1,0.0065,1
mengusib,1,0.0065,1
sentuh,1,0.0065,1
berarsa,1,0.0065,1
tuan-tuan,1,0.0065,1
diserah,1,0.0065,1
serus,1,0.0065,1
berang,1,0.0065,1
beran,1,0.0065,1
beranjak,1,0.0065,1
hiburan,1,0.0065,1
berikut,1,0.0065,1
persembahkan,1,0.0065,1
topati,1,0.0065,1
futuring,1,0.0065,1
febrian,1,0.0065,1
novia,1,0.0065,1
bahm,1,0.0065,1
dud,1,0.0065,1
save,1,0.0065,1
someday,1,0.0065,1
understand,1,0.0065,1
could,1,0.0065,1
tiny,1,0.0065,1
cdm,1,0.0065,1
aicinagoya,1,0.0065,1
penanggung,1,0.0065,1
elang,1,0.0065,1
gahertarto,1,0.0065,1
mensnek,1,0.0065,1
prasitio,1,0.0065,1
keselip,1,0.0065,1
oraga,1,0.0065,1
pbsu,1,0.0065,1
pencak,1,0.0065,1
silat,1,0.0065,1
perkumpulan,1,0.0065,1
roslan,1,0.0065,1
cycling,1,0.0065,1
federation,1,0.0065,1
pjsi,1,0.0065,1
aktam,1,0.0065,1
jawaban,1,0.0065,1
panjat,1,0.0065,1
tebing,1,0.0065,1
aatik,1,0.0065,1
felix,1,0.0065,1
fernando,1,0.0065,1
wanggai,1,0.0065,1
gimnastik,1,0.0065,1
ita,1,0.0065,1
irawan,1,0.0065,1
tangkis,1,0.0065,1
tekondo,1,0.0065,1
tambubolon,1,0.0065,1
voli,1,0.0065,1
sujarwo,1,0.0065,1
pentaslon,1,0.0065,1
marsma,1,0.0065,1
purwoko,1,0.0065,1
tis,1,0.0065,1
takrau,1,0.0065,1
surianto,1,0.0065,1
tarung,1,0.0065,1
tomy,1,0.0065,1
khairuddin,1,0.0065,1
tinju,1,0.0065,1
sulham,1,0.0065,1
faras,1,0.0065,1
li,1,0.0065,1
puran,1,0.0065,1
petrus,1,0.0065,1
reinhard,1,0.0065,1
selancar,1,0.0065,1
ombak,1,0.0065,1
adity,1,0.0065,1
hilman,1,0.0065,1
keterampilan,1,0.0065,1
terampil,1,0.0065,1
jeripaya,1,0.0065,1
harimu,1,0.0065,1
olympic,1,0.0065,1
wakili,1,0.0065,1
equestrian,1,0.0065,1
cross,1,0.0065,1
rusuk,1,0.0065,1
rusuknya,1,0.0065,1
fraktur,1,0.0065,1
medelimas,1,0.0065,1
wasit,1,0.0065,1
judge,1,0.0065,1
san,1,0.0065,1
suaminya,1,0.0065,1
kecut,1,0.0065,1
puncak-puncak,1,0.0065,1
olahragawan-olahragawan,1,0.0065,1
tembak,1,0.0065,1
menangelawan,1,0.0065,1
reuni,1,0.0065,1
dihabisin,1,0.0065,1
mendalimas,1,0.0065,1
karya-karyanya,1,0.0065,1
pangkatlah,1,0.0065,1
pelit,1,0.0065,1
tontara,1,0.0065,1
dikumandangkan,1,0.0065,1
