word,count,per_1000_tokens,event_count
kita,4071,38.5851,44
yang,3486,33.0405,44
saya,2673,25.3348,43
dan,2207,20.918,44
ini,1624,15.3923,43
di,1432,13.5726,43
tidak,1199,11.3642,41
indonesia,1112,10.5396,43
itu,1098,10.4069,39
ya,1028,9.7434,33
saudara-saudara,839,7.9521,40
untuk,820,7.772,44
rakyat,803,7.6109,41
ada,792,7.5066,39
dari,763,7.2317,42
akan,752,7.1275,39
harus,710,6.7294,41
dengan,682,6.464,42
kalau,573,5.4309,34
tahun,573,5.4309,40
negara,572,5.4214,40
bangsa,567,5.3741,43
sudah,563,5.3361,36
saudara,560,5.3077,40
adalah,559,5.2982,42
bisa,554,5.2508,36
juga,508,4.8148,40
tapi,507,4.8054,38
semua,507,4.8054,42
jadi,482,4.5684,37
ee,480,4.5495,33
dalam,445,4.2177,42
enggak,442,4.1893,30
karena,406,3.8481,41
para,378,3.5827,39
kepada,373,3.5353,39
besar,356,3.3742,42
hari,354,3.3552,40
ke,351,3.3268,38
kasih,342,3.2415,43
menteri,342,3.2415,36
presiden,340,3.2225,41
sekalian,340,3.2225,41
sekarang,335,3.1751,37
banyak,334,3.1657,37
ketua,321,3.0425,29
bahwa,313,2.9666,40
mereka,307,2.9098,33
oleh,298,2.8245,41
apa,292,2.7676,29
terima,291,2.7581,43
mau,284,2.6918,32
kan,284,2.6918,28
seluruh,275,2.6065,41
lagi,275,2.6065,36
baik,269,2.5496,38
republik,267,2.5306,39
lebih,267,2.5306,35
hadir,262,2.4832,37
sebagai,258,2.4453,42
sangat,247,2.3411,39
satu,240,2.2747,37
atas,235,2.2273,40
sama,234,2.2179,35
telah,228,2.161,34
pak,227,2.1515,26
dia,226,2.142,26
orang,221,2.0946,31
dunia,221,2.0946,37
bagi,218,2.0662,41
punya,217,2.0567,34
hanya,211,1.9999,38
boleh,209,1.9809,35
mungkin,199,1.8861,36
masih,198,1.8767,37
pemerintah,192,1.8198,33
wakil,191,1.8103,31
bukan,187,1.7724,34
nanti,185,1.7534,30
ingin,183,1.7345,36
dapat,183,1.7345,39
hormati,180,1.706,37
benar,176,1.6681,32
kami,174,1.6492,24
ekonomi,173,1.6397,31
atau,167,1.5828,33
luar,164,1.5544,32
sampai,163,1.5449,31
menjadi,163,1.5449,37
selalu,159,1.507,36
pada,157,1.4881,38
iya,156,1.4786,30
terus,154,1.4596,33
juta,153,1.4501,26
mana,151,1.4312,35
kali,151,1.4312,30
waktu,150,1.4217,31
tni,149,1.4122,30
jangan,149,1.4122,28
tadi,146,1.3838,31
lain,146,1.3838,34
berapa,142,1.3459,24
kerja,139,1.3174,29
partai,139,1.3174,15
sekolah,138,1.308,20
bapak,137,1.2985,27
lihat,136,1.289,29
kepala,133,1.2606,29
umum,132,1.2511,23
baru,130,1.2321,32
bekerja,129,1.2227,31
kira,125,1.1848,32
triliun,124,1.1753,15
sendiri,123,1.1658,26
paling,123,1.1658,30
salam,122,1.1563,40
bersama,118,1.1184,30
tiap,117,1.1089,25
pertama,117,1.1089,31
negeri,116,1.0995,30
rumah,113,1.071,17
hidup,111,1.0521,32
suatu,111,1.0521,30
kekayaan,111,1.0521,26
pangan,110,1.0426,25
kuat,109,1.0331,32
maha,108,1.0236,36
belum,108,1.0236,27
bulan,107,1.0142,23
ri,107,1.0142,19
penting,106,1.0047,33
nasional,106,1.0047,31
pimpinan,105,0.9952,30
memang,102,0.9668,30
salah,102,0.9668,31
sini,100,0.9478,34
masa,100,0.9478,29
anak-anak,100,0.9478,26
prabowo,99,0.9383,33
saja,99,0.9383,27
masalah,99,0.9383,24
perlu,97,0.9194,28
air,96,0.9099,30
depan,96,0.9099,35
merdeka,96,0.9099,27
desa,96,0.9099,18
warahmatullahi,95,0.9004,42
setiap,94,0.8909,21
wabarakatuh,94,0.8909,42
sejahtera,94,0.8909,36
memberi,93,0.8815,33
anak,93,0.8815,29
minta,93,0.8815,26
ibu,91,0.8625,25
sekali,91,0.8625,34
sejarah,91,0.8625,22
bupati,91,0.8625,13
pemimpin,90,0.853,23
keras,90,0.853,29
selamat,89,0.8435,38
dpr,89,0.8435,17
antara,89,0.8435,21
makan,88,0.8341,23
politik,87,0.8246,22
petani,87,0.8246,15
tanpa,86,0.8151,29
tuhan,86,0.8151,33
mulai,86,0.8151,21
daerah,85,0.8056,26
tahu,85,0.8056,29
mengerti,84,0.7962,23
pakai,84,0.7962,20
datang,83,0.7867,30
anggota,83,0.7867,27
memiliki,83,0.7867,30
koperasi,83,0.7867,12
beliau,82,0.7772,17
begitu,81,0.7677,27
cukup,80,0.7582,27
jenderal,80,0.7582,23
merah,79,0.7488,29
bicara,79,0.7488,24
om,79,0.7488,32
kesehatan,79,0.7488,34
berhasil,79,0.7488,23
terlalu,78,0.7393,23
berada,78,0.7393,30
biasa,77,0.7298,24
pun,77,0.7298,31
serta,77,0.7298,22
secara,77,0.7298,25
ulama,76,0.7203,12
putih,76,0.7203,29
h,76,0.7203,15
badan,76,0.7203,25
undang-undang,76,0.7203,13
bagaimana,75,0.7109,28
sehingga,75,0.7109,29
dulu,73,0.6919,25
semakin,73,0.6919,24
hampir,73,0.6919,25
pembangunan,73,0.6919,24
bumn,73,0.6919,20
jawa,72,0.6824,19
kau,72,0.6824,21
uang,72,0.6824,23
beserta,72,0.6824,26
gubernur,72,0.6824,22
aku,72,0.6824,19
menjaga,71,0.6729,20
k,71,0.6729,17
kurang,71,0.6729,21
nelayan,71,0.6729,13
energi,71,0.6729,27
kecil,70,0.6635,28
keluarga,70,0.6635,21
melihat,69,0.654,26
berani,68,0.6445,29
penuh,68,0.6445,24
dewan,68,0.6445,23
program,68,0.6445,17
kekuatan,67,0.635,27
terbaik,67,0.635,24
masyarakat,67,0.635,21
demokrat,67,0.635,5
perang,67,0.635,19
pernah,67,0.635,21
kalian,66,0.6256,18
naik,66,0.6256,20
diri,65,0.6161,26
segala,65,0.6161,33
masuk,65,0.6161,19
aja,64,0.6066,19
menghadapi,64,0.6066,21
agung,64,0.6066,17
timur,63,0.5971,19
eh,63,0.5971,22
membangun,63,0.5971,18
diberikan,63,0.5971,32
lama,63,0.5971,25
belajar,62,0.5876,22
harga,62,0.5876,19
jalan,62,0.5876,23
kalah,62,0.5876,20
dua,62,0.5876,23
saat,61,0.5782,22
menyampaikan,61,0.5782,26
tempat,61,0.5782,24
prof,61,0.5782,25
pemerintahan,61,0.5782,17
bikin,61,0.5782,21
berarti,61,0.5782,23
kabinet,60,0.5687,31
percaya,59,0.5592,27
kota,59,0.5592,15
subianto,59,0.5592,27
sedang,59,0.5592,21
nah,59,0.5592,18
miliar,59,0.5592,16
kadang-kadang,58,0.5497,21
diberi,58,0.5497,24
yakin,58,0.5497,27
tetap,58,0.5497,14
keadaan,58,0.5497,24
tengah,58,0.5497,28
santi,58,0.5497,22
apbn,58,0.5497,6
kuasa,57,0.5402,34
polisi,57,0.5402,18
hah,57,0.5402,18
lalu,57,0.5402,26
kembali,56,0.5308,21
selama,56,0.5308,25
mengatakan,55,0.5213,21
semuanya,55,0.5213,26
sampaikan,55,0.5213,24
mbg,55,0.5213,12
hati,54,0.5118,27
demikian,54,0.5118,26
kenapa,54,0.5118,19
butuh,54,0.5118,18
kemudian,53,0.5023,18
oh,53,0.5023,24
hukum,53,0.5023,18
polri,53,0.5023,11
tinggi,53,0.5023,22
acara,53,0.5023,24
tentara,52,0.4929,17
panglima,52,0.4929,25
kapolri,52,0.4929,22
kepentingan,52,0.4929,20
siap,52,0.4929,18
kebajikan,52,0.4929,31
muhammad,52,0.4929,24
tentunya,52,0.4929,24
kesulitan,52,0.4929,20
oke,52,0.4929,13
bahkan,52,0.4929,21
nu,51,0.4834,7
merasa,51,0.4834,17
keadilan,51,0.4834,16
seperti,51,0.4834,26
muda,51,0.4834,15
mencapai,51,0.4834,16
marilah,51,0.4834,31
maju,51,0.4834,18
dasar,51,0.4834,15
provinsi,50,0.4739,20
kabupaten,50,0.4739,15
anggaran,50,0.4739,6
perbaiki,50,0.4739,14
semangat,50,0.4739,25
shalom,50,0.4739,32
namo,50,0.4739,32
kepolisian,50,0.4739,11
saudari,50,0.4739,21
pendidikan,50,0.4739,16
keuangan,50,0.4739,14
ternyata,49,0.4644,15
bersyukur,49,0.4644,26
dolar,49,0.4644,12
perjuangan,48,0.4549,19
hasil,48,0.4549,17
perusahaan,48,0.4549,17
kehormatan,47,0.4455,25
demokrasi,47,0.4455,12
manusia,47,0.4455,25
bangun,47,0.4455,21
alam,47,0.4455,28
bagus,47,0.4455,21
daya,47,0.4455,18
bahasa,47,0.4455,14
mampu,47,0.4455,19
kok,46,0.436,19
beberapa,46,0.436,24
tentang,46,0.436,13
tetapi,46,0.436,18
miskin,46,0.436,18
selesai,46,0.436,26
teknologi,46,0.436,16
tersebut,46,0.436,19
artinya,46,0.436,17
situ,46,0.436,17
tiga,46,0.436,16
sekian,45,0.4265,19
wasalamualaikum,45,0.4265,34
bismillahirrahmanirrahim,45,0.4265,30
buddhaya,45,0.4265,32
pintar,45,0.4265,16
ratusan,44,0.417,21
tim,44,0.417,14
cari,44,0.417,19
tangan,44,0.417,16
keluar,44,0.417,17
tanah,44,0.417,19
menerima,44,0.417,11
langsung,44,0.417,20
investasi,44,0.417,20
bangkit,44,0.417,16
pasar,44,0.417,7
ikut,43,0.4076,22
kemerdekaan,43,0.4076,19
empat,43,0.4076,18
pidato,43,0.4076,14
kaya,43,0.4076,19
katakan,43,0.4076,20
kebaikan,43,0.4076,24
bilang,43,0.4076,17
melalui,43,0.4076,18
sebut,43,0.4076,19
beras,42,0.3981,13
tugas,42,0.3981,17
habis,42,0.3981,16
takut,42,0.3981,15
asalamualaikum,42,0.3981,38
mahkamah,42,0.3981,8
allah,42,0.3981,27
memperkuat,42,0.3981,18
paham,42,0.3981,13
saling,42,0.3981,13
pancasila,42,0.3981,8
suka,41,0.3886,12
pertanian,41,0.3886,16
ingat,41,0.3886,20
mana-mana,41,0.3886,20
berdiri,41,0.3886,20
terjadi,41,0.3886,18
bidang,41,0.3886,21
sekretaris,41,0.3886,17
agama,41,0.3886,21
sumber,41,0.3886,19
persatuan,41,0.3886,15
betul,41,0.3886,10
agar,41,0.3886,13
laporan,41,0.3886,15
membantu,40,0.3791,20
berjuang,40,0.3791,20
lembaga,40,0.3791,20
salve,40,0.3791,29
ahmad,40,0.3791,21
prestasi,40,0.3791,15
coba,40,0.3791,16
kesempatan,40,0.3791,17
danantara,40,0.3791,13
perwakilan,39,0.3696,20
bawah,39,0.3696,21
majelis,39,0.3696,16
contoh,39,0.3696,16
cita-cita,39,0.3696,16
walikota,39,0.3696,12
akhir,39,0.3696,13
gitu,38,0.3602,17
sebenarnya,38,0.3602,18
seorang,38,0.3602,15
nama,38,0.3602,21
terhormat,38,0.3602,13
supaya,38,0.3602,16
jawab,38,0.3602,16
nilai,38,0.3602,16
bangga,38,0.3602,15
kelapa,38,0.3602,14
pengusaha,38,0.3602,13
barat,37,0.3507,17
korupsi,37,0.3507,18
aman,37,0.3507,19
ucapkan,37,0.3507,23
usaha,37,0.3507,20
pusat,37,0.3507,14
pt,37,0.3507,11
walaupun,37,0.3507,20
sawit,37,0.3507,14
pekerjaan,37,0.3507,15
kehidupan,36,0.3412,18
kemiskinan,36,0.3412,18
tambah,36,0.3412,12
pasti,36,0.3412,16
cepat,36,0.3412,13
mohon,36,0.3412,17
menang,36,0.3412,14
bersatu,36,0.3412,15
tanya,36,0.3412,15
apalagi,35,0.3317,21
turun,35,0.3317,15
rasa,35,0.3317,20
terhadap,35,0.3317,15
swastiastu,35,0.3317,30
insan,35,0.3317,29
wa,35,0.3317,27
muliakan,35,0.3317,9
cinta,35,0.3317,19
bayangkan,35,0.3317,14
milik,35,0.3317,18
apakah,35,0.3317,15
pesantren,35,0.3317,8
target,35,0.3317,11
ruang,35,0.3317,14
sakit,35,0.3317,12
hebat,35,0.3317,17
menko,35,0.3317,13
kebijakan,35,0.3317,5
dpd,35,0.3317,8
sebetulnya,34,0.3223,16
lemah,34,0.3223,20
puji,34,0.3223,30
media,34,0.3223,24
kekurangan,34,0.3223,12
berbeda,34,0.3223,11
susah,34,0.3223,16
buruh,34,0.3223,9
agak,33,0.3128,18
umat,33,0.3128,23
kemarin,33,0.3128,19
apa-apa,33,0.3128,19
terutama,33,0.3128,21
terbesar,33,0.3128,18
khusus,33,0.3128,14
menurut,33,0.3128,17
bersih,33,0.3128,16
syukur,33,0.3128,29
kehadirat,33,0.3128,30
bergizi,33,0.3128,13
kopi,33,0.3128,12
tantangan,33,0.3128,19
inilah,33,0.3128,19
membuat,33,0.3128,16
pupuk,33,0.3128,8
perumahan,33,0.3128,9
proyek,33,0.3128,6
kelas,33,0.3128,9
ibu-ibu,32,0.3033,15
untung,32,0.3033,12
koordinator,32,0.3033,23
guru,32,0.3033,16
hadirin,32,0.3033,22
undangan,32,0.3033,26
subhanahu,32,0.3033,27
taala,32,0.3033,27
karunia,32,0.3033,26
industri,32,0.3033,11
maaf,32,0.3033,12
termasuk,32,0.3033,15
manfaat,32,0.3033,14
cek,32,0.3033,14
menghasilkan,32,0.3033,15
nomor,32,0.3033,10
perlindungan,32,0.3033,10
pbnu,32,0.3033,4
sebagian,31,0.2938,17
loh,31,0.2938,15
benar-benar,31,0.2938,18
jam,31,0.2938,14
unsur,31,0.2938,14
angka,31,0.2938,11
puluhan,31,0.2938,15
sistem,31,0.2938,12
minimal,31,0.2938,12
tinggal,31,0.2938,15
sebelum,31,0.2938,13
yaitu,31,0.2938,17
akhirnya,31,0.2938,15
hakim,31,0.2938,8
ketika,31,0.2938,6
hormat,30,0.2843,18
jaksa,30,0.2843,13
selesaikan,30,0.2843,15
membela,30,0.2843,16
bertakwa,30,0.2843,29
makmur,30,0.2843,17
keempat,30,0.2843,17
sedikit,30,0.2843,14
siapa,30,0.2843,15
nih,30,0.2843,15
ah,30,0.2843,17
utama,30,0.2843,15
namanya,30,0.2843,18
izin,30,0.2843,15
beri,30,0.2843,14
sesuai,30,0.2843,16
gaji,30,0.2843,11
adil,30,0.2843,11
per,30,0.2843,5
usah,29,0.2749,12
ambil,29,0.2749,18
sadar,29,0.2749,14
mendapat,29,0.2749,16
transformasi,29,0.2749,12
komisi,29,0.2749,10
berharap,29,0.2749,17
berbagai,29,0.2749,14
menjalankan,29,0.2749,13
sidang,29,0.2749,5
lapangan,29,0.2749,12
malam,29,0.2749,13
berjalan,29,0.2749,12
sebagainya,29,0.2749,12
sehat,29,0.2749,11
sampah,29,0.2749,4
subsidi,29,0.2749,7
juli,29,0.2749,12
setelah,28,0.2654,17
wartawan,28,0.2654,11
cara,28,0.2654,16
merasakan,28,0.2654,16
mari,28,0.2654,14
kepadanyaalah,28,0.2654,17
profesor,28,0.2654,15
kemakmuran,28,0.2654,15
tanggal,28,0.2654,12
jauh,28,0.2654,11
buktikan,28,0.2654,18
the,28,0.2654,10
sosial,28,0.2654,8
kelompok,28,0.2654,13
abdul,28,0.2654,13
bahlil,28,0.2654,11
listrik,28,0.2654,7
panjang,27,0.2559,16
i,27,0.2559,15
mendukung,27,0.2559,17
harapan,27,0.2559,13
waalaikumsalam,27,0.2559,23
bantuan,27,0.2559,9
berbuat,27,0.2559,16
henti-hentinya,27,0.2559,27
kedua,27,0.2559,15
hal,27,0.2559,17
tutup,27,0.2559,12
data,27,0.2559,7
bagian,27,0.2559,12
orang-orang,27,0.2559,15
mengurangi,27,0.2559,18
siang,27,0.2559,14
api,27,0.2559,6
mobil,27,0.2559,8
mencari,27,0.2559,13
pelayanan,27,0.2559,6
penghargaan,26,0.2464,15
kiai,26,0.2464,6
menuju,26,0.2464,13
angkatan,26,0.2464,13
melindungi,26,0.2464,14
ribuan,26,0.2464,17
strategis,26,0.2464,12
pertahanan,26,0.2464,11
segera,26,0.2464,11
gratis,26,0.2464,11
dukungan,26,0.2464,12
gue,26,0.2464,10
tenaga,26,0.2464,11
sesungguhnya,26,0.2464,12
ulang,26,0.2464,8
pihak,26,0.2464,12
perjalanan,25,0.237,13
ketemu,25,0.237,13
produksi,25,0.237,13
menteri-menteri,25,0.237,12
memperbaiki,25,0.237,14
negara-negara,25,0.237,14
daripada,25,0.237,17
sebuah,25,0.237,10
islam,25,0.237,19
banggakan,25,0.237,16
meningkatkan,25,0.237,13
dana,25,0.237,11
ribu,25,0.237,15
sesuatu,25,0.237,14
semoga,25,0.237,15
e,25,0.237,16
apapun,25,0.237,15
jakarta,24,0.2275,15
mulia,24,0.2275,14
mandat,24,0.2275,12
diambil,24,0.2275,13
jelas,24,0.2275,15
berkenan,24,0.2275,15
itulah,24,0.2275,13
memanjatkan,24,0.2275,24
nafas,24,0.2275,24
kedaulatan,24,0.2275,11
rekan-rekan,24,0.2275,22
pks,24,0.2275,2
mengalami,24,0.2275,11
membutuhkan,24,0.2275,9
peringatan,24,0.2275,11
sebesar,24,0.2275,9
dengar,24,0.2275,15
ekspor,24,0.2275,8
bali,24,0.2275,5
gus,24,0.2275,7
keyakinan,23,0.218,11
dikatakan,23,0.218,13
tujuan,23,0.218,12
membawa,23,0.218,12
anda,23,0.218,15
keberanian,23,0.218,7
kesejahteraan,23,0.218,15
pagi,23,0.218,15
staf,23,0.218,16
berdoa,23,0.218,20
berkumpul,23,0.218,21
lakukan,23,0.218,9
pimpin,23,0.218,12
kebangkitan,23,0.218,12
tata,23,0.218,13
pers,23,0.218,21
direktur,23,0.218,9
mpr,23,0.218,9
tokoh-tokoh,23,0.218,12
elit,23,0.218,7
disebut,23,0.218,15
padahal,23,0.218,15
bung,23,0.218,8
penghasilan,23,0.218,14
layak,23,0.218,13
pondok,23,0.218,7
rendah,23,0.218,14
pejabat,23,0.218,14
pekerja,23,0.218,8
kereta,23,0.218,3
bank,23,0.218,5
pertumbuhan,23,0.218,8
buatan,23,0.218,5
sering,22,0.2085,14
tadinya,22,0.2085,11
silakan,22,0.2085,14
sekedar,22,0.2085,11
pendiri-pendiri,22,0.2085,15
jajaran,22,0.2085,17
budaya,22,0.2085,11
lu,22,0.2085,11
sebentar,22,0.2085,13
r,22,0.2085,9
kaget,22,0.2085,15
ayam,22,0.2085,5
justru,22,0.2085,10
alat,22,0.2085,9
lima,22,0.2085,12
capai,22,0.2085,12
aset,22,0.2085,8
kawasan,22,0.2085,10
kedamaian,22,0.2085,22
melaksanakan,22,0.2085,14
kamu,22,0.2085,8
impor,22,0.2085,12
kementerian,22,0.2085,10
perdamaian,22,0.2085,9
gw,22,0.2085,5
akal,22,0.2085,10
b50,22,0.2085,6
dukung,21,0.199,10
disampaikan,21,0.199,12
senang,21,0.199,12
sekitar,21,0.199,11
dibantu,21,0.199,12
insyaallah,21,0.199,11
mengajak,21,0.199,11
turki,21,0.199,1
kepemimpinan,21,0.199,11
pertolongan,21,0.199,19
mengelola,21,0.199,10
tertinggi,21,0.199,10
hilirisasi,21,0.199,12
eropa,21,0.199,10
dokter,21,0.199,6
bumi,21,0.199,14
panen,21,0.199,7
kasihan,21,0.199,11
utara,21,0.199,10
teruskan,21,0.199,10
koreksi,21,0.199,9
india,21,0.199,10
singapura,21,0.199,10
selanjutnya,21,0.199,12
enak,21,0.199,12
dijual,21,0.199,9
sekaligus,21,0.199,11
agus,21,0.199,14
tani,21,0.199,6
puskesmas,21,0.199,5
emas,21,0.199,9
efisien,21,0.199,13
modal,21,0.199,5
kemampuan,20,0.1896,11
sekolah-sekolah,20,0.1896,11
gibran,20,0.1896,12
peradaban,20,0.1896,13
bangsa-bangsa,20,0.1896,14
dr,20,0.1896,8
sigit,20,0.1896,15
keamanan,20,0.1896,10
mengambil,20,0.1896,12
jaga,20,0.1896,13
kepercayaan,20,0.1896,13
swasta,20,0.1896,12
tingkat,20,0.1896,8
buka,20,0.1896,12
dilaksanakan,20,0.1896,12
telur,20,0.1896,9
modern,20,0.1896,11
sedih,20,0.1896,13
tanda,20,0.1896,11
minyak,20,0.1896,8
nusantara,20,0.1896,11
resmi,20,0.1896,13
berkah,20,0.1896,19
suku,20,0.1896,9
indah,20,0.1896,5
nyata,20,0.1896,10
asing,20,0.1896,11
sejak,20,0.1896,9
selain,20,0.1896,9
arah,20,0.1896,12
mereka-mereka,19,0.1801,13
mata,19,0.1801,12
melakukan,19,0.1801,9
lapar,19,0.1801,10
rusak,19,0.1801,9
udah,19,0.1801,9
cerita,19,0.1801,11
berkembang,19,0.1801,9
amin,19,0.1801,9
tokoh,19,0.1801,12
tamu,19,0.1801,14
langkah,19,0.1801,10
tuh,19,0.1801,11
hadapi,19,0.1801,15
arti,19,0.1801,9
ilmu,19,0.1801,11
penerima,19,0.1801,8
keputusan,19,0.1801,10
penerimaan,19,0.1801,5
warga,19,0.1801,11
setuju,19,0.1801,8
kelihatan,19,0.1801,9
perbedaan,19,0.1801,13
raya,19,0.1801,7
dilakukan,19,0.1801,6
amerika,19,0.1801,9
menilai,19,0.1801,9
tahap,19,0.1801,6
informasi,19,0.1801,9
gas,19,0.1801,10
pasal,19,0.1801,5
jembatan,19,0.1801,9
motor,19,0.1801,5
muslimat,18,0.1706,5
dekat,18,0.1706,12
kegiatan,18,0.1706,9
agustus,18,0.1706,10
ragu-ragu,18,0.1706,12
sangat-sangat,18,0.1706,11
diundang,18,0.1706,14
cintai,18,0.1706,13
rakyatnya,18,0.1706,10
yusuf,18,0.1706,12
prajurit,18,0.1706,8
berusaha,18,0.1706,13
sains,18,0.1706,7
hadi,18,0.1706,18
alhamdulillah,18,0.1706,13
sulit,18,0.1706,10
ilegal,18,0.1706,6
perintahkan,18,0.1706,8
menutup,18,0.1706,9
dinikmati,18,0.1706,13
menciptakan,18,0.1706,9
ikan,18,0.1706,7
kirim,18,0.1706,11
katanya,18,0.1706,13
beli,18,0.1706,7
murah,18,0.1706,8
nkri,18,0.1706,10
masing-masing,18,0.1706,14
layar,18,0.1706,5
kritik,18,0.1706,5
terakhir,18,0.1706,11
is,18,0.1706,7
laksanakan,18,0.1706,12
nadatul,18,0.1706,4
rancangan,18,0.1706,3
biar,18,0.1706,8
collaps,18,0.1706,4
menguasai,17,0.1611,11
menentukan,17,0.1611,9
krisis,17,0.1611,8
tepat,17,0.1611,7
peran,17,0.1611,12
niat,17,0.1611,9
kebenaran,17,0.1611,12
bantu,17,0.1611,11
aceh,17,0.1611,11
ketidakpastian,17,0.1611,13
mantan,17,0.1611,11
unggul,17,0.1611,9
tengah-tengah,17,0.1611,10
sasaran,17,0.1611,8
penyelenggara,17,0.1611,16
indrawijaya,17,0.1611,17
pertamina,17,0.1611,7
tanggung,17,0.1611,7
bencana,17,0.1611,11
tangga,17,0.1611,6
dirasakan,17,0.1611,8
gerindra,17,0.1611,9
memilih,17,0.1611,10
bertekad,17,0.1611,12
desember,17,0.1611,10
membuktikan,17,0.1611,9
pabrik,17,0.1611,9
jujur,17,0.1611,13
guru-guru,17,0.1611,9
upaya,17,0.1611,10
rugi,17,0.1611,9
kelola,17,0.1611,11
kesatuan,17,0.1611,6
solar,17,0.1611,8
bayar,17,0.1611,10
ringan,17,0.1611,10
hal-hal,17,0.1611,12
tambahan,17,0.1611,7
memastikan,17,0.1611,8
kenal,17,0.1611,5
komoditas,17,0.1611,6
mitra,17,0.1611,4
pkb,17,0.1611,1
belanja,17,0.1611,1
belah,16,0.1516,5
lah,16,0.1516,12
lingkungan,16,0.1516,11
menghemat,16,0.1516,9
hadapan,16,0.1516,9
terbuka,16,0.1516,6
pemimpin-pemimpin,16,0.1516,10
hak,16,0.1516,8
memimpin,16,0.1516,12
siapapun,16,0.1516,13
purnawirawan,16,0.1516,12
engkau,16,0.1516,11
setanah,16,0.1516,14
pengabdian,16,0.1516,8
ketiga,16,0.1516,11
komunikasi,16,0.1516,7
prasetyo,16,0.1516,15
gizi,16,0.1516,10
sby,16,0.1516,5
sambutan,16,0.1516,13
dilantik,16,0.1516,9
kekuasaan,16,0.1516,5
makanan,16,0.1516,6
rupiah,16,0.1516,8
dibangun,16,0.1516,9
minggu,16,0.1516,8
karno,16,0.1516,8
maka,16,0.1516,6
urusan,16,0.1516,9
dikasih,16,0.1516,9
hektar,16,0.1516,8
garuda,16,0.1516,5
ahli,16,0.1516,10
tekad,16,0.1516,14
kemajuan,16,0.1516,13
mengatasi,16,0.1516,8
sembada,16,0.1516,10
fisik,16,0.1516,10
dianggap,16,0.1516,10
jepang,16,0.1516,11
kualitas,16,0.1516,8
kondisi,16,0.1516,11
tentu,16,0.1516,10
kampung,16,0.1516,8
kebangsaan,16,0.1516,10
barang,16,0.1516,5
pengasuh,16,0.1516,5
komunitas,16,0.1516,4
muktamar,16,0.1516,2
pengurus,15,0.1422,9
mengakui,15,0.1422,10
puluh,15,0.1422,10
dipilih,15,0.1422,10
mendekati,15,0.1422,9
organisasi,15,0.1422,9
merupakan,15,0.1422,9
bersejarah,15,0.1422,11
sumatera,15,0.1422,7
nilai-nilai,15,0.1422,9
sikap,15,0.1422,9
damai,15,0.1422,11
sebangsa,15,0.1422,13
pertama-tama,15,0.1422,14
sungguh-sungguh,15,0.1422,8
sebesar-besarnya,15,0.1422,13
rahmat,15,0.1422,11
ancaman,15,0.1422,6
pbb,15,0.1422,6
tua,15,0.1422,11
janji,15,0.1422,8
tepuk,15,0.1422,7
berat,15,0.1422,9
hilang,15,0.1422,9
macam-macam,15,0.1422,10
kapal,15,0.1422,8
biaya,15,0.1422,8
kesalahan,15,0.1422,8
desa-desa,15,0.1422,10
of,15,0.1422,7
jatuh,15,0.1422,8
titik,15,0.1422,9
kenyataan,15,0.1422,13
serikat,15,0.1422,7
menghormati,15,0.1422,9
pengalaman,15,0.1422,11
bertanya,15,0.1422,9
tanam,15,0.1422,6
kewajiban,15,0.1422,7
hidupnya,15,0.1422,9
bertanggung,15,0.1422,10
ujungnya,15,0.1422,11
pariwisata,15,0.1422,5
hipmi,15,0.1422,3
rapat,15,0.1422,5
perekonomian,15,0.1422,9
bbm,15,0.1422,10
generasi,15,0.1422,8
berikan,15,0.1422,9
prancis,15,0.1422,2
dokumen,15,0.1422,5
keuntungan,15,0.1422,5
nahdatul,15,0.1422,3
nota,15,0.1422,1
hm,15,0.1422,1
pajak,15,0.1422,1
pecah,14,0.1327,4
lahir,14,0.1327,9
berangkat,14,0.1327,9
muncul,14,0.1327,8
menyelamatkan,14,0.1327,8
kira-kira,14,0.1327,8
keberhasilan,14,0.1327,8
m,14,0.1327,7
birokrasi,14,0.1327,7
you,14,0.1327,6
internasional,14,0.1327,5
yudoyono,14,0.1327,10
wahid,14,0.1327,13
berdaulat,14,0.1327,7
menikmati,14,0.1327,11
pendiri,14,0.1327,10
kelaparan,14,0.1327,10
jagung,14,0.1327,9
digitalisasi,14,0.1327,6
inovasi,14,0.1327,10
minum,14,0.1327,12
infrastruktur,14,0.1327,8
delapan,14,0.1327,9
duduk,14,0.1327,10
sebagaimana,14,0.1327,7
gimana,14,0.1327,10
tambang,14,0.1327,6
makanya,14,0.1327,7
perintah,14,0.1327,7
hamil,14,0.1327,7
lainnya,14,0.1327,10
menunggu,14,0.1327,6
meningkat,14,0.1327,7
keliling,14,0.1327,8
membuka,14,0.1327,5
manajemen,14,0.1327,5
defisit,14,0.1327,2
perayaan,14,0.1327,4
bukti,14,0.1327,11
ngerti,14,0.1327,6
pertandingan,14,0.1327,5
buah,14,0.1327,9
mengejar,14,0.1327,9
intinya,14,0.1327,11
komandan,14,0.1327,5
and,14,0.1327,8
genteng,14,0.1327,3
mendapatkan,14,0.1327,10
maupun,14,0.1327,8
sore,14,0.1327,9
kredit,14,0.1327,7
mineral,14,0.1327,8
pandangan,14,0.1327,8
tumbuh,14,0.1327,4
memperoleh,14,0.1327,5
akses,14,0.1327,6
institusi,14,0.1327,5
publik,14,0.1327,3
beroperasi,14,0.1327,4
penyampaian,14,0.1327,1
sahabat,13,0.1232,8
dipanggil,13,0.1232,6
ketawa,13,0.1232,7
strategi,13,0.1232,7
adanya,13,0.1232,7
inggris,13,0.1232,10
tunggu,13,0.1232,8
buat,13,0.1232,11
global,13,0.1232,8
memerlukan,13,0.1232,9
raka,13,0.1232,13
muzani,13,0.1232,11
rektor,13,0.1232,5
perikanan,13,0.1232,7
sungguh,13,0.1232,9
pakar,13,0.1232,10
ngomong,13,0.1232,6
timah,13,0.1232,6
awal,13,0.1232,10
atasi,13,0.1232,8
hentikan,13,0.1232,8
membanggakan,13,0.1232,9
teriak,13,0.1232,8
kurangi,13,0.1232,7
jual,13,0.1232,8
surya,13,0.1232,9
gudang,13,0.1232,5
rencana,13,0.1232,6
nyinyir,13,0.1232,6
digital,13,0.1232,6
gembira,13,0.1232,7
lupa,13,0.1232,8
harusnya,13,0.1232,8
laut,13,0.1232,10
renovasi,13,0.1232,5
berdaya,13,0.1232,8
konflik,13,0.1232,9
sederhana,13,0.1232,9
ajaran,13,0.1232,5
bersaing,13,0.1232,6
golkar,13,0.1232,6
kebetulan,13,0.1232,10
rela,13,0.1232,4
bin,13,0.1232,8
belakang,13,0.1232,11
mengabdi,13,0.1232,8
mudah,13,0.1232,8
selatan,13,0.1232,5
sebelumnya,13,0.1232,9
produsen,13,0.1232,9
sultan,13,0.1232,10
bahaya,13,0.1232,8
amanat,13,0.1232,7
said,13,0.1232,7
disiplin,13,0.1232,5
hasan,13,0.1232,11
lanjut,13,0.1232,9
juni,13,0.1232,6
rais,13,0.1232,4
lagu,13,0.1232,6
universitas,13,0.1232,6
sebanyak,13,0.1232,2
bursa,13,0.1232,2
jokowi,12,0.1137,7
ton,12,0.1137,7
am,12,0.1137,5
emak-emak,12,0.1137,7
pelajaran,12,0.1137,9
rukun,12,0.1137,10
angkat,12,0.1137,4
lawan,12,0.1137,7
percayalah,12,0.1137,9
pribadi,12,0.1137,9
hubungan,12,0.1137,8
konstitusi,12,0.1137,6
meminta,12,0.1137,11
mengajarkan,12,0.1137,10
menunjukkan,12,0.1137,9
itb,12,0.1137,4
kader,12,0.1137,3
ingatkan,12,0.1137,10
pemilihan,12,0.1137,5
kaki,12,0.1137,10
akui,12,0.1137,5
tegakkan,12,0.1137,9
pulau,12,0.1137,8
meneruskan,12,0.1137,9
hitung,12,0.1137,7
beredar,12,0.1137,6
dapur,12,0.1137,5
langkah-langkah,12,0.1137,9
bapak-bapak,12,0.1137,9
istri,12,0.1137,8
potong,12,0.1137,6
menarik,12,0.1137,6
umkm,12,0.1137,8
fasilitas,12,0.1137,5
sma,12,0.1137,5
uangnya,12,0.1137,7
interaktif,12,0.1137,6
menit,12,0.1137,7
banget,12,0.1137,10
kejaksaan,12,0.1137,9
berkali-kali,12,0.1137,9
nyai,12,0.1137,5
santri,12,0.1137,5
tema,12,0.1137,9
natal,12,0.1137,3
bola,12,0.1137,7
berpikir,12,0.1137,8
rakabuming,12,0.1137,9
berasal,12,0.1137,9
stasiun,12,0.1137,2
fakta,12,0.1137,5
nunggu,12,0.1137,8
proses,12,0.1137,6
harganya,12,0.1137,8
terpencil,12,0.1137,7
sopan,12,0.1137,7
arif,12,0.1137,11
meresmikan,12,0.1137,7
tenang,12,0.1137,9
miliki,12,0.1137,9
pendapatan,12,0.1137,2
umumkan,12,0.1137,6
ditentukan,12,0.1137,8
pintu,12,0.1137,4
ketahanan,12,0.1137,9
sel,12,0.1137,3
mundur,12,0.1137,2
belasan,12,0.1137,9
tidur,12,0.1137,6
maluku,12,0.1137,5
jumlah,12,0.1137,6
ia,12,0.1137,2
bahan,11,0.1043,7
program-program,11,0.1043,6
kerjakan,11,0.1043,4
menegakkan,11,0.1043,5
menemukan,11,0.1043,7
malu,11,0.1043,8
penghematan,11,0.1043,8
perbaikan,11,0.1043,4
mati,11,0.1043,6
daerah-daerah,11,0.1043,9
bersama-sama,11,0.1043,8
keenam,11,0.1043,6
bambang,11,0.1043,8
listio,11,0.1043,10
puan,11,0.1043,6
maharani,11,0.1043,6
bayangkara,11,0.1043,4
perguruan,11,0.1043,5
tedi,11,0.1043,10
riset,11,0.1043,7
akbar,11,0.1043,9
jumlahnya,11,0.1043,9
dprri,11,0.1043,5
pilih,11,0.1043,8
hati-hati,11,0.1043,8
jarang,11,0.1043,8
tertentu,11,0.1043,6
puas,11,0.1043,7
menimbulkan,11,0.1043,5
petani-petani,11,0.1043,8
jaminan,11,0.1043,5
aduh,11,0.1043,7
bgn,11,0.1043,7
peraturan,11,0.1043,7
signifikan,11,0.1043,8
masalahnya,11,0.1043,9
podium,11,0.1043,7
kuasai,11,0.1043,6
bahagia,11,0.1043,6
joko,11,0.1043,6
we,11,0.1043,5
kata-kata,11,0.1043,8
kampanye,11,0.1043,6
gak,11,0.1043,9
digunakan,11,0.1043,6
ayo,11,0.1043,6
buku,11,0.1043,7
hutan,11,0.1043,5
daging,11,0.1043,3
cadangan,11,0.1043,6
demi,11,0.1043,8
rangka,11,0.1043,6
batu,11,0.1043,9
waduh,11,0.1043,6
imlek,11,0.1043,1
juara,11,0.1043,6
mendirikan,11,0.1043,7
cucu,11,0.1043,7
tebu,11,0.1043,5
bocor,11,0.1043,6
satu-satu,11,0.1043,8
usia,11,0.1043,6
mengundang,11,0.1043,10
komisaris,11,0.1043,10
malaysia,11,0.1043,7
didukung,11,0.1043,6
solusi,11,0.1043,7
kokoh,11,0.1043,6
bernegara,11,0.1043,8
kecerdasan,11,0.1043,6
ai,11,0.1043,2
produktif,11,0.1043,7
kemandirian,11,0.1043,7
hemat,11,0.1043,7
jasa,11,0.1043,5
bendungan,11,0.1043,1
diwakili,11,0.1043,3
fiskal,11,0.1043,1
persidangan,11,0.1043,2
jika,11,0.1043,2
pfi,11,0.1043,1
begini,10,0.0948,8
lebar,10,0.0948,8
sebaik-baiknya,10,0.0948,8
mewakili,10,0.0948,5
mengamankan,10,0.0948,8
panitia,10,0.0948,8
kenegaraan,10,0.0948,4
tegas,10,0.0948,6
kantor,10,0.0948,6
menyerah,10,0.0948,8
geopolitik,10,0.0948,6
bertugas,10,0.0948,4
brian,10,0.0948,5
turut,10,0.0948,5
meninggalkan,10,0.0948,6
namun,10,0.0948,7
serius,10,0.0948,3
sumpah,10,0.0948,5
pilihan,10,0.0948,7
memenuhi,10,0.0948,7
koruptor,10,0.0948,4
segelintir,10,0.0948,7
hasilnya,10,0.0948,6
doa,10,0.0948,4
gedung,10,0.0948,7
he,10,0.0948,5
kecamatan,10,0.0948,5
sih,10,0.0948,8
resmikan,10,0.0948,5
maksimal,10,0.0948,6
siapkan,10,0.0948,7
pandai,10,0.0948,8
wah,10,0.0948,9
jutaan,10,0.0948,7
melanggar,10,0.0948,7
pantai,10,0.0948,4
mengucap,10,0.0948,10
prioritas,10,0.0948,4
sepak,10,0.0948,7
main,10,0.0948,5
pakar-pakar,10,0.0948,7
menghilangkan,10,0.0948,7
not,10,0.0948,6
aktif,10,0.0948,6
pangkat,10,0.0948,7
risiko,10,0.0948,9
optimis,10,0.0948,7
kapolda,10,0.0948,6
penyerahan,10,0.0948,2
ulangi,10,0.0948,8
kehadiran,10,0.0948,10
militer,10,0.0948,7
filosofi,10,0.0948,6
senyum,10,0.0948,8
belanda,10,0.0948,6
pembukaan,10,0.0948,4
pelajari,10,0.0948,6
pesawat,10,0.0948,5
kayak,10,0.0948,6
demo,10,0.0948,2
sementara,10,0.0948,7
perusahaan-perusahaan,10,0.0948,7
suasana,10,0.0948,7
mei,10,0.0948,6
melaporkan,10,0.0948,5
perjuangkan,10,0.0948,4
pengusaha-pengusaha,10,0.0948,6
dilanjutkan,10,0.0948,9
tindak,10,0.0948,7
berhenti,10,0.0948,7
bunga,10,0.0948,4
soal,10,0.0948,6
bakhtiar,10,0.0948,8
iskandar,10,0.0948,8
berkurang,10,0.0948,5
industrialisasi,10,0.0948,7
berdasarkan,10,0.0948,4
hibmi,10,0.0948,1
lampung,10,0.0948,2
nasionalisme,10,0.0948,2
penutupan,10,0.0948,6
piala,10,0.0948,4
intelijen,10,0.0948,4
menyelesaikan,10,0.0948,3
rating,10,0.0948,3
dsi,10,0.0948,3
semester,10,0.0948,4
kegagalan,10,0.0948,1
pendukungnya,10,0.0948,1
optimal,10,0.0948,2
pp,9,0.0853,5
terusang,9,0.0853,8
kofifah,9,0.0853,7
suruh,9,0.0853,6
darah,9,0.0853,7
surabaya,9,0.0853,6
pahlawan,9,0.0853,7
perlawanan,9,0.0853,6
bintang,9,0.0853,6
kebersihan,9,0.0853,4
komitmen,9,0.0853,7
kerukunan,9,0.0853,7
bersihkan,9,0.0853,6
membiarkan,9,0.0853,6
bersahabat,9,0.0853,6
ucapan,9,0.0853,8
sepanjang,9,0.0853,5
kelima,9,0.0853,7
lanjutkan,9,0.0853,5
jiwa,9,0.0853,6
perhatikan,9,0.0853,5
selawat,9,0.0853,5
kemanusiaan,9,0.0853,8
khawatir,9,0.0853,7
anggap,9,0.0853,8
penyimpangan,9,0.0853,3
dibuat,9,0.0853,9
belitung,9,0.0853,4
selamatkan,9,0.0853,4
pejabat-pejabat,9,0.0853,8
mengalir,9,0.0853,5
mahal,9,0.0853,5
keliru,9,0.0853,6
memperjuangkan,9,0.0853,4
dprd,9,0.0853,4
botak,9,0.0853,4
rantai,9,0.0853,5
kelurahan,9,0.0853,4
tingkatkan,9,0.0853,5
pembiayaan,9,0.0853,4
kebocoran,9,0.0853,7
fund,9,0.0853,6
dimulai,9,0.0853,7
bodoh,9,0.0853,8
senantiasa,9,0.0853,6
mengucapkan,9,0.0853,6
putra-putri,9,0.0853,6
ajak,9,0.0853,4
jangan-jangan,9,0.0853,7
gunakan,9,0.0853,7
zaman,9,0.0853,6
apabila,9,0.0853,5
dosa,9,0.0853,6
istana,9,0.0853,8
rahayu-rahayu,9,0.0853,9
memohon,9,0.0853,9
terlibat,9,0.0853,6
jalankan,9,0.0853,5
sulawesi,9,0.0853,4
tolong,9,0.0853,4
dibandingkan,9,0.0853,7
keluarkan,9,0.0853,6
berita,9,0.0853,6
panel,9,0.0853,4
terluar,9,0.0853,5
gerakan,9,0.0853,4
asri,9,0.0853,4
spanduk,9,0.0853,1
tv,9,0.0853,8
golongan,9,0.0853,6
ali,9,0.0853,7
praktik-praktik,9,0.0853,5
mewujudkan,9,0.0853,5
rasional,9,0.0853,5
sugiono,9,0.0853,9
andi,9,0.0853,6
olahraga,9,0.0853,3
kekayaannya,9,0.0853,7
lahan,9,0.0853,4
satgas,9,0.0853,4
efisiensi,9,0.0853,5
peresmian,9,0.0853,4
pemberdayaan,9,0.0853,8
positif,9,0.0853,6
sulaiman,9,0.0853,5
perkembangan,9,0.0853,6
esa,9,0.0853,6
angka-angka,9,0.0853,6
setia,9,0.0853,6
penyelundupan,9,0.0853,6
citra,9,0.0853,2
launching,9,0.0853,5
kampus,9,0.0853,4
shanti,9,0.0853,4
sdm,9,0.0853,4
serentak,9,0.0853,5
paripurna,9,0.0853,2
pantas,9,0.0853,3
kebutuhan,9,0.0853,3
ruu,9,0.0853,1
spesialis,9,0.0853,2
plts,9,0.0853,2
terpilih,9,0.0853,2
warna,9,0.0853,1
wilayah,8,0.0758,6
berkuasa,8,0.0758,7
dipimpin,8,0.0758,8
pembantu-pembantu,8,0.0758,4
introspeksi,8,0.0758,4
nyolong,8,0.0758,4
diperbaiki,8,0.0758,5
studi,8,0.0758,4
hatinya,8,0.0758,6
penerus,8,0.0758,8
upacara,8,0.0758,5
dirgahayu,8,0.0758,6
stabilitas,8,0.0758,6
kabinat,8,0.0758,7
dedi,8,0.0758,5
pimda,8,0.0758,7
rintangan,8,0.0758,6
september,8,0.0758,4
entah,8,0.0758,5
menyadari,8,0.0758,6
ikhlas,8,0.0758,4
si,8,0.0758,4
menggunakan,8,0.0758,6
pelaku,8,0.0758,7
panggil,8,0.0758,4
brengsek,8,0.0758,4
terang,8,0.0758,7
milih,8,0.0758,4
pokoknya,8,0.0758,8
gua,8,0.0758,3
real,8,0.0758,7
terdiri,8,0.0758,6
turunkan,8,0.0758,6
lewat,8,0.0758,6
sudahlah,8,0.0758,4
tak,8,0.0758,4
sovereign,8,0.0758,6
dibilang,8,0.0758,5
kebun,8,0.0758,7
bentuk,8,0.0758,6
dikelola,8,0.0758,6
kekeluargaan,8,0.0758,5
menganggap,8,0.0758,7
bermartabat,8,0.0758,6
pula,8,0.0758,5
kesulitan-kesulitan,8,0.0758,7
puncak,8,0.0758,5
bawa,8,0.0758,6
baca,8,0.0758,6
lari,8,0.0758,6
berubah,8,0.0758,5
berterima,8,0.0758,6
dki,8,0.0758,6
latar,8,0.0758,5
blok,8,0.0758,3
kena,8,0.0758,7
disumpah,8,0.0758,6
diterima,8,0.0758,7
desil,8,0.0758,2
kelompok-kelompok,8,0.0758,5
persilakan,8,0.0758,6
swas,8,0.0758,5
operasional,8,0.0758,4
under,8,0.0758,5
dicek,8,0.0758,6
protein,8,0.0758,3
tertinggal,8,0.0758,5
katakanlah,8,0.0758,7
bogor,8,0.0758,5
asosiasi,8,0.0758,4
metro,8,0.0758,7
yahya,8,0.0758,4
muhammadiyah,8,0.0758,3
langit,8,0.0758,6
perhatian,8,0.0758,8
pengawas,8,0.0758,5
pegawai,8,0.0758,6
mempercepat,8,0.0758,6
mengikuti,8,0.0758,7
pengawasan,8,0.0758,4
kaum,8,0.0758,1
kebijakan-kebijakan,8,0.0758,5
saran,8,0.0758,3
ojol,8,0.0758,4
hadiah,8,0.0758,5
menjamin,8,0.0758,7
prosesi,8,0.0758,4
plt,8,0.0758,3
agraria,8,0.0758,8
pkh,8,0.0758,2
dihina,8,0.0758,4
dicuri,8,0.0758,4
relatif,8,0.0758,5
laporkan,8,0.0758,5
super,8,0.0758,3
praktik,8,0.0758,4
suasembada,8,0.0758,4
tiongkok,8,0.0758,6
mendampingi,8,0.0758,8
adat,8,0.0758,6
gagasan,8,0.0758,5
dibutuhkan,8,0.0758,5
tulang,8,0.0758,5
potensi,8,0.0758,7
harian,8,0.0758,6
lapor,8,0.0758,6
video,8,0.0758,7
direksi,8,0.0758,6
keluarganya,8,0.0758,4
vietnam,8,0.0758,5
persatu,8,0.0758,6
usul,8,0.0758,1
kini,8,0.0758,3
menghargai,8,0.0758,5
kamis,8,0.0758,6
teks,8,0.0758,3
ptdsi,8,0.0758,2
instrumen,8,0.0758,3
gigi,8,0.0758,3
praja,8,0.0758,1
revitalisasi,8,0.0758,3
agenda,8,0.0758,3
sisi,8,0.0758,1
atlet,8,0.0758,2
ke-35,8,0.0758,2
anaknya,7,0.0663,5
menjelang,7,0.0663,5
bu,7,0.0663,6
matahari,7,0.0663,5
nyawa,7,0.0663,7
november,7,0.0663,5
disiapkan,7,0.0663,6
alasan,7,0.0663,6
australia,7,0.0663,4
duta,7,0.0663,7
penasihat,7,0.0663,7
palestina,7,0.0663,5
kehilangan,7,0.0663,4
sama-sama,7,0.0663,6
suara,7,0.0663,6
yudisial,7,0.0663,5
senior,7,0.0663,4
saudara-saudaraku,7,0.0663,7
setinggi-tingginya,7,0.0663,6
khususnya,7,0.0663,6
inisiatif,7,0.0663,6
penderitaan,7,0.0663,7
mendengar,7,0.0663,7
amanah,7,0.0663,5
bandung,7,0.0663,3
ketenagakerjaan,7,0.0663,5
rupanya,7,0.0663,5
statistik,7,0.0663,6
nur,7,0.0663,5
berprestasi,7,0.0663,5
fraksi,7,0.0663,2
haturkan,7,0.0663,6
kekurangan-kekurangan,7,0.0663,5
masalah-masalah,7,0.0663,3
menduga,7,0.0663,3
tangannya,7,0.0663,5
sayang,7,0.0663,5
setengah,7,0.0663,3
penghasilannya,7,0.0663,4
gajinya,7,0.0663,5
bangka,7,0.0663,4
be,7,0.0663,7
operasi,7,0.0663,5
oktober,7,0.0663,6
bila,7,0.0663,7
menghentikan,7,0.0663,6
alami,7,0.0663,5
terkandung,7,0.0663,6
dikuasai,7,0.0663,5
januari,7,0.0663,5
menseknek,7,0.0663,5
tertibkan,7,0.0663,6
membunuh,7,0.0663,4
perut,7,0.0663,5
deh,7,0.0663,4
penduduk,7,0.0663,7
hitungan,7,0.0663,5
lpg,7,0.0663,6
tercapai,7,0.0663,5
papua,7,0.0663,4
tambak,7,0.0663,4
total,7,0.0663,6
wujudkan,7,0.0663,7
monitor,7,0.0663,5
lapan,7,0.0663,5
korporasi,7,0.0663,5
beasiswa,7,0.0663,4
kawan,7,0.0663,3
tonggak,7,0.0663,6
akibat,7,0.0663,6
nikmati,7,0.0663,5
persaingan,7,0.0663,5
semacam,7,0.0663,5
kiri,7,0.0663,4
kristen,7,0.0663,2
fokus,7,0.0663,6
sua,7,0.0663,5
institute,7,0.0663,4
kapan,7,0.0663,6
soalnya,7,0.0663,6
kebanggaan,7,0.0663,6
ras,7,0.0663,3
perdana,7,0.0663,6
perubahan,7,0.0663,6
warisan,7,0.0663,4
garis,7,0.0663,5
bebas,7,0.0663,5
gampang,7,0.0663,4
perwira,7,0.0663,3
menengah,7,0.0663,4
manaun,7,0.0663,6
yudikatif,7,0.0663,3
ribut,7,0.0663,3
syarat,7,0.0663,6
it,7,0.0663,4
pasukan,7,0.0663,5
jangka,7,0.0663,5
lambat,7,0.0663,4
urut,7,0.0663,4
sana,7,0.0663,4
lumayan,7,0.0663,7
truk,7,0.0663,6
ground,7,0.0663,5
breaking,7,0.0663,5
sd,7,0.0663,5
bara,7,0.0663,5
jelajahi,7,0.0663,7
download,7,0.0663,7
extend,7,0.0663,7
menegaskan,7,0.0663,4
ramadan,7,0.0663,5
semarang,7,0.0663,4
kebahagiaan,7,0.0663,5
haji,7,0.0663,4
sadari,7,0.0663,5
amankan,7,0.0663,3
dimiliki,7,0.0663,4
kunci,7,0.0663,7
efektif,7,0.0663,3
prestasi-prestasi,7,0.0663,5
mengangkat,7,0.0663,5
nganjuk,7,0.0663,3
pembentukan,7,0.0663,5
pinjam,7,0.0663,3
pengemudi,7,0.0663,3
memandang,7,0.0663,6
pertanyaan,7,0.0663,4
junior,7,0.0663,3
hakim-hakim,7,0.0663,3
jabatan,7,0.0663,4
petugas,7,0.0663,5
iri,7,0.0663,3
penipuan,7,0.0663,4
tetangga,7,0.0663,4
operasionalisasi,7,0.0663,1
najudin,7,0.0663,6
mahfud,7,0.0663,5
amran,7,0.0663,5
rubah,7,0.0663,4
layanan,7,0.0663,4
hilangkan,7,0.0663,4
macron,7,0.0663,1
kepimpinan,7,0.0663,6
terasa,7,0.0663,4
pasok,7,0.0663,4
buddha,7,0.0663,2
era,7,0.0663,3
toleransi,7,0.0663,5
devisa,7,0.0663,3
cerdas,7,0.0663,5
dihormati,7,0.0663,7
dapur-dapur,7,0.0663,2
kamera,7,0.0663,1
dipotong,7,0.0663,2
dadar,7,0.0663,2
mas,7,0.0663,6
suriah,7,0.0663,5
rata-rata,7,0.0663,5
jeep,7,0.0663,2
luas,7,0.0663,6
izinkan,7,0.0663,4
terpintar,7,0.0663,3
kampus-kampus,7,0.0663,5
mesin,7,0.0663,4
sempat,7,0.0663,5
keterangan,7,0.0663,2
masela,7,0.0663,3
menuntut,7,0.0663,4
karbon,7,0.0663,3
hijau,7,0.0663,5
ntb,7,0.0663,1
periksa,7,0.0663,4
transfer,7,0.0663,2
menghadirkan,7,0.0663,3
rekomendasi,7,0.0663,3
berkorban,7,0.0663,2
mengoreksi,7,0.0663,2
dividen,7,0.0663,2
periode,7,0.0663,3
aspirasi,7,0.0663,3
sensus,7,0.0663,1
pengadaan,7,0.0663,1
giant,7,0.0663,1
ku,7,0.0663,1
rizki,7,0.0663,1
ke-25,7,0.0663,1
grogi,6,0.0569,3
tnu,6,0.0569,1
bawang,6,0.0569,3
diurus,6,0.0569,5
lahirnya,6,0.0569,4
membesarkan,6,0.0569,4
are,6,0.0569,4
terkesan,6,0.0569,5
kompak,6,0.0569,5
hai,6,0.0569,5
bpkp,6,0.0569,4
kpk,6,0.0569,5
hari-hari,6,0.0569,5
warahmatullah,6,0.0569,5
parlemen,6,0.0569,4
istimewa,6,0.0569,5
senjata,6,0.0569,4
mengenal,6,0.0569,6
ke-10,6,0.0569,6
keagamaan,6,0.0569,5
pengorbanan,6,0.0569,6
tangguh,6,0.0569,2
merintis,6,0.0569,6
menyaksikan,6,0.0569,4
merusak,6,0.0569,6
cucu-cucu,6,0.0569,6
jajarannya,6,0.0569,5
mengutamakan,6,0.0569,6
dirinya,6,0.0569,6
yeah,6,0.0569,6
daftar,6,0.0569,4
kelautan,6,0.0569,3
wahyu,6,0.0569,5
pindat,6,0.0569,4
hidayat,6,0.0569,6
del,6,0.0569,5
b,6,0.0569,4
pikir,6,0.0569,5
rasulullah,6,0.0569,6
nuklir,6,0.0569,3
memahami,6,0.0569,5
berurusan,6,0.0569,4
partai-partai,6,0.0569,4
ideologi,6,0.0569,4
utuh,6,0.0569,5
ratus,6,0.0569,3
terdapat,6,0.0569,3
besar-besaran,6,0.0569,6
gaduh,6,0.0569,3
dalamnya,6,0.0569,5
dipergunakan,6,0.0569,5
membersihkan,6,0.0569,3
dibawa,6,0.0569,4
dong,6,0.0569,5
lancar,6,0.0569,4
dewasa,6,0.0569,4
dimanfaatkan,6,0.0569,6
sawah,6,0.0569,6
non,6,0.0569,3
in,6,0.0569,4
taruna,6,0.0569,4
kerahkan,6,0.0569,3
rencanakan,6,0.0569,3
harapkan,6,0.0569,4
anagata,6,0.0569,3
dagang,6,0.0569,5
inti,6,0.0569,6
km,6,0.0569,2
generasi-generasi,6,0.0569,6
sembakau,6,0.0569,4
syaratnya,6,0.0569,3
alamin,6,0.0569,5
demikianlah,6,0.0569,6
mempertahankan,6,0.0569,4
mengawal,6,0.0569,4
tempat-tempat,6,0.0569,4
gotongroyong,6,0.0569,6
berbeda-beda,6,0.0569,4
menjawab,6,0.0569,5
elitnya,6,0.0569,4
nasrani,6,0.0569,1
kanan,6,0.0569,4
perpecahan,6,0.0569,5
dendam,6,0.0569,4
benci,6,0.0569,4
teguh,6,0.0569,5
terpaksa,6,0.0569,6
sosmet,6,0.0569,3
kebohongan,6,0.0569,3
dikoreksi,6,0.0569,3
import,6,0.0569,5
brazil,6,0.0569,5
masjid,6,0.0569,3
gunung,6,0.0569,5
gugur,6,0.0569,3
memajukan,6,0.0569,4
terkena,6,0.0569,2
waspada,6,0.0569,4
melupakan,6,0.0569,3
pemikiran,6,0.0569,6
kelangsungan,6,0.0569,4
dibicarakan,6,0.0569,4
mengingatkan,6,0.0569,4
pulau-pulau,6,0.0569,5
perancis,6,0.0569,4
istrinya,6,0.0569,4
jelaskan,6,0.0569,4
kawan-kawan,6,0.0569,5
vital,6,0.0569,5
meramalkan,6,0.0569,4
dibuka,6,0.0569,3
rakyatmu,6,0.0569,4
hasil-hasil,6,0.0569,5
tujuannya,6,0.0569,5
mudah-mudahan,6,0.0569,4
jumat,6,0.0569,5
kumpul,6,0.0569,4
penyakit,6,0.0569,6
profesor-profesor,6,0.0569,5
karat,6,0.0569,2
lambang,6,0.0569,3
istirahat,6,0.0569,5
pengin,6,0.0569,6
simbol,6,0.0569,3
ala,6,0.0569,3
satria,6,0.0569,6
nabi,6,0.0569,5
mendasar,6,0.0569,5
pemirsa,6,0.0569,2
melainkan,6,0.0569,3
rekan,6,0.0569,3
konsolidasi,6,0.0569,3
on,6,0.0569,2
cicit,6,0.0569,4
peluang,6,0.0569,4
kris,6,0.0569,2
sesingkat-singkatnya,6,0.0569,6
titip,6,0.0569,4
terus-menerus,6,0.0569,3
konfederasi,6,0.0569,1
terharu,6,0.0569,4
pensiun,6,0.0569,5
menguntungkan,6,0.0569,4
mengeluarkan,6,0.0569,5
satuan,6,0.0569,4
kartu,6,0.0569,4
kontrak,6,0.0569,5
bunganya,6,0.0569,5
online,6,0.0569,4
rahayu,6,0.0569,3
kehutanan,6,0.0569,4
simak,6,0.0569,6
tergantung,6,0.0569,5
sok,6,0.0569,4
ditaruh,6,0.0569,3
azas,6,0.0569,4
kendalikan,6,0.0569,5
mikro,6,0.0569,4
mengeluh,6,0.0569,3
tombol,6,0.0569,5
muhaimin,6,0.0569,4
indar,6,0.0569,6
dilaporkan,6,0.0569,5
umpamanya,6,0.0569,6
kehendak,6,0.0569,6
berjam-jam,6,0.0569,5
rosan,6,0.0569,4
fundamental,6,0.0569,4
delan,6,0.0569,5
mendorong,6,0.0569,4
waisak,6,0.0569,1
diperkuat,6,0.0569,4
pemerataan,6,0.0569,4
sukses,6,0.0569,5
negaranya,6,0.0569,6
hitam,6,0.0569,4
memperkaya,6,0.0569,3
orek,6,0.0569,2
ayamnya,6,0.0569,2
dalia,6,0.0569,5
pemukiman,6,0.0569,3
wadah,6,0.0569,1
dijalankan,6,0.0569,5
tinggalkan,6,0.0569,5
jualan,6,0.0569,3
kuncinya,6,0.0569,6
besok,6,0.0569,4
panggung,6,0.0569,5
memberikan,6,0.0569,4
alim,6,0.0569,4
jombang,6,0.0569,3
kopiah,6,0.0569,3
tuan,6,0.0569,4
udara,6,0.0569,3
permintaan,6,0.0569,2
menggerakkan,6,0.0569,5
kesebelasan,6,0.0569,4
diperkirakan,6,0.0569,3
membiayai,6,0.0569,2
antaranya,6,0.0569,5
lembaga-lembaga,6,0.0569,4
conference,6,0.0569,5
boy,6,0.0569,2
gelap,6,0.0569,3
lombok,6,0.0569,2
pohon,6,0.0569,3
latihan,6,0.0569,2
kepulauan,6,0.0569,3
peserta,6,0.0569,4
capaian,6,0.0569,3
dibagikan,6,0.0569,1
kg,6,0.0569,3
diperdagangkan,6,0.0569,4
karya,6,0.0569,4
unit,6,0.0569,3
sungai,6,0.0569,5
tawang,6,0.0569,1
berbasis,6,0.0569,3
kurikulum,6,0.0569,2
pembahasan,6,0.0569,2
tertutup,6,0.0569,1
hingga,6,0.0569,2
targetkan,6,0.0569,2
pembangkit,6,0.0569,2
usut,6,0.0569,1
jumpa,5,0.0474,5
menghadap,5,0.0474,4
kesimpulan,5,0.0474,4
dibayar,5,0.0474,5
mempertaruhkan,5,0.0474,4
bertahun-tahun,5,0.0474,5
anggotanya,5,0.0474,4
jadikan,5,0.0474,5
raja,5,0.0474,3
dinas,5,0.0474,4
dikurangi,5,0.0474,4
forum,5,0.0474,4
maling-maling,5,0.0474,5
ruangan,5,0.0474,5
momen,5,0.0474,4
azazi,5,0.0474,4
gaza,5,0.0474,4
pendapat,5,0.0474,5
pnawirawan,5,0.0474,3
tri,5,0.0474,5
ke-12,5,0.0474,5
ketujuh,5,0.0474,5
pentingnya,5,0.0474,5
ujung,5,0.0474,3
nusa,5,0.0474,5
mulyadi,5,0.0474,4
forko,5,0.0474,5
ipb,5,0.0474,4
dicatat,5,0.0474,5
harimurti,5,0.0474,5
ke-80,5,0.0474,2
nya,5,0.0474,4
ngarang,5,0.0474,5
junjungan,5,0.0474,5
keinginan,5,0.0474,3
berlaku,5,0.0474,3
mandataris,5,0.0474,5
alih,5,0.0474,3
sistemik,5,0.0474,1
2t,5,0.0474,2
perkirakan,5,0.0474,4
limbahnya,5,0.0474,2
cukai,5,0.0474,4
nilainya,5,0.0474,4
nikel,5,0.0474,4
tambang-tambang,5,0.0474,3
ditutup,5,0.0474,4
kekuatan-kekuatan,5,0.0474,3
menyusun,5,0.0474,3
nasi,5,0.0474,2
februari,5,0.0474,4
sayur,5,0.0474,4
kampung-kampung,5,0.0474,5
gentar,5,0.0474,4
singgung,5,0.0474,3
kerusuhan,5,0.0474,2
kejahatan,5,0.0474,2
jahat,5,0.0474,4
menurunkan,5,0.0474,4
itikat,5,0.0474,4
koalisi,5,0.0474,4
bulan-bulan,5,0.0474,4
disubsidi,5,0.0474,4
barang-barang,5,0.0474,4
percepat,5,0.0474,5
produk,5,0.0474,3
beban,5,0.0474,3
goreng,5,0.0474,3
mandiri,5,0.0474,5
es,5,0.0474,3
storage,5,0.0474,2
gagah,5,0.0474,4
unggulan,5,0.0474,4
smp,5,0.0474,5
marah,5,0.0474,5
nenek,5,0.0474,5
aturan,5,0.0474,3
tertib,5,0.0474,3
inginkan,5,0.0474,5
meraih,5,0.0474,4
alokasi,5,0.0474,4
bpjs,5,0.0474,3
dibeli,5,0.0474,5
biru,5,0.0474,4
alhamdulillahiabbil,5,0.0474,4
musyawarah,5,0.0474,3
hijriah,5,0.0474,2
dihadapi,5,0.0474,4
momentum,5,0.0474,4
panjatkan,5,0.0474,5
jati,5,0.0474,5
etnis,5,0.0474,4
takdir,5,0.0474,3
mempelajari,5,0.0474,3
ditanya,5,0.0474,3
terbukti,5,0.0474,5
aneh,5,0.0474,4
us,5,0.0474,3
fitnah,5,0.0474,3
mengizinkan,5,0.0474,3
kebencian,5,0.0474,4
batas,5,0.0474,3
okelah,5,0.0474,5
band,5,0.0474,3
ibunya,5,0.0474,3
pertempuran,5,0.0474,4
musuh,5,0.0474,5
putra,5,0.0474,4
tunggal,5,0.0474,4
purawirawan,5,0.0474,3
tito,5,0.0474,5
karnavian,5,0.0474,5
situasi,5,0.0474,5
dijajah,5,0.0474,4
proklamasi,5,0.0474,4
kendali,5,0.0474,4
dahulu,5,0.0474,4
pulang,5,0.0474,5
manapun,5,0.0474,4
to,5,0.0474,4
istilah,5,0.0474,4
bingung,5,0.0474,5
bertanding,5,0.0474,3
pertikaian,5,0.0474,5
permusuhan,5,0.0474,2
calon,5,0.0474,2
bergerak,5,0.0474,4
terserah,5,0.0474,3
fondasi,5,0.0474,5
mandi,5,0.0474,3
biodiesel,5,0.0474,2
terbang,5,0.0474,4
gagal,5,0.0474,4
rp1,5,0.0474,5
bangsanya,5,0.0474,4
sor,5,0.0474,4
bertarung,5,0.0474,4
capaian-capaian,5,0.0474,4
muda-muda,5,0.0474,4
kapal-kapal,5,0.0474,4
kota-kota,5,0.0474,3
maki,5,0.0474,5
realita,5,0.0474,2
kl,5,0.0474,3
jorok,5,0.0474,2
seng,5,0.0474,1
panas,5,0.0474,4
dicampur,5,0.0474,4
sesudah,5,0.0474,4
pengarahan,5,0.0474,3
pesan,5,0.0474,5
kadin,5,0.0474,4
depannya,5,0.0474,4
koordinasi,5,0.0474,5
merayakan,5,0.0474,4
kebersamaan,5,0.0474,4
najamudin,5,0.0474,4
sunarto,5,0.0474,4
utusan,5,0.0474,4
quran,5,0.0474,1
abdurrahman,5,0.0474,5
pemuda,5,0.0474,4
menambah,5,0.0474,3
singkat,5,0.0474,4
penyelewengan,5,0.0474,4
memberantas,5,0.0474,4
mendengarkan,5,0.0474,3
will,5,0.0474,3
main-main,5,0.0474,5
palsu,5,0.0474,5
return,5,0.0474,1
kertas,5,0.0474,3
obat,5,0.0474,4
tahun-tahun,5,0.0474,4
sepenuhnya,5,0.0474,4
diawasi,5,0.0474,3
maling,5,0.0474,3
panik,5,0.0474,5
terjangkau,5,0.0474,5
maunya,5,0.0474,4
international,5,0.0474,5
dirut,5,0.0474,4
nusron,5,0.0474,5
kepadalah,5,0.0474,3
sombong,5,0.0474,5
janganlah,5,0.0474,4
kepastian,5,0.0474,3
biasanya,5,0.0474,4
ketidakadilan,5,0.0474,3
diselesaikan,5,0.0474,3
bohong,5,0.0474,4
rp3,5,0.0474,2
sederhanakan,5,0.0474,2
penekanan,5,0.0474,4
parawansa,5,0.0474,5
keturunan,5,0.0474,4
malang,5,0.0474,3
kendaraan,5,0.0474,3
pasarnya,5,0.0474,3
dicapai,5,0.0474,4
ngurus,5,0.0474,3
payah,5,0.0474,4
ketegangan,5,0.0474,4
tenggara,5,0.0474,5
kebijaksanaan,5,0.0474,2
megawati,5,0.0474,5
khas,5,0.0474,4
kerakyatan,5,0.0474,3
disusun,5,0.0474,3
bertahan,5,0.0474,4
stunting,5,0.0474,3
otak,5,0.0474,3
otot,5,0.0474,3
pemeriksa,5,0.0474,3
menyangkut,5,0.0474,3
makannya,5,0.0474,3
dipakai,5,0.0474,4
sanggup,5,0.0474,3
himpunan,5,0.0474,3
kapitalisme,5,0.0474,2
growth,5,0.0474,2
esdm,5,0.0474,5
seolah-olah,5,0.0474,5
konferensi,5,0.0474,2
patriotik,5,0.0474,3
nasionalis,5,0.0474,3
hindari,5,0.0474,4
kholil,5,0.0474,3
pwnu,5,0.0474,3
ireng,5,0.0474,3
pembina,5,0.0474,5
sekjen,5,0.0474,3
mustasyar,5,0.0474,4
ulum,5,0.0474,3
aparat,5,0.0474,4
belas,5,0.0474,5
andalan,5,0.0474,2
hkti,5,0.0474,2
sudaryono,5,0.0474,4
darat,5,0.0474,5
penghasil,5,0.0474,4
pelatih,5,0.0474,3
padi,5,0.0474,3
canggih,5,0.0474,5
terobosan,5,0.0474,4
elemen,5,0.0474,4
adu,5,0.0474,2
masukan,5,0.0474,3
sektor,5,0.0474,3
nantinya,5,0.0474,4
overhead,5,0.0474,5
pengolahan,5,0.0474,2
dipercaya,5,0.0474,4
kata,5,0.0474,3
dilihat,5,0.0474,5
perdagangan,5,0.0474,4
hargai,5,0.0474,3
ceo,5,0.0474,3
kalimantan,5,0.0474,3
kepiting,5,0.0474,1
erik,5,0.0474,3
mengadakan,5,0.0474,5
hutang,5,0.0474,3
birokrat,5,0.0474,3
melayani,5,0.0474,3
abadi,5,0.0474,2
ramah,5,0.0474,4
saham,5,0.0474,3
martabat,5,0.0474,3
bagikan,5,0.0474,2
pedagang,5,0.0474,2
kdmp,5,0.0474,2
dpp,5,0.0474,2
pengakuan,5,0.0474,3
akad,5,0.0474,1
massal,5,0.0474,4
maksud,5,0.0474,3
inovatif,5,0.0474,2
bercanda,5,0.0474,1
wisatawan,5,0.0474,2
terbersih,5,0.0474,1
melestarikan,5,0.0474,1
reality,5,0.0474,1
standar,5,0.0474,3
peningkatan,5,0.0474,4
memutuskan,5,0.0474,2
dinamika,5,0.0474,2
mengenai,5,0.0474,2
penurunan,5,0.0474,2
domestik,5,0.0474,1
opsi,5,0.0474,1
permohonan,5,0.0474,2
jadikanlah,5,0.0474,1
allahum,5,0.0474,1
membeli,5,0.0474,2
kompetitif,5,0.0474,3
pertimbangan,5,0.0474,1
talenta,5,0.0474,1
elnino,5,0.0474,3
perkara,5,0.0474,1
pmn,5,0.0474,1
kompetisi,5,0.0474,3
games,5,0.0474,1
medali,5,0.0474,1
impera,4,0.0379,3
diuji,4,0.0379,3
iman,4,0.0379,4
ekstrem,4,0.0379,3
tulus,4,0.0379,3
mbok,4,0.0379,1
kebal,4,0.0379,2
dablek,4,0.0379,1
engak,4,0.0379,4
jalan-jalan,4,0.0379,3
diskusi,4,0.0379,2
terkaya,4,0.0379,4
very,4,0.0379,2
kunjungan,4,0.0379,3
diserang,4,0.0379,3
mengirim,4,0.0379,1
ikatan,4,0.0379,3
solidaritas,4,0.0379,4
persahabatan,4,0.0379,4
pura-pura,4,0.0379,3
abad,4,0.0379,3
sinta,4,0.0379,4
kala,4,0.0379,4
ke-13,4,0.0379,4
dasko,4,0.0379,4
seterusnya,4,0.0379,4
menjabat,4,0.0379,4
diganggu,4,0.0379,4
wajar,4,0.0379,4
masif,4,0.0379,4
sekali-sekali,4,0.0379,4
jadilah,4,0.0379,3
sewa,4,0.0379,3
dosen,4,0.0379,4
mahasiswa,4,0.0379,3
jauh-jauh,4,0.0379,4
kebudayaan,4,0.0379,4
perkasa,4,0.0379,4
budi,4,0.0379,3
letnan,4,0.0379,4
samsudin,4,0.0379,4
amalia,4,0.0379,4
simon,4,0.0379,4
pln,4,0.0379,3
santoso,4,0.0379,4
pal,4,0.0379,2
dibaca,4,0.0379,2
almuzamil,4,0.0379,3
edi,4,0.0379,3
dikenal,4,0.0379,4
enam,4,0.0379,2
seharusnya,4,0.0379,3
setahun,4,0.0379,4
gabung,4,0.0379,3
teknokrat,4,0.0379,2
tunjuk,4,0.0379,4
infantry,4,0.0379,4
teddy,4,0.0379,4
imam,4,0.0379,4
sallallahu,4,0.0379,4
alaihi,4,0.0379,4
wasallam,4,0.0379,4
membereskan,4,0.0379,2
buku-buku,4,0.0379,2
kesepakatan,4,0.0379,3
patuh,4,0.0379,3
pemilu,4,0.0379,4
merugikan,4,0.0379,3
caranya,4,0.0379,4
t,4,0.0379,4
limbah,4,0.0379,2
batubara,4,0.0379,4
keracunan,4,0.0379,2
garam,4,0.0379,3
kilo,4,0.0379,4
market,4,0.0379,3
memungkinkan,4,0.0379,4
jaringan,4,0.0379,3
anak-anaknya,4,0.0379,4
bakar-bakar,4,0.0379,4
pejuang,4,0.0379,3
distributor,4,0.0379,2
r00,4,0.0379,4
kader-kader,4,0.0379,3
bupati-bupati,4,0.0379,4
otomatis,4,0.0379,3
bersubsidi,4,0.0379,3
pembagian,4,0.0379,4
dermaga,4,0.0379,3
cold,4,0.0379,2
naiknya,4,0.0379,4
pantura,4,0.0379,2
dikerjakan,4,0.0379,3
modernisasi,4,0.0379,3
liwat,4,0.0379,2
ketinggalan,4,0.0379,4
merencanakan,4,0.0379,3
pesantren-pesantren,4,0.0379,3
wealth,4,0.0379,4
singkatan,4,0.0379,4
bahu-membahu,4,0.0379,3
cerah,4,0.0379,4
du,4,0.0379,4
allahu,4,0.0379,3
hasyim,4,0.0379,4
penjaga,4,0.0379,3
kristiani,4,0.0379,2
meneguhkan,4,0.0379,3
mengetahui,4,0.0379,4
nasib,4,0.0379,4
harmoni,4,0.0379,2
mengharukan,4,0.0379,2
widodo,4,0.0379,4
pelantikan,4,0.0379,4
pokok,4,0.0379,3
pipi,4,0.0379,1
tarik,4,0.0379,4
dikritik,4,0.0379,4
lengkap,4,0.0379,4
sasembada,4,0.0379,4
canangkan,4,0.0379,4
badannya,4,0.0379,3
luhud,4,0.0379,4
pdp,4,0.0379,3
larang,4,0.0379,3
tuanya,4,0.0379,3
sepatu,4,0.0379,3
rumahnya,4,0.0379,4
ika,4,0.0379,3
penutup,4,0.0379,2
tujuh,4,0.0379,3
perasaan,4,0.0379,4
instansi,4,0.0379,3
kepadanyalah,4,0.0379,4
bertemu,4,0.0379,4
impossible,4,0.0379,1
so,4,0.0379,2
terpusat,4,0.0379,3
lugu,4,0.0379,2
merauke,4,0.0379,3
intervensi,4,0.0379,2
ajarkan,4,0.0379,3
keringat,4,0.0379,4
anjing,4,0.0379,4
memikirkan,4,0.0379,4
sumbangan,4,0.0379,4
hatta,4,0.0379,4
disukai,4,0.0379,3
ukrain,4,0.0379,3
berpengaruh,4,0.0379,3
tantangan-tantangan,4,0.0379,4
menderita,4,0.0379,4
spanyol,4,0.0379,2
hujan,4,0.0379,3
l,4,0.0379,4
sifat,4,0.0379,4
middle,4,0.0379,1
class,4,0.0379,1
rentan,4,0.0379,2
tingkatan,4,0.0379,3
halaman,4,0.0379,3
timbul,4,0.0379,3
mencuri,4,0.0379,4
sapi,4,0.0379,2
gunanya,4,0.0379,3
tangkap,4,0.0379,3
pdip,4,0.0379,4
patriot,4,0.0379,3
thailand,4,0.0379,4
bermimpi,4,0.0379,3
rusia,4,0.0379,3
kecuali,4,0.0379,4
aftur,4,0.0379,1
dasarnya,4,0.0379,4
lipat,4,0.0379,3
ciptakan,4,0.0379,2
pidana,4,0.0379,3
well,4,0.0379,3
menghimpun,4,0.0379,4
pengelolaan,4,0.0379,4
management,4,0.0379,3
akal-akalan,4,0.0379,3
baju,4,0.0379,3
antar,4,0.0379,3
lansia,4,0.0379,2
matematik,4,0.0379,3
flat,4,0.0379,3
mengajar,4,0.0379,3
melaut,4,0.0379,4
hidrisasi,4,0.0379,3
terintegrasi,4,0.0379,4
krusial,4,0.0379,4
membahas,4,0.0379,3
caci,4,0.0379,4
lain-lain,4,0.0379,3
turis,4,0.0379,1
kotor,4,0.0379,2
korea,4,0.0379,2
jenderal-jenderal,4,0.0379,4
bicaranya,4,0.0379,4
corve,4,0.0379,1
menyatakan,4,0.0379,4
resik,4,0.0379,3
sank,4,0.0379,2
atap,4,0.0379,3
sejuk,4,0.0379,2
break,4,0.0379,2
mendagri,4,0.0379,2
bengkel,4,0.0379,3
lokasi,4,0.0379,3
persaudaraan,4,0.0379,3
makna,4,0.0379,3
suci,4,0.0379,4
wajah,4,0.0379,4
merawat,4,0.0379,3
penyelenggaraan,4,0.0379,2
slogan,4,0.0379,4
keberkahan,4,0.0379,4
wal,4,0.0379,3
mursalin,4,0.0379,4
amma,4,0.0379,4
khair,4,0.0379,4
sari,4,0.0379,4
ustaz,4,0.0379,2
fatayat,4,0.0379,4
diperlukan,4,0.0379,4
agamanya,4,0.0379,4
dijaga,4,0.0379,4
memelihara,4,0.0379,3
tahunan,4,0.0379,4
berdampak,4,0.0379,3
azan,4,0.0379,3
premis,4,0.0379,3
bpk,4,0.0379,2
mengawasi,4,0.0379,2
upah,4,0.0379,2
kayanya,4,0.0379,3
sisa,4,0.0379,2
swasembada,4,0.0379,3
susun,4,0.0379,4
transportasi,4,0.0379,3
yakinkan,4,0.0379,4
bank-bank,4,0.0379,4
konvensi,4,0.0379,3
mengatur,4,0.0379,4
kecelakaan,4,0.0379,3
bermanfaat,4,0.0379,4
pembinaan,4,0.0379,2
mayor,4,0.0379,4
lahadalia,4,0.0379,4
purbaya,4,0.0379,2
transmigrasi,4,0.0379,3
meninggal,4,0.0379,3
karang,4,0.0379,3
survival,4,0.0379,3
diejek,4,0.0379,2
ketua-ketua,4,0.0379,3
instruksikan,4,0.0379,3
cabang-cabang,4,0.0379,4
nyatanya,4,0.0379,3
benih,4,0.0379,3
tanaman,4,0.0379,4
putuskan,4,0.0379,4
permodalan,4,0.0379,3
madani,4,0.0379,3
mekar,4,0.0379,4
persen,4,0.0379,4
dikumpulkan,4,0.0379,2
nakal,4,0.0379,2
rangkaian,4,0.0379,4
maksudnya,4,0.0379,3
timnya,4,0.0379,3
kewilayahan,4,0.0379,4
pangdam,4,0.0379,3
kediri,4,0.0379,3
persoalan,4,0.0379,4
dicari,4,0.0379,4
up,4,0.0379,3
diresmikan,4,0.0379,3
april,4,0.0379,3
condong,4,0.0379,2
diminta,4,0.0379,4
pori,4,0.0379,3
mengumumkan,4,0.0379,3
tempe,4,0.0379,2
logistik,4,0.0379,2
dampak,4,0.0379,3
menyimpang,4,0.0379,2
kegiatan-kegiatan,4,0.0379,3
tekan,4,0.0379,3
mikir,4,0.0379,4
pusing,4,0.0379,1
trenggono,4,0.0379,3
waktunya,4,0.0379,3
incorporated,4,0.0379,3
asia,4,0.0379,3
mendatang,4,0.0379,3
karunia-nya,4,0.0379,3
berbangsa,4,0.0379,4
berbahagia,4,0.0379,4
budhaya,4,0.0379,4
putri,4,0.0379,4
hamzah,4,0.0379,4
warsa,4,0.0379,3
ekonominya,4,0.0379,3
pertiwi,4,0.0379,3
rancang,4,0.0379,3
perkuat,4,0.0379,4
mewariskan,4,0.0379,2
pendek,4,0.0379,4
mempersatukan,4,0.0379,2
berjumpanya,4,0.0379,1
komentar,4,0.0379,3
mitra-mitra,4,0.0379,2
penuhi,4,0.0379,2
warning,4,0.0379,4
sarana,4,0.0379,4
dikorupsi,4,0.0379,3
jelek,4,0.0379,4
foto,4,0.0379,4
marwar,4,0.0379,4
sirait,4,0.0379,4
ni,4,0.0379,4
nationalism,4,0.0379,1
bakri,4,0.0379,2
dibesarkan,4,0.0379,4
mengisi,4,0.0379,3
disalahkan,4,0.0379,2
undang,4,0.0379,3
gotong-royong,4,0.0379,3
gedek,4,0.0379,1
tuamu,4,0.0379,2
sepatunya,4,0.0379,2
diumumkan,4,0.0379,1
slide,4,0.0379,2
dibacakan,4,0.0379,2
kemenangan,4,0.0379,3
hadirat,4,0.0379,4
forkopimda,4,0.0379,4
zulkifli,4,0.0379,4
kaos,4,0.0379,2
perempuan,4,0.0379,4
bahrul,4,0.0379,2
wahab,4,0.0379,3
dur,4,0.0379,4
ciri,4,0.0379,3
faktor,4,0.0379,2
saatnya,4,0.0379,3
kilometer,4,0.0379,3
korup,4,0.0379,4
national,4,0.0379,4
diakui,4,0.0379,4
invoicing,4,0.0379,3
meknek,4,0.0379,2
ktna,4,0.0379,1
gorontalo,4,0.0379,3
perhubungan,4,0.0379,2
laksamana,4,0.0379,3
rizal,4,0.0379,3
pelan-pelan,4,0.0379,3
kayaknya,4,0.0379,4
swasada,4,0.0379,3
surplus,4,0.0379,2
berpendapat,4,0.0379,2
ilmuwan,4,0.0379,3
insinyur,4,0.0379,2
jangankan,4,0.0379,4
berkarya,4,0.0379,3
berbicara,4,0.0379,3
transparan,4,0.0379,2
terkuat,4,0.0379,3
komponen,4,0.0379,3
ladang-ladang,4,0.0379,3
cng,4,0.0379,1
naikin,4,0.0379,3
emisi,4,0.0379,2
resah,4,0.0379,2
pembelian,4,0.0379,3
berpikirlah,4,0.0379,1
dibiarkan,4,0.0379,3
arab,4,0.0379,2
bendungan-bendungan,4,0.0379,1
takayuki,4,0.0379,1
kabupaten-kabupaten,4,0.0379,3
tegaskan,4,0.0379,3
keberpihakan,4,0.0379,2
kikin,4,0.0379,3
wajib,4,0.0379,2
bersatulah,4,0.0379,1
akademi,4,0.0379,3
collapse,4,0.0379,3
setinggi,4,0.0379,3
evaluasi,4,0.0379,2
betapa,4,0.0379,3
pricing,4,0.0379,2
diukur,4,0.0379,3
ukuran,4,0.0379,3
konsentrasi,4,0.0379,2
suas,4,0.0379,4
agency,4,0.0379,2
basic,4,0.0379,1
cabut,4,0.0379,1
ojk,4,0.0379,2
dirikan,4,0.0379,2
permainan,4,0.0379,2
habibi,4,0.0379,3
siswa,4,0.0379,2
rp150,4,0.0379,3
menyusui,4,0.0379,2
balita,4,0.0379,2
s1,4,0.0379,2
rp100,4,0.0379,3
mengurus,4,0.0379,4
sisanya,4,0.0379,2
inflasi,4,0.0379,2
pdi,4,0.0379,3
ilmunya,4,0.0379,2
kiai-kiai,4,0.0379,3
reformasi,4,0.0379,2
segenap,4,0.0379,3
pamong,4,0.0379,1
pamung,4,0.0379,1
menangani,4,0.0379,3
aparatur,4,0.0379,2
pegang,4,0.0379,3
saudaramu,4,0.0379,1
buatlah,4,0.0379,2
ketum,4,0.0379,2
insentif,4,0.0379,2
ekskavator,4,0.0379,1
kai,4,0.0379,1
berupa,4,0.0379,3
sumedang,4,0.0379,1
membaca,4,0.0379,3
mianggas,4,0.0379,3
sesepuh,4,0.0379,3
dilahirkan,4,0.0379,1
istilahnya,4,0.0379,3
orientasi,4,0.0379,2
rumit,4,0.0379,2
ke-81,4,0.0379,3
pagu,4,0.0379,1
pph,4,0.0379,1
utang,4,0.0379,2
anugerahilah,4,0.0379,1
kinerja,4,0.0379,2
penyusunan,4,0.0379,1
gerbang,4,0.0379,1
mustofa,4,0.0379,3
barel,4,0.0379,2
wakil-wakil,4,0.0379,2
ifp,4,0.0379,1
berikutnya,4,0.0379,2
dokter-dokter,4,0.0379,2
sanksi,4,0.0379,2
ddmf,4,0.0379,1
sea,4,0.0379,2
kewarganegaraan,4,0.0379,1
penandatanganan,4,0.0379,1
menandatangani,4,0.0379,1
pelabuhan,4,0.0379,1
bla,4,0.0379,1
kristina,4,0.0379,1
garing,4,0.0379,1
tenis,4,0.0379,1
taklimat,3,0.0284,2
ceramah,3,0.0284,2
repot,3,0.0284,3
diveda,3,0.0284,3
memecah,3,0.0284,2
tok,3,0.0284,2
lama-lama,3,0.0284,3
sejarahnya,3,0.0284,3
diproklamasikan,3,0.0284,2
mustika,3,0.0284,2
keindahan,3,0.0284,2
perkiraan,3,0.0284,3
itikad,3,0.0284,3
mawas,3,0.0284,3
diajak,3,0.0284,2
koruptor-koruptor,3,0.0284,3
menangkap,3,0.0284,3
pengeluaran-pengeluaran,3,0.0284,1
melawan,3,0.0284,2
fgd,3,0.0284,2
banding,3,0.0284,1
lsm,3,0.0284,2
ha,3,0.0284,3
thank,3,0.0284,1
much,3,0.0284,1
turkiye,3,0.0284,1
jantung,3,0.0284,2
muslim,3,0.0284,2
otoman,3,0.0284,1
perwira-perwira,3,0.0284,3
mencatat,3,0.0284,3
mendalam,3,0.0284,3
membagi,3,0.0284,3
dialami,3,0.0284,3
bom,3,0.0284,2
berdosa,3,0.0284,3
diam,3,0.0284,3
ikon,3,0.0284,1
kemal,3,0.0284,1
patriotisme,3,0.0284,3
kearifan,3,0.0284,3
tampil,3,0.0284,3
berhadapan,3,0.0284,3
hajah,3,0.0284,3
sunartto,3,0.0284,3
soehartoyo,3,0.0284,3
memperingati,3,0.0284,3
ke-79,3,0.0284,1
dicintai,3,0.0284,2
kesadaran,3,0.0284,3
mengenang,3,0.0284,3
berjasa,3,0.0284,3
kesungguhan,3,0.0284,3
pemberian,3,0.0284,3
sarjana,3,0.0284,3
penggerak,3,0.0284,3
institut,3,0.0284,2
civitas,3,0.0284,3
mathematics,3,0.0284,2
catatan,3,0.0284,3
bacakan,3,0.0284,3
rozan,3,0.0284,3
safri,3,0.0284,3
sri,3,0.0284,2
hafid,3,0.0284,3
yasierli,3,0.0284,3
ugm,3,0.0284,2
ui,3,0.0284,1
hilisasi,3,0.0284,3
toda,3,0.0284,3
mantiri,3,0.0284,3
dharma,3,0.0284,3
pengelola,3,0.0284,3
baskoro,3,0.0284,3
suro,3,0.0284,2
kholid,3,0.0284,3
jamari,3,0.0284,3
caniago,3,0.0284,3
munas,3,0.0284,2
sehari,3,0.0284,3
santai,3,0.0284,3
kopasus,3,0.0284,2
terkenal,3,0.0284,3
rambut,3,0.0284,3
kolonel,3,0.0284,3
dahsyat,3,0.0284,3
korban,3,0.0284,3
pungkiri,3,0.0284,2
murni,3,0.0284,2
negatif,3,0.0284,3
merebut,3,0.0284,3
legowo,3,0.0284,2
sejujur-jujurnya,3,0.0284,2
macam,3,0.0284,3
membentuk,3,0.0284,1
kedolatan,3,0.0284,3
sepakat,3,0.0284,2
kurun,3,0.0284,3
pasang,3,0.0284,2
sewaktu,3,0.0284,3
seolah,3,0.0284,3
pintarnya,3,0.0284,2
heran,3,0.0284,3
berisi,3,0.0284,3
mineral-mineral,3,0.0284,3
kebocoran-kebocoran,3,0.0284,3
manfaatnya,3,0.0284,3
puncaknya,3,0.0284,3
balik,3,0.0284,3
senilai,3,0.0284,3
risau,3,0.0284,3
sppg,3,0.0284,3
uji,3,0.0284,2
jalur,3,0.0284,3
domba,3,0.0284,2
gambar,3,0.0284,3
telepon,3,0.0284,3
diberitahu,3,0.0284,3
diganti,3,0.0284,3
ramai,3,0.0284,3
terwujud,3,0.0284,3
minggu-minggu,3,0.0284,3
semata-mata,3,0.0284,3
cetak,3,0.0284,3
bulok,3,0.0284,3
rekening,3,0.0284,2
politeknik,3,0.0284,2
pikiran,3,0.0284,2
gurunya,3,0.0284,2
ngundang,3,0.0284,3
meja,3,0.0284,2
trump,3,0.0284,2
kejam,3,0.0284,3
dibagi,3,0.0284,3
narik,3,0.0284,3
tanggul,3,0.0284,2
perhitungan,3,0.0284,3
iuran,3,0.0284,3
senin,3,0.0284,3
santri-santriwati,3,0.0284,2
menggambarkan,3,0.0284,3
moral,3,0.0284,3
berkeadilan,3,0.0284,3
pengharapan,3,0.0284,2
sejumlah,3,0.0284,3
menyalahkan,3,0.0284,3
survei,3,0.0284,2
magang,3,0.0284,2
pembelajaran,3,0.0284,3
pertemuan,3,0.0284,3
memaafkan,3,0.0284,2
forgive,3,0.0284,1
pendirian,3,0.0284,3
bela,3,0.0284,3
malah,3,0.0284,2
awas,3,0.0284,2
asal,3,0.0284,2
dipikirkan,3,0.0284,2
internal,3,0.0284,2
demokratis,3,0.0284,3
waspadai,3,0.0284,3
teriak-teriak,3,0.0284,3
keselamatan,3,0.0284,3
pemimpin-pemimpinnya,3,0.0284,3
pramono,3,0.0284,3
harmonis,3,0.0284,3
hambalang,3,0.0284,3
katolik,3,0.0284,1
musik,3,0.0284,3
memainkan,3,0.0284,3
beritahu,3,0.0284,3
perlengkapan,3,0.0284,3
kembalikan,3,0.0284,3
nd,3,0.0284,1
menggalang,3,0.0284,2
salvei,3,0.0284,3
penjuru,3,0.0284,2
kodam,3,0.0284,3
kapolres,3,0.0284,3
secepat,3,0.0284,2
nation,3,0.0284,1
united,3,0.0284,3
ketenangan,3,0.0284,3
muka,3,0.0284,3
country,3,0.0284,2
sabang,3,0.0284,3
merekalah,3,0.0284,3
wanita,3,0.0284,3
berbakti,3,0.0284,3
dibongkar,3,0.0284,2
presiden-presiden,3,0.0284,3
terdahulu,3,0.0284,1
yakini,3,0.0284,3
aliran,3,0.0284,2
pimpinan-pimpinan,3,0.0284,2
konsep,3,0.0284,3
iklim,3,0.0284,3
nonblok,3,0.0284,3
diancam,3,0.0284,3
ideal,3,0.0284,2
kehendaki,3,0.0284,3
pemegang,3,0.0284,3
tahu-tahu,3,0.0284,2
singkong,3,0.0284,3
prasejahtera,3,0.0284,2
aspiring,3,0.0284,1
lingkaran,3,0.0284,2
menggugah,3,0.0284,2
teman-teman,3,0.0284,3
tawarkan,3,0.0284,1
ringkas,3,0.0284,2
jamin,3,0.0284,2
it's,3,0.0284,2
dinding,3,0.0284,3
komando,3,0.0284,2
restoran,3,0.0284,3
white,3,0.0284,2
digaji,3,0.0284,2
pemasok,3,0.0284,1
menghimbau,3,0.0284,3
manage,3,0.0284,2
siap-siap,3,0.0284,2
duluan,3,0.0284,3
orangnya,3,0.0284,2
dipelajari,3,0.0284,3
ketemukan,3,0.0284,3
proyek-proyek,3,0.0284,2
interactive,3,0.0284,2
lengkapi,3,0.0284,2
aluminium,3,0.0284,2
de,3,0.0284,3
grade,3,0.0284,3
berkualitas,3,0.0284,3
energy,3,0.0284,3
beapa,3,0.0284,3
penyelesaian,3,0.0284,2
mengejek,3,0.0284,3
menyerap,3,0.0284,3
buahnya,3,0.0284,3
pagi-pagi,3,0.0284,2
mimpin,3,0.0284,3
wujudnya,3,0.0284,2
modalnya,3,0.0284,2
berkarat,3,0.0284,2
koperasi-koperasi,3,0.0284,3
besar-besar,3,0.0284,2
nyatakan,3,0.0284,3
sesi,3,0.0284,3
kuda,3,0.0284,2
keberagaman,3,0.0284,2
tegak,3,0.0284,3
medan,3,0.0284,3
solo,3,0.0284,2
makassar,3,0.0284,3
manado,3,0.0284,3
wasalatu,3,0.0284,3
wasalamu,3,0.0284,3
alihi,3,0.0284,3
wasohbihi,3,0.0284,3
ajmain,3,0.0284,3
badu,3,0.0284,3
baktiar,3,0.0284,3
yuliati,3,0.0284,3
bisnis,3,0.0284,3
ansor,3,0.0284,3
anak-anakku,3,0.0284,2
umur,3,0.0284,3
irak,3,0.0284,2
petunjuk,3,0.0284,3
pencerahan,3,0.0284,2
al-qur'an,3,0.0284,1
pesan-pesan,3,0.0284,2
penceramah,3,0.0284,1
diingatkan,3,0.0284,3
cita-citakan,3,0.0284,2
sukunya,3,0.0284,3
dilindungi,3,0.0284,3
dibina,3,0.0284,3
ikhtiar,3,0.0284,2
terlantar,3,0.0284,3
berantas,3,0.0284,3
taufik,3,0.0284,3
hidayah,3,0.0284,3
kepresidenan,3,0.0284,3
seremoni,3,0.0284,3
komprehensif,3,0.0284,3
asset,3,0.0284,1
didirikan,3,0.0284,2
penyimpangan-penyimpangan,3,0.0284,2
melahirkan,3,0.0284,3
menunjuk,3,0.0284,3
permusatan,3,0.0284,3
migran,3,0.0284,3
eko,3,0.0284,3
partainya,3,0.0284,3
iqbal,3,0.0284,3
buru,3,0.0284,1
syah,3,0.0284,2
museum,3,0.0284,2
susu,3,0.0284,2
phk,3,0.0284,3
transport,3,0.0284,3
data-data,3,0.0284,3
aplikator,3,0.0284,2
duit,3,0.0284,3
bosan,3,0.0284,2
berpihak,3,0.0284,3
berpenghasilan,3,0.0284,2
administratif,3,0.0284,1
didampingi,3,0.0284,2
diserahkan,3,0.0284,1
agrinas,3,0.0284,2
st,3,0.0284,3
penertiban,3,0.0284,2
kak,3,0.0284,2
uang-uang,3,0.0284,1
harto,3,0.0284,3
ppatk,3,0.0284,2
diekspor,3,0.0284,2
penjualan,3,0.0284,1
moyang,3,0.0284,3
difitnah,3,0.0284,2
kalaupun,3,0.0284,3
mah,3,0.0284,3
petugas-petugas,3,0.0284,3
pengadilan,3,0.0284,3
dinilai,3,0.0284,3
sendi-sendi,3,0.0284,3
rajin,3,0.0284,3
fraud,3,0.0284,3
mengira,3,0.0284,3
sengaja,3,0.0284,3
perizinan,3,0.0284,2
sedangkan,3,0.0284,3
regulasi,3,0.0284,2
teknis,3,0.0284,3
investor,3,0.0284,3
benahi,3,0.0284,2
sirine,3,0.0284,3
siti,3,0.0284,3
purnomo,3,0.0284,2
banyuwangi,3,0.0284,2
absen,3,0.0284,3
marhain,3,0.0284,3
aji,3,0.0284,2
kusuma,3,0.0284,2
bangkalan,3,0.0284,2
pick,3,0.0284,2
cari-cari,3,0.0284,2
dimulainya,3,0.0284,3
remeh,3,0.0284,3
state,3,0.0284,2
pertanggungjawaban,3,0.0284,2
hasilkan,3,0.0284,3
cobaan,3,0.0284,2
tetangga-tetangga,3,0.0284,3
gandum,3,0.0284,2
rut,3,0.0284,2
abu,3,0.0284,2
saudi,3,0.0284,2
rp15,3,0.0284,2
neoliberal,3,0.0284,2
ditambah,3,0.0284,3
mangga,3,0.0284,3
research,3,0.0284,3
no,3,0.0284,3
mbak,3,0.0284,2
dihitung,3,0.0284,3
dimohon,3,0.0284,3
pedoman,3,0.0284,3
diketahui,3,0.0284,2
peranan,3,0.0284,2
melangkah,3,0.0284,3
dipersatukan,3,0.0284,2
dialog,3,0.0284,3
diajarkan,3,0.0284,3
menjunjung,3,0.0284,3
soekarno,3,0.0284,3
soraya,3,0.0284,3
pegangan,3,0.0284,2
komunitas-komunitas,3,0.0284,3
religius,3,0.0284,2
ber,3,0.0284,3
sebesar-besar,3,0.0284,3
kemudahan,3,0.0284,3
kpu,3,0.0284,2
nani,3,0.0284,2
tukang,3,0.0284,2
materi,3,0.0284,3
kesetiaan,3,0.0284,3
mengganti,3,0.0284,1
pengaruh,3,0.0284,2
tampang-tampang,3,0.0284,2
ngaku,3,0.0284,1
kembalilah,3,0.0284,2
nasinya,3,0.0284,1
pulen,3,0.0284,1
curiga,3,0.0284,2
toni,3,0.0284,3
diatur,3,0.0284,3
porsi,3,0.0284,1
enteng,3,0.0284,3
minggir,3,0.0284,2
ke-18,3,0.0284,1
penggagas,3,0.0284,2
lahad,3,0.0284,2
him,3,0.0284,2
sustained,3,0.0284,1
kecemerlangan,3,0.0284,1
hitungannya,3,0.0284,2
sudan,3,0.0284,1
blueprint,3,0.0284,1
berdasar,3,0.0284,2
hajat,3,0.0284,3
warung,3,0.0284,2
taruh,3,0.0284,3
tabungan,3,0.0284,3
peduli,3,0.0284,2
fakta-fakta,3,0.0284,3
asean,3,0.0284,3
g20,3,0.0284,3
dapatkan,3,0.0284,3
liar,3,0.0284,2
pembicaraan,3,0.0284,3
maung,3,0.0284,2
kemauan,3,0.0284,3
berkhianat,3,0.0284,1
pernyataan,3,0.0284,3
anwar,3,0.0284,3
santriwati,3,0.0284,3
sepuh,3,0.0284,3
lirboyo,3,0.0284,3
mahrus,3,0.0284,3
ora,3,0.0284,3
hasbullah,3,0.0284,3
nyaman,3,0.0284,2
lagunya,3,0.0284,3
lepas,3,0.0284,2
kontak,3,0.0284,2
punawirawan,3,0.0284,3
dodi,3,0.0284,3
hanggodo,3,0.0284,3
didit,3,0.0284,2
disambut,3,0.0284,3
rasyid,3,0.0284,3
virtual,3,0.0284,1
kayu,3,0.0284,3
berkilo-kilo,3,0.0284,2
buruk,3,0.0284,3
gini,3,0.0284,2
suporter,3,0.0284,2
dihasilkan,3,0.0284,2
manajer,3,0.0284,2
coach,3,0.0284,2
pu,3,0.0284,2
tongkat,3,0.0284,2
libur,3,0.0284,3
sarasehan,3,0.0284,2
handal,3,0.0284,2
sipil,3,0.0284,2
titik-titik,3,0.0284,3
mengganggu,3,0.0284,3
bukankah,3,0.0284,1
padat,3,0.0284,2
agent,3,0.0284,1
konon,3,0.0284,2
kabarnya,3,0.0284,2
laba,3,0.0284,2
ketertiban,3,0.0284,1
terdampak,3,0.0284,3
terjaga,3,0.0284,2
menghambat,3,0.0284,3
kementerian-kementerian,3,0.0284,3
tekankan,3,0.0284,2
narkotika,3,0.0284,2
apresiasi,3,0.0284,3
berlindung,3,0.0284,3
tajam,3,0.0284,3
jagalah,3,0.0284,1
dengarkan,3,0.0284,3
sinergi,3,0.0284,2
laha,3,0.0284,3
pawirawan,3,0.0284,3
herindra,3,0.0284,3
tanjung,3,0.0284,3
pengguna,3,0.0284,3
peluncuran,3,0.0284,2
mandatori,3,0.0284,1
diluncurkan,3,0.0284,3
mampukah,3,0.0284,1
berbohong,3,0.0284,1
ladang,3,0.0284,2
penggunaan,3,0.0284,2
menyiapkan,3,0.0284,2
dengki,3,0.0284,2
dikenang,3,0.0284,3
ekon,3,0.0284,2
nothing,3,0.0284,1
dirintis,3,0.0284,2
selasa,3,0.0284,3
luncurkan,3,0.0284,3
rasanya,3,0.0284,1
bima,3,0.0284,2
akhyar,3,0.0284,3
anyar,3,0.0284,2
kelompoknya,3,0.0284,3
dada,3,0.0284,2
prosedur,3,0.0284,3
komisinya,3,0.0284,3
berpesan,3,0.0284,2
senapan,3,0.0284,2
nembak,3,0.0284,2
curang,3,0.0284,2
profesional,3,0.0284,2
camat,3,0.0284,3
seperempat,3,0.0284,3
tu,3,0.0284,3
ueda,3,0.0284,1
disinggung,3,0.0284,3
transisi,3,0.0284,3
lokal,3,0.0284,2
mua,3,0.0284,1
penyuluh,3,0.0284,2
gula,3,0.0284,2
ambruk,3,0.0284,2
rintis,3,0.0284,3
lulusan,3,0.0284,2
e20,3,0.0284,1
kamar,3,0.0284,3
iso,3,0.0284,2
perintahnya,3,0.0284,2
terkendali,3,0.0284,2
tersedia,3,0.0284,2
pemborosan,3,0.0284,1
penjajahan,3,0.0284,3
imperialisme,3,0.0284,1
dipelihara,3,0.0284,2
memberdayakan,3,0.0284,2
tukar,3,0.0284,2
development,3,0.0284,3
sdg,3,0.0284,1
good,3,0.0284,2
illegal,3,0.0284,1
aset-aset,3,0.0284,2
kabinetnya,3,0.0284,2
mengkonsolidasikan,3,0.0284,2
berminat,3,0.0284,1
etc,3,0.0284,2
kumpulkan,3,0.0284,3
implementasi,3,0.0284,2
beda,3,0.0284,2
raport,3,0.0284,3
outlook,3,0.0284,2
ikuti,3,0.0284,3
mars,3,0.0284,2
lestarikan,3,0.0284,2
rib,3,0.0284,1
flpp,3,0.0284,2
what,3,0.0284,1
have,3,0.0284,1
kompensasi,3,0.0284,1
niatnya,3,0.0284,1
sebutkan,3,0.0284,3
kategori,3,0.0284,2
dikdasmen,3,0.0284,3
terdepan,3,0.0284,3
mutlak,3,0.0284,3
mempunyai,3,0.0284,3
kependudukan,3,0.0284,3
jenis,3,0.0284,2
naikkan,3,0.0284,3
disimpan,3,0.0284,3
menjual,3,0.0284,3
menyalurkan,3,0.0284,3
retail,3,0.0284,2
konsumen,3,0.0284,1
bertindak,3,0.0284,2
kanker,3,0.0284,3
nasdem,3,0.0284,3
priono,3,0.0284,3
cabang,3,0.0284,2
penghormatan,3,0.0284,3
musim,3,0.0284,2
galak,3,0.0284,1
sehari-hari,3,0.0284,2
ijtimah,3,0.0284,1
menguatkan,3,0.0284,2
mengembalikan,3,0.0284,3
tahan,3,0.0284,2
ikor,3,0.0284,1
nyebrang,3,0.0284,1
tali,3,0.0284,2
roboh,3,0.0284,2
gelasmu,3,0.0284,1
banyumas,3,0.0284,2
nyambut,3,0.0284,2
drum,3,0.0284,1
ipdn,3,0.0284,1
seberapa,3,0.0284,2
berbelit-belit,3,0.0284,2
et,3,0.0284,2
menanti,3,0.0284,3
kerala,3,0.0284,1
tegal,3,0.0284,2
kpr,3,0.0284,2
menghendaki,3,0.0284,3
cara-cara,3,0.0284,1
menentu,3,0.0284,3
mencek,3,0.0284,1
tegur,3,0.0284,1
gabungan,3,0.0284,2
bawahnya,3,0.0284,3
mentah,3,0.0284,3
meriah,3,0.0284,3
bangunan,3,0.0284,2
diarahkan,3,0.0284,2
trans,3,0.0284,1
bersamaan,3,0.0284,2
arsitektur,3,0.0284,2
skor,3,0.0284,2
universitas-universitas,3,0.0284,2
hambatan,3,0.0284,2
diingat,3,0.0284,3
memuaskan,3,0.0284,1
rumus,3,0.0284,2
mentor,3,0.0284,2
tiba,3,0.0284,1
hud,3,0.0284,2
draajat,3,0.0284,1
publiknya,3,0.0284,1
struktur,3,0.0284,1
seakan-akan,3,0.0284,1
dibiayai,3,0.0284,1
berkepentingan,3,0.0284,2
betul-betul,3,0.0284,1
eksternalitas,3,0.0284,1
polusi,3,0.0284,1
satunya,3,0.0284,2
bang,3,0.0284,1
moneter,3,0.0284,2
mengubah,3,0.0284,1
allahumma,3,0.0284,1
memasuki,3,0.0284,1
fungsi,3,0.0284,1
bermakna,3,0.0284,1
banyaknya,3,0.0284,1
keuangannya,3,0.0284,1
rp4,3,0.0284,1
besarnya,3,0.0284,1
dihimpun,3,0.0284,1
berorientasi,3,0.0284,2
terukur,3,0.0284,1
pemberantasan,3,0.0284,2
bruto,3,0.0284,1
makroekonomi,3,0.0284,1
setara,3,0.0284,2
direncanakan,3,0.0284,1
ditargetkan,3,0.0284,1
kisaran,3,0.0284,1
lifting,3,0.0284,2
menghitung,3,0.0284,2
pdb,3,0.0284,1
pembeli,3,0.0284,2
ongkos,3,0.0284,1
volume,3,0.0284,2
benteng,3,0.0284,2
helikopter,3,0.0284,2
jarak,3,0.0284,2
terbatas,3,0.0284,1
transaksi,3,0.0284,2
optimalisasi,3,0.0284,1
dioperasikan,3,0.0284,1
kepemilikan,3,0.0284,1
mengoperasikan,3,0.0284,2
diesel,3,0.0284,2
center,3,0.0284,1
komersial,3,0.0284,1
prinsip,3,0.0284,3
anti,3,0.0284,2
seawall,3,0.0284,1
menunaikan,3,0.0284,2
aula,3,0.0284,1
pemeriksaan,3,0.0284,1
dilengkapi,3,0.0284,1
menggantikan,3,0.0284,2
dimonitor,3,0.0284,1
basah,3,0.0284,1
membagikan,3,0.0284,1
menjangkau,3,0.0284,1
andre,3,0.0284,1
masa-masa,3,0.0284,2
mendoakan,3,0.0284,2
pinjaman,3,0.0284,1
asian,3,0.0284,1
teruslah,3,0.0284,1
emak-emaknya,2,0.019,2
sambutannya,2,0.019,2
emak,2,0.019,2
kofifa,2,0.019,1
pilpres,2,0.019,2
lucu,2,0.019,2
hafal,2,0.019,2
cawe-cawe,2,0.019,1
coba-coba,2,0.019,2
berubah-rubah,2,0.019,2
kehebatan,2,0.019,2
rois,2,0.019,2
mengandung,2,0.019,2
nangkap,2,0.019,1
mengentaskan,2,0.019,1
panggilan,2,0.019,2
ke-elan,2,0.019,2
pengamat-pengamat,2,0.019,2
kejujuran,2,0.019,2
curi,2,0.019,2
kembaliin,2,0.019,1
dibersihkan,2,0.019,2
bandel,2,0.019,2
group,2,0.019,1
discussion,2,0.019,1
apaagi,2,0.019,2
pramuka,2,0.019,1
how,2,0.019,2
hangat,2,0.019,2
tersentuh,2,0.019,2
perjuangannya,2,0.019,2
politisi,2,0.019,1
berkampanye,2,0.019,2
deli,2,0.019,2
kakek-kakek,2,0.019,2
prajurit-prajurit,2,0.019,2
kagum,2,0.019,2
penindasan,2,0.019,1
tertindas,2,0.019,2
asasi,2,0.019,2
mustafa,2,0.019,1
mehmed,2,0.019,1
penakluk,2,0.019,1
sang,2,0.019,2
ke-21,2,0.019,2
rakaboming,2,0.019,2
nuriah,2,0.019,2
keen,2,0.019,2
ma'ruf,2,0.019,2
sufmi,2,0.019,2
kemasyarakatan,2,0.019,2
saat-saat,2,0.019,2
ambang,2,0.019,2
tombak,2,0.019,1
melemahkan,2,0.019,2
dirusak,2,0.019,2
menindas,2,0.019,2
ditindas,2,0.019,2
keterlibatan,2,0.019,2
mengecewakan,2,0.019,2
yuliarto,2,0.019,2
cipta,2,0.019,2
dirgantara,2,0.019,1
kandidat,2,0.019,2
doktor,2,0.019,2
peneliti,2,0.019,2
setingkat,2,0.019,2
dibatasi,2,0.019,2
gunadi,2,0.019,2
sadikin,2,0.019,2
bapenas,2,0.019,2
pambudi,2,0.019,2
sakti,2,0.019,2
viada,2,0.019,2
led,2,0.019,2
dadan,2,0.019,2
laksana,2,0.019,2
angga,2,0.019,2
pasarbu,2,0.019,2
ir,2,0.019,2
aloisius,2,0.019,2
darmawan,2,0.019,2
yoga,2,0.019,2
setiawan,2,0.019,2
its,2,0.019,2
nagasaki,2,0.019,2
hiroshima,2,0.019,2
dipersilakan,2,0.019,2
beragam,2,0.019,2
ahy,2,0.019,2
disingkat,2,0.019,2
diajukan,2,0.019,2
ormas,2,0.019,2
mempersilakan,2,0.019,2
bayangan,2,0.019,2
menatap,2,0.019,2
diutarakan,2,0.019,2
pahami,2,0.019,1
pengertian,2,0.019,2
konsensus,2,0.019,2
kelemahan,2,0.019,1
cemerlang,2,0.019,2
penegak,2,0.019,2
parah,2,0.019,1
repotnya,2,0.019,2
geleng-geleng,2,0.019,1
duitnya,2,0.019,2
feri,2,0.019,2
merisaukan,2,0.019,2
but,2,0.019,2
merekrut,2,0.019,2
ahli-ahli,2,0.019,2
pasir,2,0.019,2
menyinggung,2,0.019,2
terusik,2,0.019,2
investigasi,2,0.019,2
membenci,2,0.019,2
kemampuran,2,0.019,2
rp300,2,0.019,1
menghidupkan,2,0.019,2
bahan-bahan,2,0.019,2
velocity,2,0.019,2
money,2,0.019,2
distribusi,2,0.019,1
paksakan,2,0.019,1
secepat-cepatnya,2,0.019,2
nyelamatkan,2,0.019,1
diadu,2,0.019,2
dibakar,2,0.019,1
ratas,2,0.019,1
kutip,2,0.019,2
komunikasinya,2,0.019,2
baik-baik,2,0.019,2
sabar,2,0.019,2
pupuknya,2,0.019,1
kecewa,2,0.019,2
petaninya,2,0.019,2
gerinda,2,0.019,2
ikut-ikut,2,0.019,2
anis,2,0.019,2
ramai-ramai,2,0.019,2
hypermarket,2,0.019,1
likuiditas,2,0.019,2
biak,2,0.019,2
r000,2,0.019,2
mengalokasikan,2,0.019,2
d,2,0.019,2
tunjangan,2,0.019,1
en,2,0.019,2
terpadu,2,0.019,2
tentukan,2,0.019,2
chat,2,0.019,2
pintas,2,0.019,2
salat,2,0.019,1
pukul-pukul,2,0.019,1
ad,2,0.019,2
syukuri,2,0.019,2
kumpulin,2,0.019,1
birokrat-birokrat,2,0.019,2
bonus,2,0.019,2
dikejar,2,0.019,2
barisan,2,0.019,2
pantun,2,0.019,1
biarlah,2,0.019,2
dilupa,2,0.019,2
pelopor,2,0.019,2
berakhlak,2,0.019,1
saing,2,0.019,2
usulan,2,0.019,2
memperhatikan,2,0.019,2
tertuju,2,0.019,2
menyertai,2,0.019,2
menganut,2,0.019,2
ilahi,2,0.019,2
perselisihan,2,0.019,2
membingungkan,2,0.019,1
eksekutif,2,0.019,2
seandainya,2,0.019,2
mengendalikan,2,0.019,2
sembarangan,2,0.019,2
yah,2,0.019,2
ngejek,2,0.019,2
pendeta,2,0.019,1
ditempeleng,2,0.019,1
cerita-cerita,2,0.019,2
those,2,0.019,1
that,2,0.019,1
trespass,2,0.019,1
against,2,0.019,1
as,2,0.019,2
ketidakbaikan,2,0.019,2
analisa,2,0.019,1
podcast-podcast,2,0.019,2
ajarannya,2,0.019,2
pembunuhan,2,0.019,2
kancingnya,2,0.019,1
cerewet,2,0.019,2
diselamatkan,2,0.019,2
sibuk,2,0.019,2
alumni,2,0.019,2
capek,2,0.019,2
umurmu,2,0.019,2
apbn-nya,2,0.019,1
rockefeller,2,0.019,2
didorong,2,0.019,2
mapan,2,0.019,2
suaranya,2,0.019,2
tedy,2,0.019,2
istiqlal,2,0.019,1
arsiteknya,2,0.019,1
membina,2,0.019,2
heli,2,0.019,2
hindu,2,0.019,1
protestan,2,0.019,1
stefanus,2,0.019,1
sersan,2,0.019,2
bineka,2,0.019,2
kesalahan-kesalahan,2,0.019,2
kajati,2,0.019,2
pangkalan,2,0.019,1
lanut,2,0.019,2
kajari,2,0.019,2
musibah,2,0.019,2
menyelenggarakan,2,0.019,2
an,2,0.019,1
many,2,0.019,1
bertatap,2,0.019,2
rebut,2,0.019,1
rasialis,2,0.019,1
pribumi,2,0.019,2
situs-situs,2,0.019,1
rri,2,0.019,2
terlebih,2,0.019,2
menyumbang,2,0.019,2
berkontribusi,2,0.019,2
konteks,2,0.019,2
dipecah,2,0.019,2
peristiwa,2,0.019,2
mengakibatkan,2,0.019,2
terjadinya,2,0.019,1
align,2,0.019,2
block,2,0.019,2
sudirman,2,0.019,2
ganggu,2,0.019,2
wisata,2,0.019,2
bus,2,0.019,2
pisang,2,0.019,1
pendahulu,2,0.019,2
inggrisnya,2,0.019,2
bps,2,0.019,2
moril,2,0.019,2
ma,2,0.019,2
akademis,2,0.019,2
gugah,2,0.019,1
membenahi,2,0.019,2
kakek,2,0.019,1
buyut,2,0.019,1
gubernurnya,2,0.019,1
buktinya,2,0.019,2
habis-habisan,2,0.019,2
gerra,2,0.019,1
pram,2,0.019,2
mahattir,2,0.019,1
high,2,0.019,2
income,2,0.019,2
kesehatannya,2,0.019,2
dijamin,2,0.019,2
misi,2,0.019,2
sebada,2,0.019,2
alternatif,2,0.019,2
sejati,2,0.019,2
kelebihan-kelebihan,2,0.019,2
miracle,2,0.019,1
crop,2,0.019,1
a,2,0.019,1
cpo,2,0.019,2
mesir,2,0.019,2
pakistan,2,0.019,2
strategic,2,0.019,2
derivatif,2,0.019,2
malas,2,0.019,2
bensin,2,0.019,2
jelanta,2,0.019,1
jelantah,2,0.019,2
dinyatakan,2,0.019,2
menjelaskan,2,0.019,2
house,2,0.019,1
rombongan,2,0.019,2
ganda,2,0.019,2
investasinya,2,0.019,2
kecenderungan,2,0.019,2
pemikirannya,2,0.019,2
health,2,0.019,2
tomat,2,0.019,2
mencelakakan,2,0.019,1
membahayakan,2,0.019,2
tayangkan,2,0.019,2
terpecah-pecah,2,0.019,2
diantar,2,0.019,1
menantang,2,0.019,2
terjual,2,0.019,2
panennya,2,0.019,2
simpan,2,0.019,2
gunung-gunung,2,0.019,2
banjir,2,0.019,2
ganti,2,0.019,2
harap,2,0.019,1
biologi,2,0.019,2
nerima,2,0.019,2
berasrama,2,0.019,2
gt,2,0.019,1
sekelumit,2,0.019,2
minta-minta,2,0.019,2
smelter,2,0.019,2
olio,2,0.019,1
food,2,0.019,2
bayu,2,0.019,2
besi,2,0.019,2
baja,2,0.019,2
kilang,2,0.019,1
alumina,2,0.019,2
proyeksi,2,0.019,2
waste,2,0.019,2
berfungsi,2,0.019,2
totalnya,2,0.019,2
gap,2,0.019,2
basa-basi,2,0.019,2
your,2,0.019,2
sori,2,0.019,2
kacamata,2,0.019,2
sabtu,2,0.019,2
rem,2,0.019,2
buahmu,2,0.019,2
kor,2,0.019,1
korve,2,0.019,1
plastik,2,0.019,2
klkl,2,0.019,2
arahkan,2,0.019,2
bakunya,2,0.019,2
isasi,2,0.019,1
rumbia,2,0.019,1
ijuk,2,0.019,2
minahasa,2,0.019,2
degenerasi,2,0.019,1
atur,2,0.019,2
banjarmasin,2,0.019,2
iklan,2,0.019,1
yuk,2,0.019,2
distrik,2,0.019,2
sliwan,2,0.019,1
menampilkan,2,0.019,2
tradisi,2,0.019,2
festival,2,0.019,1
batam,2,0.019,2
optimisme,2,0.019,2
halal,2,0.019,2
quraisy,2,0.019,1
berharga,2,0.019,2
habib,2,0.019,1
syihab,2,0.019,1
persis,2,0.019,2
dai,2,0.019,2
ananda,2,0.019,1
zian,2,0.019,1
iran,2,0.019,2
nuzul,2,0.019,1
ke-20,2,0.019,2
ganjil,2,0.019,1
mengarah,2,0.019,2
penugasan,2,0.019,2
tumpah,2,0.019,2
rasnya,2,0.019,2
dirawat,2,0.019,2
campur,2,0.019,2
ditunjuk,2,0.019,1
dilarang,2,0.019,2
manakala,2,0.019,2
membawanya,2,0.019,2
bersedia,2,0.019,2
nuzulul,2,0.019,1
digelar,2,0.019,2
kompleks,2,0.019,2
relevan,2,0.019,2
yakni,2,0.019,2
mengupas,2,0.019,2
terkait,2,0.019,2
diterjemahkan,2,0.019,2
tindakan,2,0.019,2
pengingat,2,0.019,2
magrib,2,0.019,1
lantai,2,0.019,2
heeh,2,0.019,2
ngelola,2,0.019,1
fatal,2,0.019,2
awal-awal,2,0.019,2
peraturan-peraturan,2,0.019,2
diaudit,2,0.019,1
mengapa,2,0.019,2
memaksa,2,0.019,2
sasada,2,0.019,2
geotermal,2,0.019,2
terbarukan,2,0.019,2
smart,2,0.019,2
pundak,2,0.019,2
manajemennya,2,0.019,2
upayakan,2,0.019,2
awasi,2,0.019,2
samping,2,0.019,2
utusan-utusan,2,0.019,1
supratman,2,0.019,2
mukhtarudin,2,0.019,2
dudung,2,0.019,2
presidennya,2,0.019,1
juri,2,0.019,2
ardiantoro,2,0.019,2
anung,2,0.019,2
jumhur,2,0.019,2
ilham,2,0.019,2
daftarnya,2,0.019,2
bersumpah,2,0.019,2
pembantu,2,0.019,2
pekerja-pekerja,2,0.019,2
keringatnya,2,0.019,2
dirampok,2,0.019,2
serakah,2,0.019,1
instruksi,2,0.019,1
dibikin,2,0.019,2
mitigasi,2,0.019,2
pemutusan,2,0.019,2
rumah-rumah,2,0.019,2
disetor,2,0.019,2
organization,2,0.019,2
awak,2,0.019,2
asuransi,2,0.019,2
menaikkan,2,0.019,2
melunasi,2,0.019,2
diskon,2,0.019,2
kematian,2,0.019,2
diawali,2,0.019,2
denda,2,0.019,1
palma,2,0.019,2
intelligence,2,0.019,2
hendro,2,0.019,2
rudi,2,0.019,2
iftitah,2,0.019,2
doni,2,0.019,2
pelaksana,2,0.019,1
nama-namanya,2,0.019,2
acara-acara,2,0.019,2
show,2,0.019,2
puskasmas,2,0.019,1
madrasah,2,0.019,2
dimakan,2,0.019,2
jawabannya,2,0.019,1
ekspornya,2,0.019,1
datanya,2,0.019,2
meyakinkan,2,0.019,2
menunduk,2,0.019,2
ditakuti,2,0.019,1
satu-satunya,2,0.019,2
senyum-senyum,2,0.019,2
salut,2,0.019,2
gaji-gaji,2,0.019,2
lompat,2,0.019,2
disogok,2,0.019,2
pindah,2,0.019,2
pengadilan-pengadilan,2,0.019,2
panitra,2,0.019,2
pesankan,2,0.019,1
putusan-putusanmu,2,0.019,1
menipu,2,0.019,2
gelontorkan,2,0.019,2
benih-benih,2,0.019,2
diperiksa,2,0.019,2
pnm,2,0.019,2
at,2,0.019,2
persulit,2,0.019,1
dipercepat,2,0.019,2
deregulasi,2,0.019,2
begini-begini,2,0.019,2
angin,2,0.019,2
hediati,2,0.019,2
selaku,2,0.019,2
nol,2,0.019,2
perangkat,2,0.019,2
haris,2,0.019,1
indra,2,0.019,2
brawijaya,2,0.019,2
gresik,2,0.019,2
jumadi,2,0.019,2
probolinggo,2,0.019,1
sidoarjo,2,0.019,2
madiun,2,0.019,1
yuda,2,0.019,1
sekda,2,0.019,1
ngawi,2,0.019,2
barangnya,2,0.019,2
unsur-unsur,2,0.019,1
sepertinya,2,0.019,2
operasionalkan,2,0.019,2
dihujat,2,0.019,2
peluru,2,0.019,2
korting,2,0.019,1
mengiklankan,2,0.019,1
harga-harga,2,0.019,2
norway,2,0.019,1
rp45,2,0.019,1
rp,2,0.019,2
r5,2,0.019,2
seminggu,2,0.019,2
r500,2,0.019,2
kewenangan,2,0.019,2
topang,2,0.019,1
terhebat,2,0.019,2
penyalur,2,0.019,1
gabah,2,0.019,2
diketemukan,2,0.019,2
mental,2,0.019,2
keras-keras,2,0.019,2
didesain,2,0.019,2
teamwork,2,0.019,2
kawin,2,0.019,2
kir,2,0.019,2
anin,2,0.019,1
dijumlahin,2,0.019,2
go,2,0.019,1
sirene,2,0.019,2
memperkokoh,2,0.019,2
diamanatkan,2,0.019,2
delegasi,2,0.019,1
sependapat,2,0.019,1
prinsip-prinsip,2,0.019,2
dipegang,2,0.019,2
seimbang,2,0.019,1
union,2,0.019,2
level,2,0.019,2
partisipasi,2,0.019,2
multipolar,2,0.019,1
mersi,2,0.019,1
mc,2,0.019,2
kelahiran,2,0.019,2
pencapaian,2,0.019,2
sesama,2,0.019,1
inspirasi,2,0.019,2
bermasyarakat,2,0.019,2
inspektur,2,0.019,2
diistirahatkan,2,0.019,2
honoris,2,0.019,2
kausa,2,0.019,2
maruf,2,0.019,2
suhartoyo,2,0.019,2
usaha-usaha,2,0.019,2
persiapan,2,0.019,2
kosong,2,0.019,2
terpecah,2,0.019,2
komoditas-komunitas,2,0.019,2
tembaga,2,0.019,2
batuara,2,0.019,2
penonton,2,0.019,2
berkeyakinan,2,0.019,2
ke-elapan,2,0.019,2
diberdayakan,2,0.019,2
disertai,2,0.019,2
tindakan-tindakan,2,0.019,2
mengorbankan,2,0.019,2
pmk,2,0.019,1
menko-menko,2,0.019,2
agustina,2,0.019,2
tiba-tiba,2,0.019,2
bapaknya,2,0.019,1
situlah,2,0.019,2
normal,2,0.019,1
lulus,2,0.019,2
temukan,2,0.019,2
tony,2,0.019,1
penyelidikan,2,0.019,1
berpihaklah,2,0.019,2
kejanggalan-kejanggalan,2,0.019,2
laporan-laporan,2,0.019,2
affirmative,2,0.019,2
produknya,2,0.019,2
me,2,0.019,2
pedesaan,2,0.019,2
rekrut,2,0.019,2
didik,2,0.019,2
sppi,2,0.019,1
menanam,2,0.019,2
oknum-oknum,2,0.019,2
baris,2,0.019,1
salim,2,0.019,1
mendikdas,2,0.019,2
kepala-kepala,2,0.019,2
ceplok,2,0.019,2
rebus,2,0.019,2
loyal,2,0.019,2
sambut,2,0.019,2
yusof,2,0.019,1
sebelah,2,0.019,1
latif,2,0.019,1
erwin,2,0.019,1
aksa,2,0.019,1
isdm,2,0.019,2
rahmad,2,0.019,2
bandar,2,0.019,2
pratama,2,0.019,2
pamungkas,2,0.019,2
jambi,2,0.019,1
ang,2,0.019,2
angkanya,2,0.019,2
cocok,2,0.019,2
hi,2,0.019,1
mbah,2,0.019,2
mbahnya,2,0.019,1
dipasang,2,0.019,2
bukunya,2,0.019,2
capitalism,2,0.019,1
society,2,0.019,1
gone,2,0.019,1
characteristic,2,0.019,1
economy,2,0.019,1
self,2,0.019,1
kalimat,2,0.019,2
sustain,2,0.019,1
dipertahankan,2,0.019,2
himi,2,0.019,1
siswono,2,0.019,1
wri,2,0.019,2
lihatlah,2,0.019,1
bahasanya,2,0.019,2
perangnya,2,0.019,2
libya,2,0.019,1
yaman,2,0.019,2
kamboja,2,0.019,2
myanmar,2,0.019,2
biasa-biasa,2,0.019,2
runtuh,2,0.019,2
service,2,0.019,2
himbara,2,0.019,2
bijaksana,2,0.019,2
tantangannya,2,0.019,2
se,2,0.019,2
ditafsirkan,2,0.019,2
logikanya,2,0.019,2
diolah,2,0.019,2
tabunganmu,2,0.019,1
sukanya,2,0.019,2
beruntung,2,0.019,1
tempuh,2,0.019,2
nongol,2,0.019,1
washington,2,0.019,2
teknologinya,2,0.019,2
setialah,2,0.019,2
haruslah,2,0.019,2
gunakanlah,2,0.019,1
investor-investor,2,0.019,1
bangkitlah,2,0.019,2
teluk,2,0.019,2
selat,2,0.019,2
hormus,2,0.019,2
olah,2,0.019,2
presidenmu,2,0.019,1
mercedes,2,0.019,1
arak,2,0.019,2
mengusulkan,2,0.019,2
misahkan,2,0.019,1
bangunlah,2,0.019,2
tunggu-tunggu,2,0.019,2
asik,2,0.019,1
cit,2,0.019,1
nyari,2,0.019,2
pemimpinmu,2,0.019,2
calon-calon,2,0.019,2
dipukul,2,0.019,1
mui,2,0.019,2
khatib,2,0.019,2
asrori,2,0.019,2
kia,2,0.019,2
saifulah,2,0.019,2
ipul,2,0.019,2
umar,2,0.019,2
fauzi,2,0.019,2
pdl,2,0.019,1
pcnu,2,0.019,2
saikona,2,0.019,1
agil,2,0.019,2
marbun,2,0.019,2
kafa,2,0.019,2
sleman,2,0.019,2
miftah,2,0.019,2
maulana,2,0.019,2
sarang,2,0.019,2
rembang,2,0.019,2
ubab,2,0.019,1
maimun,2,0.019,1
gutfan,2,0.019,2
jazuli,2,0.019,2
abdullah,2,0.019,2
roh,2,0.019,2
nuh,2,0.019,2
roy,2,0.019,2
kepalan,2,0.019,1
umarah,2,0.019,2
manis-manis,2,0.019,1
terkejut,2,0.019,2
berhak,2,0.019,2
menguap,2,0.019,2
lindung,2,0.019,2
perak,2,0.019,2
pertumbuhannya,2,0.019,2
net,2,0.019,2
outflow,2,0.019,1
nations,2,0.019,2
rp50,2,0.019,2
hendrik,2,0.019,2
ida,2,0.019,2
dudi,2,0.019,2
purwagandi,2,0.019,2
maruli,2,0.019,2
marsekal,2,0.019,2
harjono,2,0.019,2
call,2,0.019,2
khairul,2,0.019,2
amir,2,0.019,2
pekan,2,0.019,1
ke-17,2,0.019,2
proklamasikan,2,0.019,2
ditopang,2,0.019,2
masak,2,0.019,1
cintanya,2,0.019,2
mengimpor,2,0.019,2
pintar-pintar,2,0.019,2
kedelei,2,0.019,2
delete,2,0.019,1
sopan-sopan,2,0.019,1
rp200,2,0.019,2
teman,2,0.019,1
berapangan,2,0.019,2
irigasi,2,0.019,2
saking,2,0.019,2
genting,2,0.019,1
diisi,2,0.019,2
punggung,2,0.019,2
goyah,2,0.019,2
restu,2,0.019,1
berjumpa,2,0.019,2
balas,2,0.019,2
akademik,2,0.019,2
dimarahin,2,0.019,2
kalinya,2,0.019,1
memegang,2,0.019,2
sertakan,2,0.019,1
nahqoda,2,0.019,2
pelatih-pelatih,2,0.019,2
equipment,2,0.019,1
airnya,2,0.019,2
hobi,2,0.019,2
audiens,2,0.019,2
alternatifnya,2,0.019,1
produktivitasnya,2,0.019,2
monggo,2,0.019,2
teliti,2,0.019,2
saintifik,2,0.019,2
kejadian,2,0.019,2
belahan,2,0.019,2
rambutnya,2,0.019,1
academic,2,0.019,1
freedom,2,0.019,1
kebebasan,2,0.019,1
pertentangan,2,0.019,2
tiktok,2,0.019,2
menghabiskan,2,0.019,2
kode,2,0.019,2
catur,2,0.019,1
karya-karya,2,0.019,2
lanjuti,2,0.019,1
tahulah,2,0.019,2
ben,2,0.019,2
penciptaan,2,0.019,2
melibatkan,2,0.019,2
lindungi,2,0.019,1
perbatasan,2,0.019,2
gudang-gudang,2,0.019,1
pengamat,2,0.019,2
bor,2,0.019,2
pelihara,2,0.019,2
idul,2,0.019,2
fitri,2,0.019,2
lintas,2,0.019,2
judi,2,0.019,1
terorisme,2,0.019,1
kasus,2,0.019,2
lengah,2,0.019,2
penyelidupan,2,0.019,2
beranilah,2,0.019,1
profesionalisme,2,0.019,1
pembenahan,2,0.019,2
permukiman,2,0.019,2
yuliot,2,0.019,2
tohir,2,0.019,2
arsyad,2,0.019,1
astra,2,0.019,1
survive,2,0.019,2
meremehkan,2,0.019,1
berdosalah,2,0.019,1
membor,2,0.019,1
drill,2,0.019,1
dorong,2,0.019,2
kita-kita,2,0.019,2
ngerjain,2,0.019,2
leading,2,0.019,1
toir,2,0.019,1
mengolah,2,0.019,2
subur,2,0.019,2
do,2,0.019,2
fenomena,2,0.019,2
ibarat,2,0.019,2
estafet,2,0.019,1
pegunungan,2,0.019,2
brain,2,0.019,2
judul,2,0.019,1
b60,2,0.019,1
pangkatnya,2,0.019,2
rekayasa,2,0.019,2
ditunggu,2,0.019,2
nyusup,2,0.019,1
tubuhnya,2,0.019,1
kifli,2,0.019,2
forkop,2,0.019,2
jarot,2,0.019,2
rote,2,0.019,2
lapang,2,0.019,1
topimu,2,0.019,2
ngomongnya,2,0.019,2
halus,2,0.019,2
menentang,2,0.019,1
tertipu,2,0.019,1
sembunyiin,2,0.019,1
beres,2,0.019,2
bmn,2,0.019,2
bangkitkan,2,0.019,1
hebat-hebat,2,0.019,2
austral,2,0.019,2
tempatnya,2,0.019,2
pakan,2,0.019,1
pastikan,2,0.019,2
lumbung,2,0.019,2
filipina,2,0.019,2
pimpinannya,2,0.019,2
pimpinlah,2,0.019,1
urus,2,0.019,2
jauhi,2,0.019,1
dandim,2,0.019,2
kapolsek,2,0.019,2
manggil-manggil,2,0.019,1
perencanaan,2,0.019,2
liquified,2,0.019,1
natural,2,0.019,1
dekade,2,0.019,1
dasa,2,0.019,2
naif,2,0.019,2
pihak-pihak,2,0.019,2
berburu,2,0.019,2
sebaliknya,2,0.019,2
kapasitas,2,0.019,2
rencana-rencana,2,0.019,2
antisipasi,2,0.019,2
sebanyak-banyaknya,2,0.019,2
mengerahkan,2,0.019,2
soeharto,2,0.019,2
perkebunan,2,0.019,1
tubuh,2,0.019,2
kolaborasi,2,0.019,2
tepatnya,2,0.019,2
kandung,2,0.019,2
permainan-permainan,2,0.019,2
mangkrak,2,0.019,2
etanol,2,0.019,1
paragraf,2,0.019,1
disodorkan,2,0.019,1
wasitnya,2,0.019,1
ojo,2,0.019,2
omo,2,0.019,2
kasat,2,0.019,2
pahit,2,0.019,2
bermaksud,2,0.019,1
masanya,2,0.019,1
pemimpinnya,2,0.019,1
ketimpangan,2,0.019,2
ininvoicing,2,0.019,2
pemalsuan,2,0.019,1
biarkan,2,0.019,2
watak,2,0.019,1
punah,2,0.019,1
jelas-jelas,2,0.019,1
melemah,2,0.019,2
mengembangkan,2,0.019,2
penyediaan,2,0.019,1
ditakut-takuti,2,0.019,1
ketakutan,2,0.019,2
sustainable,2,0.019,2
water,2,0.019,1
zero,2,0.019,1
hunger,2,0.019,1
clean,2,0.019,1
diramalkan,2,0.019,2
disatukan,2,0.019,2
bernilai,2,0.019,2
pantau,2,0.019,2
rutin,2,0.019,2
ultimatum,2,0.019,1
penasihat-penasihat,2,0.019,1
karet,2,0.019,2
rotterdam,2,0.019,2
pd,2,0.019,2
grafiknya,2,0.019,2
pandang,2,0.019,2
bulu,2,0.019,2
standard,2,0.019,2
snp,2,0.019,2
revenue,2,0.019,2
stable,2,0.019,2
investment,2,0.019,2
rawa,2,0.019,1
sepotong-sepotong,2,0.019,2
long,2,0.019,2
kekeliruan,2,0.019,1
berbondong-bondong,2,0.019,1
ukt,2,0.019,1
singkatannya,2,0.019,2
bansos,2,0.019,1
atensi,2,0.019,2
semen,2,0.019,2
rp6,2,0.019,2
r6,2,0.019,2
rp500,2,0.019,1
tunjukkan,2,0.019,2
strong,2,0.019,1
terbangun,2,0.019,2
debitur,2,0.019,2
umk,2,0.019,2
rinci,2,0.019,1
ketertinggalan,2,0.019,2
menyediakan,2,0.019,2
melompat,2,0.019,1
direnovasi,2,0.019,1
komite,2,0.019,1
terdaftar,2,0.019,2
mengakses,2,0.019,2
bulian,2,0.019,2
diprioritaskan,2,0.019,2
seteng,2,0.019,1
chain,2,0.019,1
kritis,2,0.019,2
kelebihan,2,0.019,2
rentenir,2,0.019,1
pengumpul,2,0.019,1
subdistributor,2,0.019,1
grosir,2,0.019,1
keuntungannya,2,0.019,2
sepertiga,2,0.019,2
ekonom,2,0.019,1
ketepatan,2,0.019,2
kebijakannya,2,0.019,2
peperangan,2,0.019,2
cucun,2,0.019,2
ganteng,2,0.019,2
parti,2,0.019,1
mardiono,2,0.019,2
jabo,2,0.019,2
perindo,2,0.019,2
siraj,2,0.019,2
tahunnya,2,0.019,2
perintah-perintah,2,0.019,2
ijtima,2,0.019,1
menata,2,0.019,2
makai,2,0.019,2
imin,2,0.019,1
kancil,2,0.019,1
sumi,2,0.019,2
lo,2,0.019,1
manfaatkan,2,0.019,2
output,2,0.019,2
gelas,2,0.019,1
gendeng,2,0.019,1
gali,2,0.019,2
rasakan,2,0.019,2
kemerdekaannya,2,0.019,2
sujud,2,0.019,1
ke-33,2,0.019,1
mengayomi,2,0.019,1
bekerjalah,2,0.019,1
integritas,2,0.019,2
seleksi,2,0.019,2
sempit,2,0.019,2
menguntukkan,2,0.019,1
pengabdianmu,2,0.019,2
luthfi,2,0.019,2
coklat,2,0.019,1
batang,2,0.019,1
brebes,2,0.019,1
pekalongan,2,0.019,1
pengembang,2,0.019,1
ari,2,0.019,2
kebutuhannya,2,0.019,2
teknik-teknik,2,0.019,1
klasik,2,0.019,2
dikerahkan,2,0.019,1
santai-santai,2,0.019,1
detail,2,0.019,2
processing,2,0.019,2
cuaca,2,0.019,2
pemda,2,0.019,2
sat,2,0.019,2
stres,2,0.019,1
selesainya,2,0.019,2
supianto,2,0.019,2
kp,2,0.019,2
identitas,2,0.019,1
tanggap,2,0.019,2
pintu-pintu,2,0.019,1
kafe,2,0.019,2
hotel,2,0.019,2
pertahankan,2,0.019,2
paru-paru,2,0.019,1
lestari,2,0.019,2
keramahan,2,0.019,1
mencoba,2,0.019,2
pesat,2,0.019,2
gantungkan,2,0.019,2
bintang-bintang,2,0.019,2
railway,2,0.019,1
guna,2,0.019,2
brin,2,0.019,1
gambaran,2,0.019,1
landasan,2,0.019,2
verd,2,0.019,1
fd,2,0.019,1
penduduknya,2,0.019,2
tersinggung,2,0.019,1
strateginya,2,0.019,2
kambing,2,0.019,2
pisa,2,0.019,1
mengecek,2,0.019,2
kejar,2,0.019,1
lolos,2,0.019,2
ibunda,2,0.019,1
tercinta,2,0.019,2
mutia,2,0.019,2
maman,2,0.019,1
ke-50,2,0.019,1
meluncurkan,2,0.019,2
karier,2,0.019,2
sekolahnya,2,0.019,1
bagaimanapun,2,0.019,2
nakalnya,2,0.019,1
ditempa,2,0.019,1
khasnya,2,0.019,1
audit,2,0.019,2
reaksi,2,0.019,2
ntt,2,0.019,2
didasari,2,0.019,2
berkaitan,2,0.019,1
minus,2,0.019,1
indeks,2,0.019,1
confident,2,0.019,1
derajat,2,0.019,1
awalnya,2,0.019,1
konduct,2,0.019,1
structure,2,0.019,1
cuma,2,0.019,1
kekhawatiran,2,0.019,1
eksekusi,2,0.019,1
mimpi,2,0.019,1
peraturannya,2,0.019,1
case,2,0.019,1
karenanya,2,0.019,1
mandek,2,0.019,1
tumpuk,2,0.019,1
numpuk-numpuk,2,0.019,1
melon,2,0.019,1
renata,2,0.019,1
menikah,2,0.019,1
nikmat,2,0.019,1
medsos,2,0.019,1
salah-salah,2,0.019,1
ucap,2,0.019,2
banggar,2,0.019,1
efisiensinya,2,0.019,1
dimaknai,2,0.019,1
eksternal,2,0.019,1
ngambil,2,0.019,1
pompa,2,0.019,2
friendly,2,0.019,1
opsin,2,0.019,1
option,2,0.019,1
pbn,2,0.019,1
bab,2,0.019,1
tupoksinya,2,0.019,1
tersendiri,2,0.019,1
permusyawaratan,2,0.019,2
bpkri,2,0.019,1
suryadarma,2,0.019,1
memulai,2,0.019,2
sarmuji,2,0.019,1
s,2,0.019,1
ilahana,2,0.019,1
astagfirullah,2,0.019,1
duhai,2,0.019,1
mengabulkan,2,0.019,1
mensyukuri,2,0.019,1
gfur,2,0.019,2
haqqo,2,0.019,1
batila,2,0.019,1
batil,2,0.019,1
waj'alna,2,0.019,1
nasir,2,0.019,2
menolong,2,0.019,1
mensejahterakan,2,0.019,1
rbana,2,0.019,1
hasanah,2,0.019,1
subhana,2,0.019,1
wabarakatuhikumsalam,2,0.019,1
bakti,2,0.019,2
legislasi,2,0.019,1
perampasan,2,0.019,1
meaningful,2,0.019,1
participation,2,0.019,1
legitimasi,2,0.019,1
ketersediaan,2,0.019,2
keberlangsungan,2,0.019,1
diplomasi,2,0.019,1
besaran,2,0.019,1
dibanding,2,0.019,2
000an,2,0.019,1
dibelanjakan,2,0.019,1
derasnya,2,0.019,1
arus,2,0.019,1
polarisasi,2,0.019,1
konten,2,0.019,2
dimanipulasi,2,0.019,2
konteksnya,2,0.019,1
mendekatkan,2,0.019,1
kesediaan,2,0.019,1
diharapkan,2,0.019,2
cermat,2,0.019,2
ditegakkan,2,0.019,1
berjalannya,2,0.019,2
menguji,2,0.019,2
pondasi,2,0.019,2
bukanlah,2,0.019,2
diwariskan,2,0.019,1
das,2,0.019,1
isma,2,0.019,2
yatun,2,0.019,2
sulifli,2,0.019,2
bendera,2,0.019,1
tekanan,2,0.019,2
kedua-duanya,2,0.019,1
peringkat,2,0.019,2
divisa,2,0.019,1
solid,2,0.019,1
rapbn,2,0.019,1
sinergis,2,0.019,1
aktivitas,2,0.019,1
penegakan,2,0.019,1
rbn,2,0.019,1
penguatan,2,0.019,1
rp671,2,0.019,1
rentang,2,0.019,2
bergantung,2,0.019,1
pembaharuan,2,0.019,1
rp27,2,0.019,2
sendiri-sendiri,2,0.019,1
lkpp,2,0.019,1
rp360,2,0.019,2
kelembagaan,2,0.019,1
merenovasi,2,0.019,1
menempuh,2,0.019,1
ambulans,2,0.019,1
mendarat,2,0.019,1
lapangan-lapangan,2,0.019,1
pinggir,2,0.019,2
rsud,2,0.019,1
fakultas,2,0.019,2
memudahkan,2,0.019,2
siaran,2,0.019,2
otoritas,2,0.019,1
pasaran,2,0.019,1
rintisan,2,0.019,2
diperoleh,2,0.019,2
bandara,2,0.019,1
kreatif,2,0.019,2
penerbangan,2,0.019,1
mw,2,0.019,1
financial,2,0.019,1
finansial,2,0.019,1
arbitrase,2,0.019,1
syariah,2,0.019,2
perpajakan,2,0.019,1
transparansi,2,0.019,2
ekosistem,2,0.019,1
sabuk,2,0.019,2
konsumsi,2,0.019,2
baterai,2,0.019,1
lunak,2,0.019,2
pengeluaran,2,0.019,1
talenta-talenta,2,0.019,1
diaspora,2,0.019,1
pembelanjaan,2,0.019,1
pemandangan,2,0.019,1
semangatnya,2,0.019,2
niah,2,0.019,2
mprri,2,0.019,1
transformatif,2,0.019,1
sekeras-kerasnya,2,0.019,2
swembada,2,0.019,2
cabai,2,0.019,1
terlambat,2,0.019,2
supremasi,2,0.019,1
realisasi,2,0.019,1
kuartal,2,0.019,1
tutup-tutupi,2,0.019,1
produktivitas,2,0.019,2
penyimpanan,2,0.019,1
dagangan,2,0.019,1
bumn-bumn,2,0.019,1
pegadaian,2,0.019,1
grounded,2,0.019,1
reaktivasi,2,0.019,1
rp326,2,0.019,1
cloning,2,0.019,1
memperbanyak,2,0.019,1
ternak,2,0.019,1
fero,2,0.019,1
penyesuaian,2,0.019,1
angkutannya,2,0.019,1
sampainya,2,0.019,1
piring,2,0.019,1
bersamamu,2,0.019,1
bahasa-bahasa,2,0.019,1
dinamis,2,0.019,2
sepeda,2,0.019,1
sambil,2,0.019,2
rezeki,2,0.019,1
putus,2,0.019,1
pacaran,2,0.019,1
olimpiade,2,0.019,2
siswa-siswi,2,0.019,1
perlakuan,2,0.019,2
magelang,2,0.019,2
berkompetisi,2,0.019,2
erlangga,2,0.019,2
tercatat,2,0.019,1
kerusakan,2,0.019,1
pendaftaran,2,0.019,1
berdagang,2,0.019,1
berusia,2,0.019,2
wamen,2,0.019,1
osi,2,0.019,2
geothermal,2,0.019,1
wapang,2,0.019,1
asrofilyaai,2,0.019,2
baginda,2,0.019,2
miftahul,2,0.019,2
afifuddin,2,0.019,2
muhajir,2,0.019,2
hasib,2,0.019,1
razak,2,0.019,2
masyaik,2,0.019,2
habaib,2,0.019,2
penabuhan,2,0.019,2
nahdlatul,2,0.019,2
shatullah,2,0.019,1
salamullah,2,0.019,1
berkoalisi,2,0.019,1
ditawarin,2,0.019,1
imf,2,0.019,1
kontingen,2,0.019,1
champion,2,0.019,1
eventing,2,0.019,1
finish,2,0.019,2
jago,2,0.019,1
kesuksesan,2,0.019,1
posisi,2,0.019,1
keluarnya,2,0.019,1
ke-77,2,0.019,1
this,2,0.019,1
mantap,1,0.0095,1
muslimatnya,1,0.0095,1
dijewer,1,0.0095,1
telinganya,1,0.0095,1
malu-malulah,1,0.0095,1
dikuyu-kuyu,1,0.0095,1
dijelek-jelekin,1,0.0095,1
misah-misahkan,1,0.0095,1
peah,1,0.0095,1
dihiraukan,1,0.0095,1
sesorang,1,0.0095,1
nguasai,1,0.0095,1
cabe,1,0.0095,1
terbit,1,0.0095,1
putra-putra,1,0.0095,1
roam,1,0.0095,1
tradisinya,1,0.0095,1
menjajah,1,0.0095,1
surboyo,1,0.0095,1
dijaj,1,0.0095,1
siapun,1,0.0095,1
menggelorakan,1,0.0095,1
anggotamu,1,0.0095,1
bagus-bagus,1,0.0095,1
darling,1,0.0095,1
mesem,1,0.0095,1
nyinyir-nyinyir,1,0.0095,1
diridai,1,0.0095,1
sedikitp,1,0.0095,1
malling,1,0.0095,1
malu-malu,1,0.0095,1
terpaksalah,1,0.0095,1
manaa,1,0.0095,1
perkuatan,1,0.0095,1
dibohongi,1,0.0095,1
mubazir,1,0.0095,1
dihentikan,1,0.0095,1
keluargeri,1,0.0095,1
luuar,1,0.0095,1
dicari-cari,1,0.0095,1
prabow,1,0.0095,1
konferensi-konferensi,1,0.0095,1
seminar,1,0.0095,1
kajian-kajian,1,0.0095,1
tuhentaskan,1,0.0095,1
absolut,1,0.0095,1
bandingnya,1,0.0095,1
grundel,1,0.0095,1
lobi-lobi,1,0.0095,1
nyerang,1,0.0095,1
iaeluyau,1,0.0095,1
kehabisan,1,0.0095,1
monyet-monyet,1,0.0095,1
sadar-sadar,1,0.0095,1
prabuo,1,0.0095,1
dirgaahayu,1,0.0095,1
pilihlah,1,0.0095,1
mus,1,0.0095,1
numan,1,0.0095,1
kurtulmus,1,0.0095,1
tamu-tamu,1,0.0095,1
terkasih,1,0.0095,1
saudara-saudaramu,1,0.0095,1
seseorang,1,0.0095,1
ossani,1,0.0095,1
sultan-sultan,1,0.0095,1
imperialis-imperialis,1,0.0095,1
kekaisaran,1,0.0095,1
mengunjungi,1,0.0095,1
serdang,1,0.0095,1
dilatih,1,0.0095,1
kekasaran,1,0.0095,1
diceritakan,1,0.0095,1
terjalin,1,0.0095,1
berabad-abad,1,0.0095,1
kemajuan-kemajuan,1,0.0095,1
rakyat-rakyat,1,0.0095,1
dibom,1,0.0095,1
pelanggaran,1,0.0095,1
pengagum,1,0.0095,1
diinspirasi,1,0.0095,1
ataturk,1,0.0095,1
patung,1,0.0095,1
mustfa,1,0.0095,1
atatur,1,0.0095,1
south,1,0.0095,1
turk,1,0.0095,1
didengar,1,0.0095,1
dra,1,0.0095,1
sutrisno,1,0.0095,1
permusyaratan,1,0.0095,1
amzulian,1,0.0095,1
rifai,1,0.0095,1
atase,1,0.0095,1
kebesaran,1,0.0095,1
reponesia,1,0.0095,1
agenda-agenda,1,0.0095,1
kepuslian,1,0.0095,1
dibangunnya,1,0.0095,1
terjun,1,0.0095,1
polisi-polisi,1,0.0095,1
meresakan,1,0.0095,1
jeritan,1,0.0095,1
reponia,1,0.0095,1
rastra,1,0.0095,1
kotama,1,0.0095,1
mengabdikan,1,0.0095,1
kejayaan,1,0.0095,1
senat,1,0.0095,1
akademika,1,0.0095,1
kang,1,0.0095,1
farhan,1,0.0095,1
engineering,1,0.0095,1
menyapa,1,0.0095,1
disapa,1,0.0095,1
pratikno,1,0.0095,1
rozlani,1,0.0095,1
mulyani,1,0.0095,1
tranggono,1,0.0095,1
metia,1,0.0095,1
temannya,1,0.0095,1
adi,1,0.0095,1
ninggar,1,0.0095,1
nyusun,1,0.0095,1
hindayana,1,0.0095,1
handoko,1,0.0095,1
fauzan,1,0.0095,1
stella,1,0.0095,1
kristi,1,0.0095,1
horas,1,0.0095,1
prasojo,1,0.0095,1
telkom,1,0.0095,1
dian,1,0.0095,1
siswarini,1,0.0095,1
krakat,1,0.0095,1
stir,1,0.0095,1
johan,1,0.0095,1
land,1,0.0095,1
uhang,1,0.0095,1
ib,1,0.0095,1
gita,1,0.0095,1
amperiawan,1,0.0095,1
biofarma,1,0.0095,1
saddiq,1,0.0095,1
akasya,1,0.0095,1
tingginya,1,0.0095,1
dahana,1,0.0095,1
imawan,1,0.0095,1
kaharudin,1,0.0095,1
zenot,1,0.0095,1
andin,1,0.0095,1
hadianto,1,0.0095,1
stan,1,0.0095,1
syura,1,0.0095,1
shiibul,1,0.0095,1
saiku,1,0.0095,1
suhama,1,0.0095,1
aunur,1,0.0095,1
rofiq,1,0.0095,1
pk,1,0.0095,1
agu,1,0.0095,1
ps,1,0.0095,1
general,1,0.0095,1
assembly,1,0.0095,1
tanggalnya,1,0.0095,1
setulah,1,0.0095,1
tondo-tondo,1,0.0095,1
prasetio,1,0.0095,1
rileks,1,0.0095,1
koisi,1,0.0095,1
merantau,1,0.0095,1
ajukan,1,0.0095,1
kapabel,1,0.0095,1
putihnya,1,0.0095,1
lenan,1,0.0095,1
menetusnya,1,0.0095,1
katastrof,1,0.0095,1
ketidakbenaran,1,0.0095,1
kesusahan,1,0.0095,1
berpolitik,1,0.0095,1
nafsu,1,0.0095,1
naluri-naluri,1,0.0095,1
dominasi,1,0.0095,1
sukarela,1,0.0095,1
searif-arifnya,1,0.0095,1
seutuhnya,1,0.0095,1
kecukupan,1,0.0095,1
partai-parti,1,0.0095,1
keterwakilan,1,0.0095,1
konsekuen,1,0.0095,1
surut,1,0.0095,1
gangguan-gangguan,1,0.0095,1
memprihatinkan,1,0.0095,1
parahnya,1,0.0095,1
penipu-penipu,1,0.0095,1
manipulator-manipulator,1,0.0095,1
lihainnya,1,0.0095,1
tersamar,1,0.0095,1
legal,1,0.0095,1
kerugian,1,0.0095,1
3t,1,0.0095,1
gelang-gelang,1,0.0095,1
omong,1,0.0095,1
wartawan-wartawan,1,0.0095,1
bos-bos,1,0.0095,1
beresin,1,0.0095,1
perampokan,1,0.0095,1
kelengahan,1,0.0095,1
terkeruk,1,0.0095,1
terkemuka,1,0.0095,1
cuki,1,0.0095,1
diselundupkan,1,0.0095,1
nyelundumnya,1,0.0095,1
sampan,1,0.0095,1
rare,1,0.0095,1
earth,1,0.0095,1
kimia,1,0.0095,1
ngecek,1,0.0095,1
pasirnya,1,0.0095,1
boksit,1,0.0095,1
ditertibkan,1,0.0095,1
menjanjikan,1,0.0095,1
kerusuhan-kerusahan,1,0.0095,1
indikasi,1,0.0095,1
paradoks,1,0.0095,1
berasil,1,0.0095,1
ekspektasi,1,0.0095,1
kecamatan-kecamatan,1,0.0095,1
glontorkan,1,0.0095,1
persisnya,1,0.0095,1
menetap,1,0.0095,1
rp1iah,1,0.0095,1
timun,1,0.0095,1
captive,1,0.0095,1
offake,1,0.0095,1
terserap,1,0.0095,1
risa,1,0.0095,1
sop,1,0.0095,1
dicuci,1,0.0095,1
bakteri,1,0.0095,1
test,1,0.0095,1
kit,1,0.0095,1
preventif,1,0.0095,1
linier,1,0.0095,1
rawi-rawi,1,0.0095,1
rantas,1,0.0095,1
malang-malang,1,0.0095,1
putung,1,0.0095,1
sayap-sayap,1,0.0095,1
ulama-ulama,1,0.0095,1
dihasut,1,0.0095,1
membikin,1,0.0095,1
molotov,1,0.0095,1
aktivis,1,0.0095,1
they,1,0.0095,1
evil,1,0.0095,1
zalim,1,0.0095,1
kekacauan,1,0.0095,1
mengadu,1,0.0095,1
pesimisme,1,0.0095,1
menyaring,1,0.0095,1
hungry,1,0.0095,1
stomach,1,0.0095,1
cannot,1,0.0095,1
wait,1,0.0095,1
parpol,1,0.0095,1
kepalanya,1,0.0095,1
menghilang,1,0.0095,1
hapus,1,0.0095,1
perantara,1,0.0095,1
kk,1,0.0095,1
suami,1,0.0095,1
distributor-distributor,1,0.0095,1
pona,1,0.0095,1
sepupunya,1,0.0095,1
suksesnya,1,0.0095,1
udahlah,1,0.0095,1
grinder,1,0.0095,1
gantikan,1,0.0095,1
papuk,1,0.0095,1
kotak,1,0.0095,1
nuraniainya,1,0.0095,1
datang-datang,1,0.0095,1
liwat-liwat,1,0.0095,1
dendem,1,0.0095,1
debat,1,0.0095,1
semurah-murah,1,0.0095,1
serap,1,0.0095,1
supermarket-supermarket,1,0.0095,1
meringankan,1,0.0095,1
kuota,1,0.0095,1
seketika,1,0.0095,1
perlihatkan,1,0.0095,1
tanah-tanah,1,0.0095,1
peruntukkan,1,0.0095,1
mewah,1,0.0095,1
5t,1,0.0095,1
cegat,1,0.0095,1
hura-hura,1,0.0095,1
kunjungan-kunjungan,1,0.0095,1
anggota-anggota,1,0.0095,1
rapat-rapat,1,0.0095,1
ditransfer,1,0.0095,1
terbelakang,1,0.0095,1
bocor-bocor,1,0.0095,1
siarkan,1,0.0095,1
animasi,1,0.0095,1
ustaz-ustaz,1,0.0095,1
pbw,1,0.0095,1
disindir-sindir,1,0.0095,1
ampun,1,0.0095,1
sembunyikan,1,0.0095,1
nekat-nekat,1,0.0095,1
moyangnya,1,0.0095,1
ngejar-ngejar,1,0.0095,1
mekn,1,0.0095,1
bermasalah,1,0.0095,1
kewajiban-kewajibannya,1,0.0095,1
kebun-kebun,1,0.0095,1
lahan-lahannya,1,0.0095,1
disetujui,1,0.0095,1
rapatkan,1,0.0095,1
perundangan,1,0.0095,1
cempaka,1,0.0095,1
jambangan,1,0.0095,1
mundas,1,0.0095,1
juang,1,0.0095,1
takwa,1,0.0095,1
resolusi,1,0.0095,1
jihad,1,0.0095,1
digelorakan,1,0.0095,1
asy'ari,1,0.0095,1
akar,1,0.0095,1
keislaman,1,0.0095,1
keindonesiaan,1,0.0095,1
merestui,1,0.0095,1
dibentuknya,1,0.0095,1
direktorat,1,0.0095,1
teguhkan,1,0.0095,1
meridai,1,0.0095,1
lindungan,1,0.0095,1
diringankan,1,0.0095,1
memperdalam,1,0.0095,1
majmuk,1,0.0095,1
multietnis,1,0.0095,1
multias,1,0.0095,1
multiagama,1,0.0095,1
multi,1,0.0095,1
suku-suku,1,0.0095,1
agama-agama,1,0.0095,1
ditakdirkan,1,0.0095,1
rahim,1,0.0095,1
membuahkan,1,0.0095,1
patut,1,0.0095,1
hamba,1,0.0095,1
gejolak,1,0.0095,1
perseturuan,1,0.0095,1
mencintai,1,0.0095,1
harvard,1,0.0095,1
university,1,0.0095,1
gp,1,0.0095,1
galep,1,0.0095,1
bergabung,1,0.0095,1
kelilingnya,1,0.0095,1
romo,1,0.0095,1
monsinyur,1,0.0095,1
bibel,1,0.0095,1
uspasses,1,0.0095,1
kancah,1,0.0095,1
ketat,1,0.0095,1
sedihnya,1,0.0095,1
berkelai,1,0.0095,1
silatnya,1,0.0095,1
bowo,1,0.0095,1
gini-giniin,1,0.0095,1
keadaannya,1,0.0095,1
mumpung,1,0.0095,1
bijak,1,0.0095,1
bahayanya,1,0.0095,1
pikirannya,1,0.0095,1
podcast,1,0.0095,1
senangnya,1,0.0095,1
geopetik,1,0.0095,1
dosa-dosa,1,0.0095,1
berhimpun,1,0.0095,1
thou,1,0.0095,1
shall,1,0.0095,1
lie,1,0.0095,1
kecurigaan,1,0.0095,1
diamankan,1,0.0095,1
kancing,1,0.0095,1
terpasang,1,0.0095,1
seragam,1,0.0095,1
dongkol,1,0.0095,1
ajudan,1,0.0095,1
apel,1,0.0095,1
pakat,1,0.0095,1
hidupan,1,0.0095,1
militerisme,1,0.0095,1
woh,1,0.0095,1
bari,1,0.0095,1
otoriter,1,0.0095,1
saksinya,1,0.0095,1
semada,1,0.0095,1
wasembada,1,0.0095,1
turunnya,1,0.0095,1
wakilpres,1,0.0095,1
miskinnya,1,0.0095,1
rockefellera,1,0.0095,1
rockval,1,0.0095,1
pelipatan,1,0.0095,1
ralat,1,0.0095,1
mulut,1,0.0095,1
nuduh,1,0.0095,1
antusias,1,0.0095,1
arsitek,1,0.0095,1
orkestra,1,0.0095,1
filemonik,1,0.0095,1
kecilnya,1,0.0095,1
lebaran,1,0.0095,1
melantunkan,1,0.0095,1
badar,1,0.0095,1
ranso,1,0.0095,1
memberitahu,1,0.0095,1
pakaian,1,0.0095,1
kusema,1,0.0095,1
flores,1,0.0095,1
ciprianus,1,0.0095,1
gebo,1,0.0095,1
mengasihi,1,0.0095,1
penutupnya,1,0.0095,1
kebiasaan,1,0.0095,1
eslon,1,0.0095,1
kodairal,1,0.0095,1
kodau,1,0.0095,1
kabinda,1,0.0095,1
korem,1,0.0095,1
lanal,1,0.0095,1
au,1,0.0095,1
kodim,1,0.0095,1
selagi,1,0.0095,1
istimeewa,1,0.0095,1
bergetar,1,0.0095,1
kalbu,1,0.0095,1
can,1,0.0095,1
ethnic,1,0.0095,1
groups,1,0.0095,1
racist,1,0.0095,1
religions,1,0.0095,1
membayangkan,1,0.0095,1
kerangka,1,0.0095,1
mendambahkan,1,0.0095,1
pribadinya,1,0.0095,1
dihukum,1,0.0095,1
terbelit,1,0.0095,1
rule,1,0.0095,1
law,1,0.0095,1
dibantai,1,0.0095,1
penjajah,1,0.0095,1
imperialis,1,0.0095,1
prasasti-prasasti,1,0.0095,1
prasasti,1,0.0095,1
prasaasti,1,0.0095,1
kolam,1,0.0095,1
renang,1,0.0095,1
manggarai,1,0.0095,1
tomo,1,0.0095,1
majapahit,1,0.0095,1
perjuang,1,0.0095,1
pemerintahan-pemerintahan,1,0.0095,1
dihantem,1,0.0095,1
pemberontakan-pemberontakan,1,0.0095,1
kudeta,1,0.0095,1
ratu,1,0.0095,1
westerling,1,0.0095,1
komunis,1,0.0095,1
antikomunis,1,0.0095,1
kapitalis,1,0.0095,1
davos,1,0.0095,1
pecahnya,1,0.0095,1
mengkhuhawatirkan,1,0.0095,1
simulasi,1,0.0095,1
partikel-partikel,1,0.0095,1
radioaktif,1,0.0095,1
ikan-ikan,1,0.0095,1
terkontaminasi,1,0.0095,1
nuclear,1,0.0095,1
winter,1,0.0095,1
debunya,1,0.0095,1
mataharinya,1,0.0095,1
winternya,1,0.0095,1
nobody,1,0.0095,1
going,1,0.0095,1
help,1,0.0095,1
gelar,1,0.0095,1
bergejolak,1,0.0095,1
emosional,1,0.0095,1
idealis,1,0.0095,1
mengancam,1,0.0095,1
siapapa,1,0.0095,1
portugis,1,0.0095,1
mongol,1,0.0095,1
genetika,1,0.0095,1
kedatangan,1,0.0095,1
backpacker,1,0.0095,1
backpacking,1,0.0095,1
numpang,1,0.0095,1
badai,1,0.0095,1
kesasar,1,0.0095,1
dukuh,1,0.0095,1
begakmu,1,0.0095,1
lauknya,1,0.0095,1
tampang,1,0.0095,1
daun,1,0.0095,1
apaadanya,1,0.0095,1
istilah-istilah,1,0.0095,1
keragu-raguan,1,0.0095,1
polis,1,0.0095,1
tugasnya,1,0.0095,1
membulatkan,1,0.0095,1
sekat-sekat,1,0.0095,1
dalam-dalam,1,0.0095,1
kakekmu,1,0.0095,1
buyutmu,1,0.0095,1
diteruskan,1,0.0095,1
intern,1,0.0095,1
rehabilitasi,1,0.0095,1
bursah,1,0.0095,1
istrimu,1,0.0095,1
menyebarluaskan,1,0.0095,1
kuat-kuatnya,1,0.0095,1
mengganjil,1,0.0095,1
menghandle,1,0.0095,1
tips-tipsnya,1,0.0095,1
kriteria,1,0.0095,1
norwegia,1,0.0095,1
kanada,1,0.0095,1
asta,1,0.0095,1
cita,1,0.0095,1
pilar,1,0.0095,1
strat,1,0.0095,1
keliling-keliling,1,0.0095,1
suplly,1,0.0095,1
belarus,1,0.0095,1
commodity,1,0.0095,1
cat,1,0.0095,1
roti,1,0.0095,1
sabun,1,0.0095,1
mandinya,1,0.0095,1
g,1,0.0095,1
biosolar,1,0.0095,1
ketergantungan,1,0.0095,1
after,1,0.0095,1
merubah,1,0.0095,1
membalikkan,1,0.0095,1
jumlahkan,1,0.0095,1
statistiknya,1,0.0095,1
dijelek-jelekan,1,0.0095,1
rockfeller,1,0.0095,1
cover,1,0.0095,1
blunder,1,0.0095,1
direkam,1,0.0095,1
secretary,1,0.0095,1
penilaianpenilaian,1,0.0095,1
pengajuan,1,0.0095,1
wortel,1,0.0095,1
mencela-mencela,1,0.0095,1
menghardik-menghardik,1,0.0095,1
tercipta,1,0.0095,1
tuduhan,1,0.0095,1
menjelekkan,1,0.0095,1
sedikit-sedikit,1,0.0095,1
bomolotov,1,0.0095,1
dikendalikan,1,0.0095,1
omon-omon,1,0.0095,1
lengkapnya,1,0.0095,1
enak-enak,1,0.0095,1
nantang,1,0.0095,1
sinoritas,1,0.0095,1
diborgel,1,0.0095,1
paku,1,0.0095,1
oraya,1,0.0095,1
waru,1,0.0095,1
role,1,0.0095,1
model,1,0.0095,1
tengkulaklah,1,0.0095,1
perantaralah,1,0.0095,1
ngirim,1,0.0095,1
segar,1,0.0095,1
lauk,1,0.0095,1
matik-matiknya,1,0.0095,1
fisika,1,0.0095,1
pengajaran,1,0.0095,1
terbentuk,1,0.0095,1
sekolahkan,1,0.0095,1
jalanan,1,0.0095,1
ikannya,1,0.0095,1
nelayan-nelaian,1,0.0095,1
pilot,1,0.0095,1
project,1,0.0095,1
peningkatannya,1,0.0095,1
highlight,1,0.0095,1
pokok-pokok,1,0.0095,1
hirisasi,1,0.0095,1
stainless,1,0.0095,1
steel,1,0.0095,1
slap,1,0.0095,1
resin,1,0.0095,1
file,1,0.0095,1
tilapia,1,0.0095,1
modul,1,0.0095,1
gasifikasi,1,0.0095,1
copper,1,0.0095,1
road,1,0.0095,1
wire,1,0.0095,1
tube,1,0.0095,1
karaginan,1,0.0095,1
rumpu,1,0.0095,1
aspal,1,0.0095,1
nata,1,0.0095,1
coco,1,0.0095,1
mct,1,0.0095,1
tepung,1,0.0095,1
mangan,1,0.0095,1
sulfat,1,0.0095,1
chemical,1,0.0095,1
chlor,1,0.0095,1
alkali,1,0.0095,1
plant,1,0.0095,1
oil,1,0.0095,1
tanks,1,0.0095,1
tpa,1,0.0095,1
overcapacity,1,0.0095,1
improvisasi,1,0.0095,1
menukar,1,0.0095,1
menyiapkannya,1,0.0095,1
kumuh,1,0.0095,1
excellency,1,0.0095,1
just,1,0.0095,1
came,1,0.0095,1
from,1,0.0095,1
dirty,1,0.0095,1
now,1,0.0095,1
nice,1,0.0095,1
panti,1,0.0095,1
susahnya,1,0.0095,1
rameai-ramai,1,0.0095,1
salahnya,1,0.0095,1
diim,1,0.0095,1
boomen,1,0.0095,1
men,1,0.0095,1
kantor-kantor,1,0.0095,1
lingkunganmu,1,0.0095,1
m-launching,1,0.0095,1
gerobak-gerobak,1,0.0095,1
truk-truk,1,0.0095,1
penghuni,1,0.0095,1
gerakannya,1,0.0095,1
proyeknya,1,0.0095,1
gentengisasi,1,0.0095,1
alat-alat,1,0.0095,1
pabrikpabrik,1,0.0095,1
zat,1,0.0095,1
esh,1,0.0095,1
kotanya,1,0.0095,1
kotamu,1,0.0095,1
kecamatanmu,1,0.0095,1
desamu,1,0.0095,1
atasnya,1,0.0095,1
siram,1,0.0095,1
didatang,1,0.0095,1
isoma,1,0.0095,1
isomah,1,0.0095,1
apaak,1,0.0095,1
iklan-iklan,1,0.0095,1
spanduk-spanduk,1,0.0095,1
balikpan,1,0.0095,1
free,1,0.0095,1
baliho,1,0.0095,1
ditertiban,1,0.0095,1
bikinlah,1,0.0095,1
kentucky,1,0.0095,1
fried,1,0.0095,1
chicken,1,0.0095,1
mcdonald's,1,0.0095,1
protokol,1,0.0095,1
ditertibkanlah,1,0.0095,1
bukalah,1,0.0095,1
kabel-kabel,1,0.0095,1
swan,1,0.0095,1
pointers,1,0.0095,1
sayaap,1,0.0095,1
rakornas,1,0.0095,1
kongsi,1,0.0095,1
fachai,1,0.0095,1
mencerminkan,1,0.0095,1
bertampingan,1,0.0095,1
asli,1,0.0095,1
berlangsung,1,0.0095,1
palembang,1,0.0095,1
pontianak,1,0.0095,1
singkawang,1,0.0095,1
songsong,1,0.0095,1
gongsi,1,0.0095,1
faai,1,0.0095,1
keberuntungan,1,0.0095,1
asrofilya,1,0.0095,1
basnas,1,0.0095,1
khalis,1,0.0095,1
taquf,1,0.0095,1
sihab,1,0.0095,1
cendidikan,1,0.0095,1
al,1,0.0095,1
habsyi,1,0.0095,1
kwitang,1,0.0095,1
nabil,1,0.0095,1
almusawa,1,0.0095,1
alwi,1,0.0095,1
organisasi-organisasi,1,0.0095,1
perserikatan,1,0.0095,1
aisiah,1,0.0095,1
al-irsyad,1,0.0095,1
al-islamiyah,1,0.0095,1
tarbiyah,1,0.0095,1
islamiah,1,0.0095,1
remaja,1,0.0095,1
fakrezi,1,0.0095,1
mtq,1,0.0095,1
farizi,1,0.0095,1
lailatul,1,0.0095,1
qadar,1,0.0095,1
qurais,1,0.0095,1
siihab,1,0.0095,1
arti-arti,1,0.0095,1
bersumber,1,0.0095,1
meresap,1,0.0095,1
meresapi,1,0.0095,1
perlukan,1,0.0095,1
banyak-banyak,1,0.0095,1
dibebankan,1,0.0095,1
kuraisi,1,0.0095,1
pemerintahnya,1,0.0095,1
tugas-tugas,1,0.0095,1
masehi,1,0.0095,1
akirul,1,0.0095,1
kalam,1,0.0095,1
wabillahi,1,0.0095,1
mengusung,1,0.0095,1
ekologis,1,0.0095,1
tausiah,1,0.0095,1
tuntas,1,0.0095,1
antarbangsa,1,0.0095,1
prabu,1,0.0095,1
prab,1,0.0095,1
prabo,1,0.0095,1
memposisikan,1,0.0095,1
memanage,1,0.0095,1
tabrakan,1,0.0095,1
puasa,1,0.0095,1
batal,1,0.0095,1
disetarakan,1,0.0095,1
sovnalt,1,0.0095,1
political,1,0.0095,1
menyenang,1,0.0095,1
menyenang-nyenangkan,1,0.0095,1
sebelum-sebelumnya,1,0.0095,1
entitas,1,0.0095,1
tekstil,1,0.0095,1
senayan,1,0.0095,1
farma,1,0.0095,1
laun,1,0.0095,1
standar-standar,1,0.0095,1
msen,1,0.0095,1
sasaranmu,1,0.0095,1
mendesak,1,0.0095,1
ujian,1,0.0095,1
loncatan,1,0.0095,1
blessing,1,0.0095,1
disguise,1,0.0095,1
niat-niat,1,0.0095,1
maksa,1,0.0095,1
akselerasi,1,0.0095,1
menyedihkan,1,0.0095,1
dieksploitasi,1,0.0095,1
listrikasi,1,0.0095,1
mengimbangi,1,0.0095,1
nanantara,1,0.0095,1
kewaspadaan,1,0.0095,1
eling,1,0.0095,1
aktas,1,0.0095,1
perundungan,1,0.0095,1
purnawirowan,1,0.0095,1
lek,1,0.0095,1
qodari,1,0.0095,1
maskal,1,0.0095,1
madia,1,0.0095,1
pernawirawan,1,0.0095,1
suharianto,1,0.0095,1
afrian,1,0.0095,1
syahnur,1,0.0095,1
liza,1,0.0095,1
patrea,1,0.0095,1
wibowo,1,0.0095,1
bowonya,1,0.0095,1
ganin,1,0.0095,1
eli,1,0.0095,1
rosita,1,0.0095,1
silaban,1,0.0095,1
apindo,1,0.0095,1
diabsen,1,0.0095,1
day,1,0.0095,1
marsinah,1,0.0095,1
ngelundo,1,0.0095,1
marsin,1,0.0095,1
mensahkan,1,0.0095,1
sahkan,1,0.0095,1
terpanggil,1,0.0095,1
elit-elit,1,0.0095,1
ngerampok,1,0.0095,1
segalanya,1,0.0095,1
had,1,0.0095,1
penitipan,1,0.0095,1
dayare,1,0.0095,1
kluster-kluster,1,0.0095,1
kawasan-kawasan,1,0.0095,1
daycare,1,0.0095,1
bis,1,0.0095,1
seben,1,0.0095,1
dicolong,1,0.0095,1
cicil,1,0.0095,1
rumahmu,1,0.0095,1
cicilnya,1,0.0095,1
lunas,1,0.0095,1
gilanya,1,0.0095,1
kucurkan,1,0.0095,1
jiwanya,1,0.0095,1
dangdut,1,0.0095,1
gimanaikasi,1,0.0095,1
ratifikasi,1,0.0095,1
labor,1,0.0095,1
minimum,1,0.0095,1
kurir,1,0.0095,1
memperluas,1,0.0095,1
disabilitas,1,0.0095,1
selnya,1,0.0095,1
rp464,1,0.0095,1
seluas,1,0.0095,1
r2,1,0.0095,1
bpi,1,0.0095,1
burhanuddin,1,0.0095,1
asep,1,0.0095,1
nana,1,0.0095,1
mulyana,1,0.0095,1
febri,1,0.0095,1
adrian,1,0.0095,1
reda,1,0.0095,1
mantovani,1,0.0095,1
dewanto,1,0.0095,1
margono,1,0.0095,1
perdata,1,0.0095,1
narendra,1,0.0095,1
jatna,1,0.0095,1
rid,1,0.0095,1
utut,1,0.0095,1
adianto,1,0.0095,1
widayat,1,0.0095,1
sfri,1,0.0095,1
yudi,1,0.0095,1
sadewa,1,0.0095,1
suryanegara,1,0.0095,1
ateh,1,0.0095,1
pengaturan,1,0.0095,1
coo,1,0.0095,1
oskaria,1,0.0095,1
rohmat,1,0.0095,1
marzuk,1,0.0095,1
seni,1,0.0095,1
raffi,1,0.0095,1
geospasial,1,0.0095,1
syafi'i,1,0.0095,1
richard,1,0.0095,1
tampubolon,1,0.0095,1
bares,1,0.0095,1
krim,1,0.0095,1
diantoro,1,0.0095,1
mengursi,1,0.0095,1
diserahkannya,1,0.0095,1
kesekian,1,0.0095,1
keberapa,1,0.0095,1
bisikan,1,0.0095,1
kriminal,1,0.0095,1
piharaan-piaraan,1,0.0095,1
istri-istrinya,1,0.0095,1
warisnya,1,0.0095,1
pindahin,1,0.0095,1
sambutan-sambutan,1,0.0095,1
wejangan-wejangan,1,0.0095,1
zamannya,1,0.0095,1
plus,1,0.0095,1
perampok-perampok,1,0.0095,1
gagasannya,1,0.0095,1
tua-orang,1,0.0095,1
diperbudak,1,0.0095,1
diperlakukan,1,0.0095,1
kemeleratan,1,0.0095,1
menga,1,0.0095,1
merampok,1,0.0095,1
merampas,1,0.0095,1
hak-hak,1,0.0095,1
bandit-bandit,1,0.0095,1
perampok,1,0.0095,1
menyetor,1,0.0095,1
popularitas,1,0.0095,1
populis,1,0.0095,1
faktanya,1,0.0095,1
bangkitnya,1,0.0095,1
uforia,1,0.0095,1
panggilannya,1,0.0095,1
senioritas,1,0.0095,1
belakang-belakang,1,0.0095,1
diucapkan,1,0.0095,1
kepuasan,1,0.0095,1
seasian,1,0.0095,1
ceritanya,1,0.0095,1
menaikin,1,0.0095,1
mahbung,1,0.0095,1
saku,1,0.0095,1
jeli,1,0.0095,1
ngawasi,1,0.0095,1
upaya-upaya,1,0.0095,1
alokasikan,1,0.0095,1
rp10,1,0.0095,1
dikenakan,1,0.0095,1
rusan,1,0.0095,1
patokan,1,0.0095,1
muliamu,1,0.0095,1
permudah,1,0.0095,1
mengacu,1,0.0095,1
kickback,1,0.0095,1
izinnya,1,0.0095,1
kl-kl,1,0.0095,1
perizinannya,1,0.0095,1
dipersoalkan,1,0.0095,1
suplai,1,0.0095,1
tipis,1,0.0095,1
izin-izin,1,0.0095,1
leher,1,0.0095,1
batuk-batuk,1,0.0095,1
majelisantan,1,0.0095,1
haryadi,1,0.0095,1
zulifli,1,0.0095,1
terkecuali,1,0.0095,1
jamar,1,0.0095,1
canyiago,1,0.0095,1
imigrasi,1,0.0095,1
pemasyarakatan,1,0.0095,1
yusril,1,0.0095,1
izam,1,0.0095,1
mahendra,1,0.0095,1
sarimurti,1,0.0095,1
jaj,1,0.0095,1
lurah,1,0.0095,1
p,1,0.0095,1
dpri,1,0.0095,1
alex,1,0.0095,1
lukman,1,0.0095,1
farel,1,0.0095,1
bramastia,1,0.0095,1
belgi,1,0.0095,1
balika,1,0.0095,1
janda,1,0.0095,1
saladin,1,0.0095,1
irjen,1,0.0095,1
pol,1,0.0095,1
nanang,1,0.0095,1
avianto,1,0.0095,1
kohar,1,0.0095,1
pamekasan,1,0.0095,1
kholilurahman,1,0.0095,1
ipuk,1,0.0095,1
vies,1,0.0095,1
tandani,1,0.0095,1
bondowoso,1,0.0095,1
hamid,1,0.0095,1
sutobondo,1,0.0095,1
rio,1,0.0095,1
proyogo,1,0.0095,1
jember,1,0.0095,1
fawaid,1,0.0095,1
fandi,1,0.0095,1
yani,1,0.0095,1
sanusi,1,0.0095,1
pacitan,1,0.0095,1
indrata,1,0.0095,1
bayuwaji,1,0.0095,1
ponorogo,1,0.0095,1
lisita,1,0.0095,1
subandi,1,0.0095,1
trenggalek,1,0.0095,1
arifin,1,0.0095,1
tulungagung,1,0.0095,1
baharudin,1,0.0095,1
wuryanto,1,0.0095,1
eri,1,0.0095,1
cahyadi,1,0.0095,1
mojokerto,1,0.0095,1
puspitasari,1,0.0095,1
vinanda,1,0.0095,1
prameswati,1,0.0095,1
suyanto,1,0.0095,1
blitar,1,0.0095,1
sauki,1,0.0095,1
muhibin,1,0.0095,1
panuntun,1,0.0095,1
magetan,1,0.0095,1
suyatni,1,0.0095,1
priasmoro,1,0.0095,1
sumenep,1,0.0095,1
sampang,1,0.0095,1
lumajang,1,0.0095,1
pasuruan,1,0.0095,1
nawawi,1,0.0095,1
ismet,1,0.0095,1
effendi,1,0.0095,1
sodq,1,0.0095,1
widianto,1,0.0095,1
biayanya,1,0.0095,1
upati,1,0.0095,1
mendagerri,1,0.0095,1
marsina,1,0.0095,1
gedungnya,1,0.0095,1
gudangnya,1,0.0095,1
sistemnya,1,0.0095,1
petugasnya,1,0.0095,1
logistiknya,1,0.0095,1
roda,1,0.0095,1
buru-buru,1,0.0095,1
agras,1,0.0095,1
gatuk-gatuk,1,0.0095,1
mar,1,0.0095,1
soft,1,0.0095,1
intelektual-intelektual,1,0.0095,1
menghidap,1,0.0095,1
berbau,1,0.0095,1
segen,1,0.0095,1
usulkan,1,0.0095,1
ditarik,1,0.0095,1
rest,1,0.0095,1
history,1,0.0095,1
tempur,1,0.0095,1
paham-paham,1,0.0095,1
mintanya,1,0.0095,1
disul,1,0.0095,1
bangladesh,1,0.0095,1
dikitlah,1,0.0095,1
ngetok,1,0.0095,1
corting,1,0.0095,1
kortingnya,1,0.0095,1
menkopangan,1,0.0095,1
swasap,1,0.0095,1
kedolotan,1,0.0095,1
dibentuk,1,0.0095,1
dhabi,1,0.0095,1
cic,1,0.0095,1
tabungannya,1,0.0095,1
qatar,1,0.0095,1
arabia,1,0.0095,1
lele,1,0.0095,1
terbeli,1,0.0095,1
patahkan,1,0.0095,1
keluruhan-keluruhan,1,0.0095,1
tersedot,1,0.0095,1
kelebihannya,1,0.0095,1
membangkitkan,1,0.0095,1
mengertilah,1,0.0095,1
bicarakan,1,0.0095,1
integritasnya,1,0.0095,1
imannya,1,0.0095,1
copot,1,0.0095,1
diberhentikan,1,0.0095,1
salurkan,1,0.0095,1
kredit-kredit,1,0.0095,1
greay,1,0.0095,1
puso,1,0.0095,1
ngeluh,1,0.0095,1
mengantar,1,0.0095,1
dikehendaki,1,0.0095,1
penyalur-penyalur,1,0.0095,1
botol,1,0.0095,1
tabung-tabung,1,0.0095,1
pos,1,0.0095,1
apotek,1,0.0095,1
semurah-murahnya,1,0.0095,1
diadakan,1,0.0095,1
menandakan,1,0.0095,1
lembaga-lembaganya,1,0.0095,1
institusi-institusinya,1,0.0095,1
lembek,1,0.0095,1
melelahkan,1,0.0095,1
kaca,1,0.0095,1
kursi,1,0.0095,1
gila,1,0.0095,1
menkup,1,0.0095,1
mendageri,1,0.0095,1
legalitas,1,0.0095,1
hukumnya,1,0.0095,1
populer,1,0.0095,1
kek,1,0.0095,1
brengsek-brengsek,1,0.0095,1
kapok,1,0.0095,1
x,1,0.0095,1
ek,1,0.0095,1
menegur,1,0.0095,1
mematikan,1,0.0095,1
mencurangi,1,0.0095,1
jeri,1,0.0095,1
solvei,1,0.0095,1
agraspagan,1,0.0095,1
kdkmp,1,0.0095,1
ngelawar,1,0.0095,1
wujud,1,0.0095,1
dasasar,1,0.0095,1
emmanuel,1,0.0095,1
bonjur,1,0.0095,1
devile,1,0.0095,1
difile,1,0.0095,1
benua,1,0.0095,1
bilateral,1,0.0095,1
ditingkatkan,1,0.0095,1
mainkan,1,0.0095,1
comprehensive,1,0.0095,1
partnership,1,0.0095,1
konkret,1,0.0095,1
isu-isu,1,0.0095,1
pelaksanakan,1,0.0095,1
perjanjian,1,0.0095,1
european,1,0.0095,1
sep,1,0.0095,1
menyambut,1,0.0095,1
france,1,0.0095,1
business,1,0.0095,1
council,1,0.0095,1
berpandangan,1,0.0095,1
paris,1,0.0095,1
invalid,1,0.0095,1
boku,1,0.0095,1
medam,1,0.0095,1
buddhist,1,0.0095,1
wafatnya,1,0.0095,1
sidarta,1,0.0095,1
gautama,1,0.0095,1
pengendalian,1,0.0095,1
keberagamannya,1,0.0095,1
waisaktong,1,0.0095,1
hendaknya,1,0.0095,1
menebarkan,1,0.0095,1
mengedepankan,1,0.0095,1
bergotongroyong,1,0.0095,1
welas,1,0.0095,1
asih,1,0.0095,1
karakter,1,0.0095,1
mempererat,1,0.0095,1
kepedulian,1,0.0095,1
waak,1,0.0095,1
budis,1,0.0095,1
cahaya,1,0.0095,1
menerangi,1,0.0095,1
tabata,1,0.0095,1
bwantu,1,0.0095,1
tukitata,1,0.0095,1
makhluk,1,0.0095,1
parade,1,0.0095,1
pengarah,1,0.0095,1
keesembah,1,0.0095,1
peringati,1,0.0095,1
penyelidik,1,0.0095,1
falsafah,1,0.0095,1
pemersatu,1,0.0095,1
rivalitas,1,0.0095,1
kelemahan-kelemahan,1,0.0095,1
merata,1,0.0095,1
logam,1,0.0095,1
suasembad,1,0.0095,1
berlandaskan,1,0.0095,1
penghidupan,1,0.0095,1
egaliter,1,0.0095,1
syahrir,1,0.0095,1
tertuang,1,0.0095,1
ketidakberdayaan,1,0.0095,1
objek,1,0.0095,1
sejatinya,1,0.0095,1
haluan,1,0.0095,1
sejalan,1,0.0095,1
penyeludupan,1,0.0095,1
memperlemah,1,0.0095,1
programator,1,0.0095,1
menganjurkan,1,0.0095,1
intisari,1,0.0095,1
persatuannya,1,0.0095,1
keadilannya,1,0.0095,1
kemanusiaannya,1,0.0095,1
amalkan,1,0.0095,1
tahunya,1,0.0095,1
menco,1,0.0095,1
jusril,1,0.0095,1
justri,1,0.0095,1
polkam,1,0.0095,1
diwaspadai,1,0.0095,1
yanti,1,0.0095,1
dayang,1,0.0095,1
arumsari,1,0.0095,1
akuntan,1,0.0095,1
relawan,1,0.0095,1
yayasan,1,0.0095,1
juru,1,0.0095,1
motivator,1,0.0095,1
pendapat-pendapat,1,0.0095,1
pandangan-pandangan,1,0.0095,1
parkir,1,0.0095,1
memelopori,1,0.0095,1
thanksgiving,1,0.0095,1
sak,1,0.0095,1
mejanya,1,0.0095,1
dipaksa,1,0.0095,1
pidato-pidato,1,0.0095,1
dedikasi,1,0.0095,1
konsepnya,1,0.0095,1
seperlima,1,0.0095,1
4at,1,0.0095,1
bagian-bagian,1,0.0095,1
gizinya,1,0.0095,1
kalahnya,1,0.0095,1
kekalahan,1,0.0095,1
kesamaan,1,0.0095,1
robbins,1,0.0095,1
tutupi,1,0.0095,1
sayangi,1,0.0095,1
mempengaruhi,1,0.0095,1
almarhum,1,0.0095,1
ayahanda,1,0.0095,1
sumitro,1,0.0095,1
indikasi-indikasi,1,0.0095,1
penyelewengan-penyelewengan,1,0.0095,1
kompeten,1,0.0095,1
tengkulak,1,0.0095,1
diserap,1,0.0095,1
formal,1,0.0095,1
mendidik,1,0.0095,1
menggembleng,1,0.0095,1
mem-manage,1,0.0095,1
cepat-cepat,1,0.0095,1
personil,1,0.0095,1
kom,1,0.0095,1
mauor,1,0.0095,1
dileceken,1,0.0095,1
pengecualian,1,0.0095,1
sakral,1,0.0095,1
robins,1,0.0095,1
dapurnya,1,0.0095,1
info,1,0.0095,1
adakan,1,0.0095,1
w,1,0.0095,1
sayurnya,1,0.0095,1
labo,1,0.0095,1
porsinya,1,0.0095,1
gede,1,0.0095,1
ba,1,0.0095,1
ditayangkan,1,0.0095,1
tayang,1,0.0095,1
kameramu,1,0.0095,1
sudahudah,1,0.0095,1
taruhkan,1,0.0095,1
gramnya,1,0.0095,1
knya,1,0.0095,1
delak,1,0.0095,1
trennya,1,0.0095,1
random,1,0.0095,1
difoto,1,0.0095,1
ditimbang,1,0.0095,1
telulat,1,0.0095,1
dariulan,1,0.0095,1
energisinya,1,0.0095,1
tepungnya,1,0.0095,1
telurnya,1,0.0095,1
mendik,1,0.0095,1
dasmen,1,0.0095,1
orek-orek,1,0.0095,1
dicok,1,0.0095,1
diceplok,1,0.0095,1
bulat,1,0.0095,1
dikupas,1,0.0095,1
kulitnya,1,0.0095,1
duakan,1,0.0095,1
kalat,1,0.0095,1
pakaman,1,0.0095,1
sisain,1,0.0095,1
difollow,1,0.0095,1
pendukung,1,0.0095,1
larut,1,0.0095,1
telinga,1,0.0095,1
pacel,1,0.0095,1
pil,1,0.0095,1
permusyarwatan,1,0.0095,1
musani,1,0.0095,1
himawan,1,0.0095,1
bukhori,1,0.0095,1
hibni,1,0.0095,1
syarif,1,0.0095,1
cicip,1,0.0095,1
sutarjo,1,0.0095,1
wiyogo,1,0.0095,1
sapta,1,0.0095,1
oktohari,1,0.0095,1
reinaldo,1,0.0095,1
adik,1,0.0095,1
jona,1,0.0095,1
avi,1,0.0095,1
antoni,1,0.0095,1
leong,1,0.0095,1
bpp,1,0.0095,1
todo,1,0.0095,1
pasarib,1,0.0095,1
mirzani,1,0.0095,1
josal,1,0.0095,1
jihan,1,0.0095,1
nurlela,1,0.0095,1
giri,1,0.0095,1
eva,1,0.0095,1
dwiana,1,0.0095,1
farusil,1,0.0095,1
mapsus,1,0.0095,1
ela,1,0.0095,1
nurmaya,1,0.0095,1
hamaroni,1,0.0095,1
ahais,1,0.0095,1
dito,1,0.0095,1
prengsewu,1,0.0095,1
rianto,1,0.0095,1
pasawaran,1,0.0095,1
nanda,1,0.0095,1
indira,1,0.0095,1
bastian,1,0.0095,1
tanggamus,1,0.0095,1
saleh,1,0.0095,1
asnawi,1,0.0095,1
mesuji,1,0.0095,1
yugi,1,0.0095,1
wicaksono,1,0.0095,1
rikfal,1,0.0095,1
fakhruri,1,0.0095,1
hilda,1,0.0095,1
kusumadewi,1,0.0095,1
muo,1,0.0095,1
bungo,1,0.0095,1
muaro,1,0.0095,1
suseno,1,0.0095,1
diza,1,0.0095,1
hazra,1,0.0095,1
aljosa,1,0.0095,1
sarulangun,1,0.0095,1
jerry,1,0.0095,1
trisat,1,0.0095,1
wika,1,0.0095,1
langsa,1,0.0095,1
haikal,1,0.0095,1
ke-6,1,0.0095,1
melekat,1,0.0095,1
kelakuannya,1,0.0095,1
kelakuanmu,1,0.0095,1
gelagatnya,1,0.0095,1
ibmi,1,0.0095,1
wawasan,1,0.0095,1
sekalipun,1,0.0095,1
slide-nya,1,0.0095,1
le,1,0.0095,1
yuza,1,0.0095,1
lia,1,0.0095,1
grenfield,1,0.0095,1
spirit,1,0.0095,1
today,1,0.0095,1
claimed,1,0.0095,1
live,1,0.0095,1
period,1,0.0095,1
late,1,0.0095,1
possibly,1,0.0095,1
post,1,0.0095,1
industrial,1,0.0095,1
yet,1,0.0095,1
nor,1,0.0095,1
does,1,0.0095,1
any,1,0.0095,1
signs,1,0.0095,1
being,1,0.0095,1
soon,1,0.0095,1
first,1,0.0095,1
appeared,1,0.0095,1
england,1,0.0095,1
becoming,1,0.0095,1
preponderant,1,0.0095,1
vision,1,0.0095,1
there,1,0.0095,1
stimulated,1,0.0095,1
by,1,0.0095,1
terjemahkan,1,0.0095,1
ajaalah,1,0.0095,1
character,1,0.0095,1
karakteristik,1,0.0095,1
sendirinya,1,0.0095,1
distimulasi,1,0.0095,1
pertanyaan-pertanyaan,1,0.0095,1
burisal,1,0.0095,1
hadaliyak,1,0.0095,1
mewarisi,1,0.0095,1
mayoritas,1,0.0095,1
minoritas,1,0.0095,1
bedanya,1,0.0095,1
somalia,1,0.0095,1
gamblang,1,0.0095,1
diberlakukan,1,0.0095,1
sendi,1,0.0095,1
lip,1,0.0095,1
konglomerasi,1,0.0095,1
luruskan,1,0.0095,1
rute,1,0.0095,1
rempah-rempah,1,0.0095,1
didatangi,1,0.0095,1
berbulan-bulan,1,0.0095,1
cerdas-cerdasnya,1,0.0095,1
jualannya,1,0.0095,1
warungmu,1,0.0095,1
keuntunganmu,1,0.0095,1
lemarimu,1,0.0095,1
lacimu,1,0.0095,1
laci,1,0.0095,1
lemari,1,0.0095,1
tas,1,0.0095,1
kadang,1,0.0095,1
uh,1,0.0095,1
analis-analis,1,0.0095,1
90-an,1,0.0095,1
paguyuban,1,0.0095,1
menghantem,1,0.0095,1
dinamikanya,1,0.0095,1
kacau,1,0.0095,1
gariskan,1,0.0095,1
nonalign,1,0.0095,1
putin,1,0.0095,1
noise,1,0.0095,1
selamanya,1,0.0095,1
segala-galanya,1,0.0095,1
power,1,0.0095,1
moskow,1,0.0095,1
zijin,1,0.0095,1
ping,1,0.0095,1
sahabatnya,1,0.0095,1
apek,1,0.0095,1
uki,1,0.0095,1
bricks,1,0.0095,1
berkunjung,1,0.0095,1
terbangnya,1,0.0095,1
kelenger,1,0.0095,1
menupu,1,0.0095,1
sekitarmu,1,0.0095,1
turun-temurun,1,0.0095,1
rimba,1,0.0095,1
mengusir,1,0.0095,1
berlakunya,1,0.0095,1
industri-industri,1,0.0095,1
semangatmu,1,0.0095,1
nanya-nanya,1,0.0095,1
sebagus,1,0.0095,1
bmw,1,0.0095,1
tek,1,0.0095,1
tolonglah,1,0.0095,1
bocornya,1,0.0095,1
gedak,1,0.0095,1
temanmu,1,0.0095,1
gedeg-geredek,1,0.0095,1
belak,1,0.0095,1
luntur,1,0.0095,1
menggagas,1,0.0095,1
bertikai,1,0.0095,1
jutaan-jutaan,1,0.0095,1
terakhirnya,1,0.0095,1
kesantaran,1,0.0095,1
hip,1,0.0095,1
hatimu,1,0.0095,1
hitm,1,0.0095,1
hidm,1,0.0095,1
dosanya,1,0.0095,1
wogo,1,0.0095,1
banglatif,1,0.0095,1
setbel,1,0.0095,1
setebel,1,0.0095,1
raih,1,0.0095,1
terbendung,1,0.0095,1
algoritmenya,1,0.0095,1
karmu,1,0.0095,1
ajar,1,0.0095,1
malam-malam,1,0.0095,1
dipajang,1,0.0095,1
inti-intinya,1,0.0095,1
militan,1,0.0095,1
menghasut,1,0.0095,1
mecah,1,0.0095,1
yakinlah,1,0.0095,1
menggonggong,1,0.0095,1
kafilah,1,0.0095,1
pejuang-pejuang,1,0.0095,1
peniti,1,0.0095,1
hmm,1,0.0095,1
jaya,1,0.0095,1
mantan-mantan,1,0.0095,1
biji,1,0.0095,1
memukul,1,0.0095,1
gamolan,1,0.0095,1
rabu,1,0.0095,1
kepad-alah,1,0.0095,1
dihadiri,1,0.0095,1
perutusan,1,0.0095,1
staq,1,0.0095,1
himurti,1,0.0095,1
gara-gara,1,0.0095,1
nasaruddin,1,0.0095,1
arifah,1,0.0095,1
koiri,1,0.0095,1
nu-nya,1,0.0095,1
topinya,1,0.0095,1
dirubah,1,0.0095,1
pdh,1,0.0095,1
katib,1,0.0095,1
awan,1,0.0095,1
terpandang,1,0.0095,1
zuriah,1,0.0095,1
syekh,1,0.0095,1
sukorejo,1,0.0095,1
sitobondo,1,0.0095,1
loro,1,0.0095,1
azaim,1,0.0095,1
ibrahimi,1,0.0095,1
habiburrahman,1,0.0095,1
bangkalai,1,0.0095,1
flora,1,0.0095,1
naz,1,0.0095,1
asendara,1,0.0095,1
bina,1,0.0095,1
zubair,1,0.0095,1
bunuh,1,0.0095,1
masuro,1,0.0095,1
suryoh,1,0.0095,1
diperintah,1,0.0095,1
tetangganya,1,0.0095,1
eyang,1,0.0095,1
agamis,1,0.0095,1
sampai-sampai,1,0.0095,1
ditulis,1,0.0095,1
syuhbanul,1,0.0095,1
wathon,1,0.0095,1
dinyanyikan,1,0.0095,1
nyanyinya,1,0.0095,1
stabilisator,1,0.0095,1
alamiah,1,0.0095,1
dilanjut,1,0.0095,1
perundangan-undangan,1,0.0095,1
syok,1,0.0095,1
anggaplah,1,0.0095,1
kelalaian,1,0.0095,1
ingkar,1,0.0095,1
karenap,1,0.0095,1
memakan,1,0.0095,1
memalsukan,1,0.0095,1
logam-logam,1,0.0095,1
biay,1,0.0095,1
resources-nya,1,0.0095,1
sumber-sumber,1,0.0095,1
dayanya,1,0.0095,1
menyenangkan,1,0.0095,1
belakangan,1,0.0095,1
kenyataannya,1,0.0095,1
ditohok,1,0.0095,1
anomi,1,0.0095,1
dibantah,1,0.0095,1
bantah,1,0.0095,1
keren,1,0.0095,1
comit,1,0.0095,1
comade,1,0.0095,1
kolaps,1,0.0095,1
neraca,1,0.0095,1
inflow,1,0.0095,1
pembimbing,1,0.0095,1
sebulan,1,0.0095,1
nilayan,1,0.0095,1
ktn,1,0.0095,1
yadi,1,0.0095,1
sofyan,1,0.0095,1
sulifri,1,0.0095,1
gusnar,1,0.0095,1
ismail,1,0.0095,1
yulius,1,0.0095,1
svanus,1,0.0095,1
lewerisa,1,0.0095,1
sherlie,1,0.0095,1
canda,1,0.0095,1
pemenang,1,0.0095,1
syaida,1,0.0095,1
victtor,1,0.0095,1
mailangkai,1,0.0095,1
huga,1,0.0095,1
kebangetan,1,0.0095,1
irigasi-irrigasi,1,0.0095,1
suryan,1,0.0095,1
listy,1,0.0095,1
subiantonya,1,0.0095,1
prabowonya,1,0.0095,1
simanjuntak,1,0.0095,1
widyasanti,1,0.0095,1
karantina,1,0.0095,1
kadir,1,0.0095,1
karding,1,0.0095,1
asf,1,0.0095,1
herdiawan,1,0.0095,1
marzuki,1,0.0095,1
leti,1,0.0095,1
subula,1,0.0095,1
subulus,1,0.0095,1
bancin,1,0.0095,1
tarakan,1,0.0095,1
aliah,1,0.0095,1
mubago,1,0.0095,1
rendi,1,0.0095,1
wirjawan,1,0.0095,1
tual,1,0.0095,1
rumra,1,0.0095,1
mendeklarasikan,1,0.0095,1
nelayan-nelayan,1,0.0095,1
nel,1,0.0095,1
mkp,1,0.0095,1
antrean,1,0.0095,1
terpenting,1,0.0095,1
dianut,1,0.0095,1
diutamakan,1,0.0095,1
rti,1,0.0095,1
hancur,1,0.0095,1
penasihatnya,1,0.0095,1
poliklinik,1,0.0095,1
nyanyi,1,0.0095,1
dipolitik,1,0.0095,1
ormas-ormas,1,0.0095,1
wakil-wakilnya,1,0.0095,1
tentaranya,1,0.0095,1
dikutip,1,0.0095,1
dikit,1,0.0095,1
kalem-kalem,1,0.0095,1
kelak,1,0.0095,1
netes,1,0.0095,1
friend,1,0.0095,1
gitu-gitu,1,0.0095,1
dihajar,1,0.0095,1
emang,1,0.0095,1
pikirin,1,0.0095,1
ngomong-ngomong,1,0.0095,1
sopanob,1,0.0095,1
bayar-bayar,1,0.0095,1
mainnya,1,0.0095,1
supporter,1,0.0095,1
goblok,1,0.0095,1
disorak-sorain,1,0.0095,1
swasadap,1,0.0095,1
sasadap,1,0.0095,1
semasapangan,1,0.0095,1
gubernur-gubernur,1,0.0095,1
manis,1,0.0095,1
isu,1,0.0095,1
kapten,1,0.0095,1
striker,1,0.0095,1
semasada,1,0.0095,1
matanya,1,0.0095,1
nyuri,1,0.0095,1
ungkit-ungkit,1,0.0095,1
memperlihatkan,1,0.0095,1
ajaib,1,0.0095,1
musa,1,0.0095,1
beroda,1,0.0095,1
swaanda,1,0.0095,1
sesat,1,0.0095,1
berpendirian,1,0.0095,1
covid,1,0.0095,1
berasnya,1,0.0095,1
fao,1,0.0095,1
ditelepon,1,0.0095,1
swasapangan,1,0.0095,1
bbn,1,0.0095,1
sas,1,0.0095,1
saudara-saudaraan,1,0.0095,1
kesetiaanmu,1,0.0095,1
dukunganmu,1,0.0095,1
sn,1,0.0095,1
pemerintahmu,1,0.0095,1
saudaraker,1,0.0095,1
edward,1,0.0095,1
wolok,1,0.0095,1
dekan,1,0.0095,1
rektornya,1,0.0095,1
gerakkan,1,0.0095,1
pemikir-pemikir,1,0.0095,1
berpindah-pindah,1,0.0095,1
muncullah,1,0.0095,1
masyar,1,0.0095,1
masyarakat-masyarakat,1,0.0095,1
agraris,1,0.0095,1
sampailah,1,0.0095,1
individu,1,0.0095,1
posisi-posisi,1,0.0095,1
nakqoda,1,0.0095,1
kapalnya,1,0.0095,1
pijit,1,0.0095,1
minuman,1,0.0095,1
technology,1,0.0095,1
man,1,0.0095,1
women,1,0.0095,1
behind,1,0.0095,1
percuma,1,0.0095,1
pilotnya,1,0.0095,1
mengikut,1,0.0095,1
pragapan,1,0.0095,1
praanggapan,1,0.0095,1
berperanggapan,1,0.0095,1
profesi,1,0.0095,1
arkeologi,1,0.0095,1
antropologi,1,0.0095,1
pengusap,1,0.0095,1
passion,1,0.0095,1
potensinya,1,0.0095,1
ukraina,1,0.0095,1
libanon,1,0.0095,1
rata,1,0.0095,1
akibatnya,1,0.0095,1
lebanon,1,0.0095,1
afghanistan,1,0.0095,1
balukistan,1,0.0095,1
wangai,1,0.0095,1
renungkan,1,0.0095,1
persuasi,1,0.0095,1
kepintaran,1,0.0095,1
abdikan,1,0.0095,1
anarki,1,0.0095,1
maki-memaki,1,0.0095,1
phd,1,0.0095,1
kepuasaan,1,0.0095,1
desainnya,1,0.0095,1
klaim,1,0.0095,1
risikonya,1,0.0095,1
kopi-kopi,1,0.0095,1
kaji,1,0.0095,1
utamanya,1,0.0095,1
mendikti,1,0.0095,1
jalannya,1,0.0095,1
salasihan,1,0.0095,1
tukar-menukar,1,0.0095,1
planet,1,0.0095,1
bertek,1,0.0095,1
bermusuhan,1,0.0095,1
dampaknya,1,0.0095,1
bolak-balik,1,0.0095,1
handphone,1,0.0095,1
wush,1,0.0095,1
makin,1,0.0095,1
gagasan-gagasan,1,0.0095,1
pemikiranem,1,0.0095,1
menggeluti,1,0.0095,1
berperan,1,0.0095,1
tukun,1,0.0095,1
sarsakan,1,0.0095,1
mengatasinya,1,0.0095,1
nias,1,0.0095,1
nukleir,1,0.0095,1
medis,1,0.0095,1
artificial,1,0.0095,1
penemu,1,0.0095,1
agen,1,0.0095,1
room,1,0.0095,1
mendalami,1,0.0095,1
sepintas,1,0.0095,1
sebagain,1,0.0095,1
indust,1,0.0095,1
diusulkan,1,0.0095,1
labanya,1,0.0095,1
buemen-boomen,1,0.0095,1
osar,1,0.0095,1
root,1,0.0095,1
overhead-nya,1,0.0095,1
bumn-bomn,1,0.0095,1
bengkulu,1,0.0095,1
baku,1,0.0095,1
usul-usul,1,0.0095,1
keesemb,1,0.0095,1
najamuddin,1,0.0095,1
punawiraan,1,0.0095,1
rusman,1,0.0095,1
bimantoro,1,0.0095,1
sutanto,1,0.0095,1
hendarso,1,0.0095,1
danuri,1,0.0095,1
pradopo,1,0.0095,1
sutarman,1,0.0095,1
purawiirawan,1,0.0095,1
badrudin,1,0.0095,1
haiti,1,0.0095,1
keberusian,1,0.0095,1
kompas,1,0.0095,1
persimpangan,1,0.0095,1
kompetensi,1,0.0095,1
melind,1,0.0095,1
langgeng,1,0.0095,1
institusi-institusi,1,0.0095,1
bertransformasi,1,0.0095,1
dambakkan,1,0.0095,1
giatnya,1,0.0095,1
pri,1,0.0095,1
pemunan,1,0.0095,1
peninjau,1,0.0095,1
sumur,1,0.0095,1
leluasa,1,0.0095,1
beribadah,1,0.0095,1
mengganjal,1,0.0095,1
mengapresiasi,1,0.0095,1
pemangku,1,0.0095,1
bepergian,1,0.0095,1
ditekan,1,0.0095,1
kejata,1,0.0095,1
maksud-maksud,1,0.0095,1
menyesuaikan,1,0.0095,1
cyber,1,0.0095,1
perkebunan-perkebunan,1,0.0095,1
color,1,0.0095,1
crime,1,0.0095,1
membongkar,1,0.0095,1
mengungkap,1,0.0095,1
komdigi,1,0.0095,1
insiden,1,0.0095,1
dihargai,1,0.0095,1
pelindung,1,0.0095,1
tumpul,1,0.0095,1
kriminalisasi,1,0.0095,1
penyalahgunaan,1,0.0095,1
wewenang,1,0.0095,1
dilayani,1,0.0095,1
bersalah,1,0.0095,1
perbuatannya,1,0.0095,1
dibajak,1,0.0095,1
kepentingan-kepentingan,1,0.0095,1
berciri,1,0.0095,1
pendapatnya,1,0.0095,1
terpelihara,1,0.0095,1
datanglah,1,0.0095,1
layani,1,0.0095,1
menyusahkan,1,0.0095,1
pengetahuan,1,0.0095,1
dikalahkan,1,0.0095,1
akademisi,1,0.0095,1
berperilaku,1,0.0095,1
dirgayu,1,0.0095,1
presisi,1,0.0095,1
andika,1,0.0095,1
bayangkari,1,0.0095,1
airlangga,1,0.0095,1
hartto,1,0.0095,1
danan,1,0.0095,1
rlani,1,0.0095,1
letkol,1,0.0095,1
alo,1,0.0095,1
miri,1,0.0095,1
patijaya,1,0.0095,1
komjen,1,0.0095,1
lutfi,1,0.0095,1
yogyakarta,1,0.0095,1
cirebon,1,0.0095,1
kutai,1,0.0095,1
menerapkan,1,0.0095,1
memanfaatkan,1,0.0095,1
alamnya,1,0.0095,1
pangannya,1,0.0095,1
dicanangkan,1,0.0095,1
tiga-tiga,1,0.0095,1
sasembadap,1,0.0095,1
mengenyuh,1,0.0095,1
berkhianatlah,1,0.0095,1
importan,1,0.0095,1
elemen-elemen,1,0.0095,1
insinyur-insinyur,1,0.0095,1
lubang,1,0.0095,1
andaman,1,0.0095,1
natuna,1,0.0095,1
ketahui,1,0.0095,1
termatkan,1,0.0095,1
b100,1,0.0095,1
pimpinanpimpinan,1,0.0095,1
wiraswasta,1,0.0095,1
terdidik,1,0.0095,1
keenehan,1,0.0095,1
keanehan,1,0.0095,1
minder,1,0.0095,1
wars,1,0.0095,1
inferiority,1,0.0095,1
complex,1,0.0095,1
rekannya,1,0.0095,1
nurinin,1,0.0095,1
nurunin,1,0.0095,1
menjatuhkan,1,0.0095,1
mempermalukan,1,0.0095,1
jelek-jelekin,1,0.0095,1
keos,1,0.0095,1
suram,1,0.0095,1
colaps,1,0.0095,1
membicarakan,1,0.0095,1
lamborghini,1,0.0095,1
jut4,1,0.0095,1
dioksida,1,0.0095,1
ekivalen,1,0.0095,1
digenyek,1,0.0095,1
ketahu,1,0.0095,1
adikmu,1,0.0095,1
berlebihan,1,0.0095,1
tanahnya,1,0.0095,1
say,1,0.0095,1
difina,1,0.0095,1
terpaan,1,0.0095,1
celaan,1,0.0095,1
menghina,1,0.0095,1
pandawa,1,0.0095,1
kurawa,1,0.0095,1
lurus,1,0.0095,1
divisah,1,0.0095,1
ekspedisi,1,0.0095,1
ilmiah,1,0.0095,1
menu,1,0.0095,1
menurun,1,0.0095,1
sungkawa,1,0.0095,1
pembersihan,1,0.0095,1
pembuatan,1,0.0095,1
penyebaran,1,0.0095,1
nark,1,0.0095,1
narkoba,1,0.0095,1
umrahnya,1,0.0095,1
kerbau,1,0.0095,1
sapinya,1,0.0095,1
pengkajian,1,0.0095,1
jajaranmu,1,0.0095,1
nama-nama,1,0.0095,1
dut,1,0.0095,1
ke-8,1,0.0095,1
diunching,1,0.0095,1
ngotot,1,0.0095,1
cikampek,1,0.0095,1
reboi,1,0.0095,1
dihitung-hitung,1,0.0095,1
nunggu-nunggu,1,0.0095,1
persero,1,0.0095,1
sul,1,0.0095,1
siman,1,0.0095,1
letc,1,0.0095,1
iwayan,1,0.0095,1
coaster,1,0.0095,1
zaini,1,0.0095,1
mataram,1,0.0095,1
mohan,1,0.0095,1
roliskana,1,0.0095,1
mahyudi,1,0.0095,1
dompu,1,0.0095,1
firdaus,1,0.0095,1
sumbawa,1,0.0095,1
sarafudin,1,0.0095,1
warisin,1,0.0095,1
fatul,1,0.0095,1
bahri,1,0.0095,1
najmul,1,0.0095,1
vikon,1,0.0095,1
bandungan,1,0.0095,1
sidan,1,0.0095,1
gianyar,1,0.0095,1
rukoh,1,0.0095,1
pidi,1,0.0095,1
kelayahan,1,0.0095,1
pendahulu-pendahulu,1,0.0095,1
belakangnya,1,0.0095,1
terkotak-kotak,1,0.0095,1
memikir,1,0.0095,1
diperes,1,0.0095,1
mengab,1,0.0095,1
abdi,1,0.0095,1
terancam,1,0.0095,1
bintangmu,1,0.0095,1
sepatumu,1,0.0095,1
bajingan,1,0.0095,1
diblue,1,0.0095,1
banjingan,1,0.0095,1
y,1,0.0095,1
nabati,1,0.0095,1
impor-import,1,0.0095,1
menghabisi,1,0.0095,1
meraja,1,0.0095,1
penipuan-penipuan,1,0.0095,1
bumnbumn,1,0.0095,1
guner,1,0.0095,1
birokratbirokrat,1,0.0095,1
diperalat,1,0.0095,1
sembunyi,1,0.0095,1
merugi,1,0.0095,1
ptdi,1,0.0095,1
dibunuh,1,0.0095,1
ptp,1,0.0095,1
selam,1,0.0095,1
pindak,1,0.0095,1
teruji,1,0.0095,1
sa,1,0.0095,1
pasifik,1,0.0095,1
panitianya,1,0.0095,1
tonggak-tonggak,1,0.0095,1
rawat,1,0.0095,1
impimport,1,0.0095,1
uria,1,0.0095,1
gembar-gembor,1,0.0095,1
maafkan,1,0.0095,1
licik,1,0.0095,1
nipu,1,0.0095,1
cukupkah,1,0.0095,1
minumlah,1,0.0095,1
nungguin,1,0.0095,1
meriksa,1,0.0095,1
susah-susah,1,0.0095,1
setoran,1,0.0095,1
gadget,1,0.0095,1
disangka,1,0.0095,1
scrambd,1,0.0095,1
scrambberd,1,0.0095,1
ork,1,0.0095,1
orenya,1,0.0095,1
ilmuan,1,0.0095,1
terkecil,1,0.0095,1
kesabaran,1,0.0095,1
inpex,1,0.0095,1
lawerisa,1,0.0095,1
forco,1,0.0095,1
kudam,1,0.0095,1
panimbar,1,0.0095,1
ricky,1,0.0095,1
jawerisa,1,0.0095,1
benyamin,1,0.0095,1
thomas,1,0.0095,1
noah,1,0.0095,1
skk,1,0.0095,1
migas,1,0.0095,1
siswanto,1,0.0095,1
lng,1,0.0095,1
maselah,1,0.0095,1
taninbar,1,0.0095,1
terhambat,1,0.0095,1
perairan,1,0.0095,1
tanimar,1,0.0095,1
impx,1,0.0095,1
petronas,1,0.0095,1
bahu,1,0.0095,1
membahu,1,0.0095,1
menjalin,1,0.0095,1
bermitra,1,0.0095,1
penakut,1,0.0095,1
keramahtamahan,1,0.0095,1
pribuminya,1,0.0095,1
hobinya,1,0.0095,1
berlayar,1,0.0095,1
trik,1,0.0095,1
kembalinya,1,0.0095,1
berbesar,1,0.0095,1
mitranya,1,0.0095,1
tamunya,1,0.0095,1
jalankanlah,1,0.0095,1
produk-produk,1,0.0095,1
membayar,1,0.0095,1
prasarana,1,0.0095,1
kondensat,1,0.0095,1
secepatnya,1,0.0095,1
jawabnya,1,0.0095,1
kompetensinya,1,0.0095,1
action,1,0.0095,1
bantuan-bantuan,1,0.0095,1
pengharga,1,0.0095,1
intek,1,0.0095,1
impact,1,0.0095,1
uweda,1,0.0095,1
pendorong,1,0.0095,1
tam,1,0.0095,1
mimbar,1,0.0095,1
tandio,1,0.0095,1
revita,1,0.0095,1
simban,1,0.0095,1
junta,1,0.0095,1
zuk,1,0.0095,1
shamsudin,1,0.0095,1
prasutyo,1,0.0095,1
bpn,1,0.0095,1
adiningar,1,0.0095,1
widyasari,1,0.0095,1
lc,1,0.0095,1
sanuksi,1,0.0095,1
walik,1,0.0095,1
nurahman,1,0.0095,1
pr,1,0.0095,1
bulokan,1,0.0095,1
ramdani,1,0.0095,1
kodarela,1,0.0095,1
penelitian,1,0.0095,1
akmal,1,0.0095,1
agustira,1,0.0095,1
matin,1,0.0095,1
jawahir,1,0.0095,1
tanfidiah,1,0.0095,1
pw,1,0.0095,1
apt,1,0.0095,1
arum,1,0.0095,1
sabil,1,0.0095,1
mikirin,1,0.0095,1
spiritus,1,0.0095,1
ethanol,1,0.0095,1
giovanni,1,0.0095,1
advokasi,1,0.0095,1
prayogo,1,0.0095,1
jonathan,1,0.0095,1
fakhudin,1,0.0095,1
mujib,1,0.0095,1
harum,1,0.0095,1
teburan,1,0.0095,1
ngateman,1,0.0095,1
kedele,1,0.0095,1
sentosa,1,0.0095,1
pandean,1,0.0095,1
vicon,1,0.0095,1
membahagiakan,1,0.0095,1
tersenggalnya,1,0.0095,1
dipisahkan,1,0.0095,1
besit,1,0.0095,1
terusangnya,1,0.0095,1
sasaran-sasaran,1,0.0095,1
selayaknya,1,0.0095,1
menggapai,1,0.0095,1
dilawan,1,0.0095,1
memusuhi,1,0.0095,1
terut,1,0.0095,1
suak,1,0.0095,1
peremajaan,1,0.0095,1
meremajakan,1,0.0095,1
ilmu-ilmu,1,0.0095,1
hidupkan,1,0.0095,1
dipaparkan,1,0.0095,1
pameran,1,0.0095,1
pabriknya,1,0.0095,1
e100,1,0.0095,1
nonton,1,0.0095,1
membebek,1,0.0095,1
mikirnya,1,0.0095,1
sedihu,1,0.0095,1
hongkong,1,0.0095,1
tertulis,1,0.0095,1
manh,1,0.0095,1
lantas,1,0.0095,1
ramil,1,0.0095,1
ramen,1,0.0095,1
babinsa,1,0.0095,1
motor-motor,1,0.0095,1
film,1,0.0095,1
jeep-jep,1,0.0095,1
rep,1,0.0095,1
berturut-turut,1,0.0095,1
teknik-tekniknya,1,0.0095,1
serbu,1,0.0095,1
pistol,1,0.0095,1
marinir,1,0.0095,1
sanabaru,1,0.0095,1
pelurunya,1,0.0095,1
komandannya,1,0.0095,1
komandan-komandan,1,0.0095,1
jarkoni,1,0.0095,1
ngajar,1,0.0095,1
ngelakoni,1,0.0095,1
ing,1,0.0095,1
ngarso,1,0.0095,1
sungelodo,1,0.0095,1
ramalkan,1,0.0095,1
cina,1,0.0095,1
anggal,1,0.0095,1
ik,1,0.0095,1
sema,1,0.0095,1
nakak,1,0.0095,1
apalah,1,0.0095,1
nanam,1,0.0095,1
kesultan,1,0.0095,1
amplop,1,0.0095,1
tebal,1,0.0095,1
shalalom,1,0.0095,1
seru,1,0.0095,1
petan,1,0.0095,1
rum,1,0.0095,1
kanudah,1,0.0095,1
pang,1,0.0095,1
kasal,1,0.0095,1
kasau,1,0.0095,1
ritual,1,0.0095,1
pergolakan,1,0.0095,1
kenyataan-kenyataan,1,0.0095,1
berm,1,0.0095,1
membanding-bandingkan,1,0.0095,1
menut,1,0.0095,1
distorsi,1,0.0095,1
perekonomi,1,0.0095,1
enforcing,1,0.0095,1
berminggu-minggu,1,0.0095,1
menupuk-nupuk,1,0.0095,1
dumeh,1,0.0095,1
pahlawan-pahlawannya,1,0.0095,1
dihadapinya,1,0.0095,1
dilestarikan,1,0.0095,1
pergi,1,0.0095,1
protes,1,0.0095,1
dituduh,1,0.0095,1
muang,1,0.0095,1
alasannya,1,0.0095,1
boros,1,0.0095,1
diambilnya,1,0.0095,1
berujung,1,0.0095,1
merumuskan,1,0.0095,1
integralistik,1,0.0095,1
pemahaman,1,0.0095,1
tertera,1,0.0095,1
tercantum,1,0.0095,1
retorika,1,0.0095,1
memborong,1,0.0095,1
fakir,1,0.0095,1
berinisiatif,1,0.0095,1
bada,1,0.0095,1
mencetak,1,0.0095,1
pabrik-pabrik,1,0.0095,1
menakut-nakuti,1,0.0095,1
selera,1,0.0095,1
goal,1,0.0095,1
poverty,1,0.0095,1
kecurangan,1,0.0095,1
triliunan,1,0.0095,1
wellbeing,1,0.0095,1
quality,1,0.0095,1
education,1,0.0095,1
gender,1,0.0095,1
equality,1,0.0095,1
affordable,1,0.0095,1
decent,1,0.0095,1
work,1,0.0095,1
economic,1,0.0095,1
industry,1,0.0095,1
innovation,1,0.0095,1
infrastructure,1,0.0095,1
reduced,1,0.0095,1
inequalities,1,0.0095,1
mining,1,0.0095,1
logging,1,0.0095,1
dibalik,1,0.0095,1
edan,1,0.0095,1
dibenarkan,1,0.0095,1
tabungan-tabungan,1,0.0095,1
dikonsolidasi,1,0.0095,1
di-manage,1,0.0095,1
rapi,1,0.0095,1
asetnya,1,0.0095,1
berkisar,1,0.0095,1
memerger,1,0.0095,1
denud,1,0.0095,1
own,1,0.0095,1
enterprise,1,0.0095,1
menyanggupi,1,0.0095,1
merger,1,0.0095,1
ditutupnya,1,0.0095,1
tokyo,1,0.0095,1
inprex,1,0.0095,1
impex,1,0.0095,1
himbauan,1,0.0095,1
pulang-pulang,1,0.0095,1
tekan-tekan,1,0.0095,1
hgo,1,0.0095,1
hgb,1,0.0095,1
siup,1,0.0095,1
kksk,1,0.0095,1
den,1,0.0095,1
gambarkan,1,0.0095,1
diusulkanlah,1,0.0095,1
terapkan,1,0.0095,1
ramalan,1,0.0095,1
meragukan,1,0.0095,1
r7,1,0.0095,1
kitang,1,0.0095,1
r27,1,0.0095,1
menusuk,1,0.0095,1
deal-nya,1,0.0095,1
kontraknya,1,0.0095,1
menyatu,1,0.0095,1
diturunkan,1,0.0095,1
invest,1,0.0095,1
poor,1,0.0095,1
emerging,1,0.0095,1
berlimpah-limpah,1,0.0095,1
dipandang,1,0.0095,1
gaftek,1,0.0095,1
single,1,0.0095,1
identity,1,0.0095,1
card,1,0.0095,1
dieksekusi,1,0.0095,1
diimplementasi,1,0.0095,1
sinkron,1,0.0095,1
penyederhana,1,0.0095,1
pemerintah-pemerintah,1,0.0095,1
kesulit,1,0.0095,1
rezim,1,0.0095,1
intelektual,1,0.0095,1
mengelu-elukan,1,0.0095,1
neolit,1,0.0095,1
dikelilingi,1,0.0095,1
menyarankan,1,0.0095,1
ditinggalkan,1,0.0095,1
welfare,1,0.0095,1
mencaci,1,0.0095,1
rp75,1,0.0095,1
rp250,1,0.0095,1
r800,1,0.0095,1
kuliahunggalunggal,1,0.0095,1
kebersipihakan,1,0.0095,1
r200,1,0.0095,1
dikali,1,0.0095,1
r96,1,0.0095,1
nyaris,1,0.0095,1
stimulan,1,0.0095,1
swadaya,1,0.0095,1
dikaji,1,0.0095,1
indeksnya,1,0.0095,1
bajar,1,0.0095,1
fak,1,0.0095,1
r30,1,0.0095,1
achieved,1,0.0095,1
pertit,1,0.0095,1
rp89,1,0.0095,1
rp130,1,0.0095,1
diskota,1,0.0095,1
penumpang,1,0.0095,1
angkutan,1,0.0095,1
gras,1,0.0095,1
liter,1,0.0095,1
bad,1,0.0095,1
rich,1,0.0095,1
richer,1,0.0095,1
contohnya,1,0.0095,1
r4,1,0.0095,1
giginya,1,0.0095,1
afirmatif,1,0.0095,1
r50,1,0.0095,1
fresh,1,0.0095,1
graduate,1,0.0095,1
rp9,1,0.0095,1
rencananya,1,0.0095,1
lpdp,1,0.0095,1
unhan,1,0.0095,1
rp334,1,0.0095,1
rp14,1,0.0095,1
pembudidaya,1,0.0095,1
kur,1,0.0095,1
sertifikat,1,0.0095,1
persekolah,1,0.0095,1
tersampaikan,1,0.0095,1
terkirim,1,0.0095,1
telecommunication,1,0.0095,1
e-goverment,1,0.0095,1
aps,1,0.0095,1
dikdas,1,0.0095,1
portal,1,0.0095,1
interintegrasi,1,0.0095,1
desmen,1,0.0095,1
umpan,1,0.0095,1
aplikasi,1,0.0095,1
memasukin,1,0.0095,1
mendaftar,1,0.0095,1
diperbarui,1,0.0095,1
akurat,1,0.0095,1
mall,1,0.0095,1
pelayaran,1,0.0095,1
mengantre,1,0.0095,1
berpindah,1,0.0095,1
kronis,1,0.0095,1
pecahkan,1,0.0095,1
ran,1,0.0095,1
miliun,1,0.0095,1
em,1,0.0095,1
diam-diam,1,0.0095,1
berskala,1,0.0095,1
jenjang,1,0.0095,1
prioritaskan,1,0.0095,1
macet,1,0.0095,1
pengampunan,1,0.0095,1
listriknya,1,0.0095,1
internet,1,0.0095,1
keluruhan,1,0.0095,1
pendingin,1,0.0095,1
hangus,1,0.0095,1
pusu,1,0.0095,1
bertahap,1,0.0095,1
gerai-geri,1,0.0095,1
generik,1,0.0095,1
alsintan,1,0.0095,1
supply,1,0.0095,1
blackmail,1,0.0095,1
menimbun,1,0.0095,1
langka,1,0.0095,1
mengisap,1,0.0095,1
darahnya,1,0.0095,1
memicu,1,0.0095,1
pedagangan,1,0.0095,1
rettail,1,0.0095,1
diriset,1,0.0095,1
penengah,1,0.0095,1
diperhitungkan,1,0.0095,1
middlem,1,0.0095,1
marginnya,1,0.0095,1
ekonom-ekonom,1,0.0095,1
ditimbulkan,1,0.0095,1
pribadi-pribadi,1,0.0095,1
tebang,1,0.0095,1
menyehat,1,0.0095,1
menyehatkan,1,0.0095,1
kakinya,1,0.0095,1
terapi,1,0.0095,1
melihara,1,0.0095,1
diracuni,1,0.0095,1
mark,1,0.0095,1
underinvoicing,1,0.0095,1
pat,1,0.0095,1
gulipat,1,0.0095,1
itu-itu,1,0.0095,1
done,1,0.0095,1
still,1,0.0095,1
arahnya,1,0.0095,1
pengantar,1,0.0095,1
pengantarnya,1,0.0095,1
henti-henti,1,0.0095,1
ke-28,1,0.0095,1
daskoh,1,0.0095,1
rusdi,1,0.0095,1
kirana,1,0.0095,1
wurianto,1,0.0095,1
dwianto,1,0.0095,1
suparno,1,0.0095,1
abcandra,1,0.0095,1
juliati,1,0.0095,1
samsal,1,0.0095,1
lahadia,1,0.0095,1
sugifi,1,0.0095,1
yodoyono,1,0.0095,1
saiful,1,0.0095,1
hermawi,1,0.0095,1
taslim,1,0.0095,1
angela,1,0.0095,1
tanu,1,0.0095,1
sudibo,1,0.0095,1
kafah,1,0.0095,1
bihi,1,0.0095,1
manarul,1,0.0095,1
rustini,1,0.0095,1
adal,1,0.0095,1
fattah,1,0.0095,1
aka,1,0.0095,1
alatari,1,0.0095,1
suryah,1,0.0095,1
memakai,1,0.0095,1
nomix,1,0.0095,1
ketegasan,1,0.0095,1
gag,1,0.0095,1
menginginkan,1,0.0095,1
dewa-dewa,1,0.0095,1
cangkir,1,0.0095,1
selisihnya,1,0.0095,1
ditabung,1,0.0095,1
ditabung-tabung,1,0.0095,1
pgb,1,0.0095,1
harlahnya,1,0.0095,1
ye,1,0.0095,1
tahunmu,1,0.0095,1
pan,1,0.0095,1
ngeri,1,0.0095,1
bos,1,0.0095,1
mar'ruf,1,0.0095,1
masyaallah,1,0.0095,1
stimah,1,0.0095,1
nurani,1,0.0095,1
koridor,1,0.0095,1
bersifat,1,0.0095,1
dasok,1,0.0095,1
wuh,1,0.0095,1
gusimin,1,0.0095,1
daskco,1,0.0095,1
provokator,1,0.0095,1
dipahami,1,0.0095,1
dimengerti,1,0.0095,1
sekuat,1,0.0095,1
sononya,1,0.0095,1
incremental,1,0.0095,1
capital,1,0.0095,1
ratio,1,0.0095,1
nambah,1,0.0095,1
r1,1,0.0095,1
selisih,1,0.0095,1
per6,1,0.0095,1
digelembungkan,1,0.0095,1
digelembungkannya,1,0.0095,1
gila-gilaan,1,0.0095,1
nyampikan,1,0.0095,1
kotak-kotak,1,0.0095,1
disentuh,1,0.0095,1
media-media,1,0.0095,1
sebutlah,1,0.0095,1
antikritik,1,0.0095,1
londo,1,0.0095,1
ulul,1,0.0095,1
lond-londo,1,0.0095,1
jurnalis,1,0.0095,1
listrikmu,1,0.0095,1
handphone-emu,1,0.0095,1
nurunkan,1,0.0095,1
gol,1,0.0095,1
support,1,0.0095,1
belak-blakan,1,0.0095,1
berpisah,1,0.0095,1
terusan,1,0.0095,1
kecapekan,1,0.0095,1
tanya-tanya,1,0.0095,1
punawiran,1,0.0095,1
kelenengan,1,0.0095,1
harlah-haralah,1,0.0095,1
menyakiti,1,0.0095,1
neighbor,1,0.0095,1
policy,1,0.0095,1
want,1,0.0095,1
neighbors,1,0.0095,1
tawar-menawar,1,0.0095,1
semesta,1,0.0095,1
kedaulatannya,1,0.0095,1
senafas,1,0.0095,1
sejiwa,1,0.0095,1
insting,1,0.0095,1
cium,1,0.0095,1
apatur,1,0.0095,1
rini,1,0.0095,1
widiantini,1,0.0095,1
burhanudin,1,0.0095,1
infanter,1,0.0095,1
rifka,1,0.0095,1
haluk,1,0.0095,1
arya,1,0.0095,1
wiagus,1,0.0095,1
halilul,1,0.0095,1
khairi,1,0.0095,1
lantik,1,0.0095,1
pamungkatan,1,0.0095,1
rahmat-nya,1,0.0095,1
menghadiri,1,0.0095,1
pamuong,1,0.0095,1
ragamu,1,0.0095,1
hidupmu,1,0.0095,1
tuntutan,1,0.0095,1
pelita,1,0.0095,1
dituntut,1,0.0095,1
menyandang,1,0.0095,1
kedudukannya,1,0.0095,1
pelayan,1,0.0095,1
penampilan,1,0.0095,1
keputusan-keputusan,1,0.0095,1
beratnya,1,0.0095,1
luas-luas,1,0.0095,1
veda,1,0.0095,1
menganggutkan,1,0.0095,1
didikte,1,0.0095,1
ditip,1,0.0095,1
tipu,1,0.0095,1
jerman,1,0.0095,1
penentu,1,0.0095,1
kebijakankebijakan,1,0.0095,1
kandas,1,0.0095,1
bergaul,1,0.0095,1
anakara,1,0.0095,1
bintara,1,0.0095,1
seleksinya,1,0.0095,1
meritokrasi,1,0.0095,1
enis,1,0.0095,1
khianati,1,0.0095,1
kesombongan,1,0.0095,1
dirimu,1,0.0095,1
bertindakmu,1,0.0095,1
almamatarmu,1,0.0095,1
prajanya,1,0.0095,1
mesa,1,0.0095,1
berdekatan,1,0.0095,1
terlampir,1,0.0095,1
destri,1,0.0095,1
pgs,1,0.0095,1
jago-jago,1,0.0095,1
menterinya,1,0.0095,1
jagoan,1,0.0095,1
keturunannya,1,0.0095,1
maui,1,0.0095,1
gujarat,1,0.0095,1
prawirawan,1,0.0095,1
forkom,1,0.0095,1
pinda,1,0.0095,1
pakima,1,0.0095,1
dekat-dekatan,1,0.0095,1
kdm,1,0.0095,1
warnanya,1,0.0095,1
talinya,1,0.0095,1
faiz,1,0.0095,1
kurniawan,1,0.0095,1
banjarnegara,1,0.0095,1
desiana,1,0.0095,1
paremita,1,0.0095,1
widya,1,0.0095,1
robert,1,0.0095,1
kristianto,1,0.0095,1
kendal,1,0.0095,1
diah,1,0.0095,1
kartika,1,0.0095,1
permanasari,1,0.0095,1
klaten,1,0.0095,1
hamenang,1,0.0095,1
ismoyo,1,0.0095,1
purbalingga,1,0.0095,1
fahmi,1,0.0095,1
hanif,1,0.0095,1
harno,1,0.0095,1
ngesti,1,0.0095,1
nugraha,1,0.0095,1
sragen,1,0.0095,1
yon,1,0.0095,1
supriono,1,0.0095,1
afzan,1,0.0095,1
aslan,1,0.0095,1
junaid,1,0.0095,1
salatiga,1,0.0095,1
robi,1,0.0095,1
hermawan,1,0.0095,1
grobokan,1,0.0095,1
sugeng,1,0.0095,1
wurja,1,0.0095,1
pati,1,0.0095,1
risma,1,0.0095,1
ardiandra,1,0.0095,1
sukirman,1,0.0095,1
bni,1,0.0095,1
bri,1,0.0095,1
btn,1,0.0095,1
bsi,1,0.0095,1
komisioner,1,0.0095,1
heru,1,0.0095,1
nugroho,1,0.0095,1
rai,1,0.0095,1
suranto,1,0.0095,1
aersi,1,0.0095,1
pera,1,0.0095,1
asprumnas,1,0.0095,1
syawali,1,0.0095,1
pratna,1,0.0095,1
apernas,1,0.0095,1
sulf,1,0.0095,1
fakar,1,0.0095,1
tersebar,1,0.0095,1
melipat,1,0.0095,1
gandakan,1,0.0095,1
james,1,0.0095,1
riadi,1,0.0095,1
tertarik,1,0.0095,1
salingemp,1,0.0095,1
deras,1,0.0095,1
nasihat,1,0.0095,1
tim-tim,1,0.0095,1
catat,1,0.0095,1
berbahaya,1,0.0095,1
meluas,1,0.0095,1
hangatnya,1,0.0095,1
diulang-ulangi,1,0.0095,1
diliput,1,0.0095,1
kaj,1,0.0095,1
ucapan-ucapan,1,0.0095,1
lalangan,1,0.0095,1
prinsipnya,1,0.0095,1
sembad,1,0.0095,1
pemanasan,1,0.0095,1
drastis,1,0.0095,1
estetikanya,1,0.0095,1
pencipta,1,0.0095,1
sungai-sungai,1,0.0095,1
kali-kali,1,0.0095,1
toko,1,0.0095,1
ditegur,1,0.0095,1
rt,1,0.0095,1
rw,1,0.0095,1
dirut-dirut,1,0.0095,1
asn,1,0.0095,1
akon,1,0.0095,1
lomba,1,0.0095,1
terjorok,1,0.0095,1
dipindat,1,0.0095,1
dam,1,0.0095,1
truck,1,0.0095,1
kelestariannya,1,0.0095,1
nursery-nursery,1,0.0095,1
lingkungannya,1,0.0095,1
panglima-panglima,1,0.0095,1
salon,1,0.0095,1
celananya,1,0.0095,1
dengkul,1,0.0095,1
dikotorin,1,0.0095,1
batasi,1,0.0095,1
inf,1,0.0095,1
menekan,1,0.0095,1
masal,1,0.0095,1
menyala,1,0.0095,1
bobi,1,0.0095,1
rasyidin,1,0.0095,1
fadli,1,0.0095,1
zon,1,0.0095,1
bahril,1,0.0095,1
hadalia,1,0.0095,1
forkomopinda,1,0.0095,1
wilujeng,1,0.0095,1
pramestuti,1,0.0095,1
masinis,1,0.0095,1
memori,1,0.0095,1
kuil-kuil,1,0.0095,1
bangunan-bangunan,1,0.0095,1
ekonomis,1,0.0095,1
demokratisasi,1,0.0095,1
kertapi,1,0.0095,1
public,1,0.0095,1
dilema,1,0.0095,1
terlayani,1,0.0095,1
lintasan-lintasan,1,0.0095,1
defisa,1,0.0095,1
secangkir,1,0.0095,1
membukus,1,0.0095,1
rantinya,1,0.0095,1
ditebang,1,0.0095,1
estetika,1,0.0095,1
aslinya,1,0.0095,1
rumbai,1,0.0095,1
merokok,1,0.0095,1
asbes,1,0.0095,1
kimiawi,1,0.0095,1
anjurkan,1,0.0095,1
stasiun-stasiun,1,0.0095,1
sepele,1,0.0095,1
borobuddur,1,0.0095,1
jogja,1,0.0095,1
pramanan,1,0.0095,1
pelestarian,1,0.0095,1
kesan,1,0.0095,1
terawat,1,0.0095,1
beautiful,1,0.0095,1
menopang,1,0.0095,1
explorer,1,0.0095,1
berhati,1,0.0095,1
kerdil,1,0.0095,1
bakuni,1,0.0095,1
baki,1,0.0095,1
bekah,1,0.0095,1
bakuhuni,1,0.0095,1
ringan-ringan,1,0.0095,1
kepribadian,1,0.0095,1
stasiun-stun,1,0.0095,1
transumatera,1,0.0095,1
sve,1,0.0095,1
siapak,1,0.0095,1
cagar,1,0.0095,1
pembugaran,1,0.0095,1
arahan,1,0.0095,1
diresumikan,1,0.0095,1
kendala,1,0.0095,1
menghantui,1,0.0095,1
genangan,1,0.0095,1
banji,1,0.0095,1
rop,1,0.0095,1
pesisir,1,0.0095,1
kerap,1,0.0095,1
menumpukan,1,0.0095,1
kenyamanan,1,0.0095,1
kegunaan,1,0.0095,1
drinasi,1,0.0095,1
keaslian,1,0.0095,1
fasad,1,0.0095,1
peninggalan,1,0.0095,1
amar,1,0.0095,1
dulia,1,0.0095,1
oktavian,1,0.0095,1
menengok,1,0.0095,1
lipi,1,0.0095,1
cibinong,1,0.0095,1
penguasaan,1,0.0095,1
kritikal,1,0.0095,1
faks,1,0.0095,1
terusanang,1,0.0095,1
tip,1,0.0095,1
menpora,1,0.0095,1
mainporanya,1,0.0095,1
pssi,1,0.0095,1
pelatihnya,1,0.0095,1
guru-gurunya,1,0.0095,1
penyebabnya,1,0.0095,1
saintis,1,0.0095,1
pendekatan,1,0.0095,1
sence,1,0.0095,1
science,1,0.0095,1
pola,1,0.0095,1
rana,1,0.0095,1
menyakitkan,1,0.0095,1
membantingkan,1,0.0095,1
membandingkan,1,0.0095,1
oecd,1,0.0095,1
merosot,1,0.0095,1
sinilah,1,0.0095,1
penemuan-penemuan,1,0.0095,1
paten-paten,1,0.0095,1
bacalaureat,1,0.0095,1
joint,1,0.0095,1
kso,1,0.0095,1
koruptif,1,0.0095,1
mis,1,0.0095,1
suparni,1,0.0095,1
dasco,1,0.0095,1
golok,1,0.0095,1
wajah-wajah,1,0.0095,1
goldcar,1,0.0095,1
pwiran,1,0.0095,1
binsar,1,0.0095,1
panjaitan,1,0.0095,1
pratekno,1,0.0095,1
muhimin,1,0.0095,1
sulqi,1,0.0095,1
prasio,1,0.0095,1
penuguran,1,0.0095,1
sugo,1,0.0095,1
wihaji,1,0.0095,1
ruslani,1,0.0095,1
ngabsen,1,0.0095,1
penangwan,1,0.0095,1
khodari,1,0.0095,1
redkol,1,0.0095,1
kahar,1,0.0095,1
muzakir,1,0.0095,1
murdiat,1,0.0095,1
tamsil,1,0.0095,1
lingrung,1,0.0095,1
yoris,1,0.0095,1
raweai,1,0.0095,1
testimoni,1,0.0095,1
pengiran,1,0.0095,1
terjang,1,0.0095,1
dua-dua,1,0.0095,1
kehidupannya,1,0.0095,1
dua-duanya,1,0.0095,1
n,1,0.0095,1
ayahandanya,1,0.0095,1
status,1,0.0095,1
dna,1,0.0095,1
petarung,1,0.0095,1
dnd,1,0.0095,1
memberatkan,1,0.0095,1
kondisi-kondisi,1,0.0095,1
ndak,1,0.0095,1
nak,1,0.0095,1
didapatkan,1,0.0095,1
empati,1,0.0095,1
roan,1,0.0095,1
getaran,1,0.0095,1
instinct,1,0.0095,1
vibes,1,0.0095,1
chemistry,1,0.0095,1
tanggapan,1,0.0095,1
google,1,0.0095,1
kampusnya,1,0.0095,1
didapat,1,0.0095,1
surga,1,0.0095,1
telapak,1,0.0095,1
rotan,1,0.0095,1
rotannya,1,0.0095,1
ikat,1,0.0095,1
pinggang,1,0.0095,1
prihatin,1,0.0095,1
komentar-komentar,1,0.0095,1
belak-belakan,1,0.0095,1
bla-blaan,1,0.0095,1
berhasillah,1,0.0095,1
menjinakkan,1,0.0095,1
kalem,1,0.0095,1
bataknya,1,0.0095,1
ngobrol,1,0.0095,1
bertengkar,1,0.0095,1
harinya,1,0.0095,1
leil,1,0.0095,1
flu,1,0.0095,1
batin,1,0.0095,1
nguat-nguatkan,1,0.0095,1
bolehlah,1,0.0095,1
konstituen,1,0.0095,1
su,1,0.0095,1
suada,1,0.0095,1
suasada,1,0.0095,1
cool,1,0.0095,1
jembatan-jembatan,1,0.0095,1
mempersoalkan,1,0.0095,1
teriakan,1,0.0095,1
segan-segan,1,0.0095,1
diteriakin,1,0.0095,1
r0,1,0.0095,1
diperb,1,0.0095,1
rap,1,0.0095,1
ulangilah,1,0.0095,1
gu,1,0.0095,1
mid,1,0.0095,1
whole,1,0.0095,1
ril,1,0.0095,1
love,1,0.0095,1
people,1,0.0095,1
sasembad,1,0.0095,1
meleset,1,0.0095,1
cak,1,0.0095,1
yen,1,0.0095,1
wong,1,0.0095,1
cilik,1,0.0095,1
gemuyu,1,0.0095,1
always,1,0.0095,1
right,1,0.0095,1
track,1,0.0095,1
nantikan,1,0.0095,1
sekiranya,1,0.0095,1
pukul,1,0.0095,1
bersiap,1,0.0095,1
serangkaian,1,0.0095,1
berpidato,1,0.0095,1
visual,1,0.0095,1
terkini,1,0.0095,1
menantikan,1,0.0095,1
postur,1,0.0095,1
disamp,1,0.0095,1
pasca,1,0.0095,1
menanya,1,0.0095,1
trust,1,0.0095,1
menyebabkan,1,0.0095,1
ihsg,1,0.0095,1
melonjak,1,0.0095,1
persepsi,1,0.0095,1
reasonable,1,0.0095,1
rabbn-nya,1,0.0095,1
achievable,1,0.0095,1
problemnya,1,0.0095,1
ditata,1,0.0095,1
pertajam,1,0.0095,1
value,1,0.0095,1
ngasih,1,0.0095,1
kuliah,1,0.0095,1
kegalakan,1,0.0095,1
concentration,1,0.0095,1
performance,1,0.0095,1
persiapannya,1,0.0095,1
outlet,1,0.0095,1
konsensatrinya,1,0.0095,1
menyebar,1,0.0095,1
zulhas,1,0.0095,1
pemerinta,1,0.0095,1
apb,1,0.0095,1
min,1,0.0095,1
cuman,1,0.0095,1
melimpahkan,1,0.0095,1
mandeknya,1,0.0095,1
disepakati,1,0.0095,1
targetnya,1,0.0095,1
okamnya,1,0.0095,1
bersalam,1,0.0095,1
digodok,1,0.0095,1
perdebatan,1,0.0095,1
menawarkan,1,0.0095,1
ump,1,0.0095,1
bangar,1,0.0095,1
melihatnya,1,0.0095,1
diimaran,1,0.0095,1
membacanya,1,0.0095,1
meniscayakan,1,0.0095,1
jenis-jenis,1,0.0095,1
di-handle,1,0.0095,1
lpj,1,0.0095,1
letak,1,0.0095,1
pembiayaannya,1,0.0095,1
kdp,1,0.0095,1
perjalanannya,1,0.0095,1
dp,1,0.0095,1
apbmp,1,0.0095,1
bilamana,1,0.0095,1
teradi,1,0.0095,1
melulu,1,0.0095,1
hor,1,0.0095,1
mitigasinya,1,0.0095,1
terulang,1,0.0095,1
bergulir,1,0.0095,1
cita-citanya,1,0.0095,1
mendistribus,1,0.0095,1
big,1,0.0095,1
picture-nya,1,0.0095,1
kondak,1,0.0095,1
banyaklah,1,0.0095,1
kelolanya,1,0.0095,1
performance-nya,1,0.0095,1
simpel,1,0.0095,1
diamin,1,0.0095,1
ngapa-ngapain,1,0.0095,1
begitu-begitu,1,0.0095,1
tersingkir,1,0.0095,1
rente,1,0.0095,1
riil,1,0.0095,1
kongkalingkong,1,0.0095,1
margin,1,0.0095,1
menyosialisasikan,1,0.0095,1
wedding,1,0.0095,1
jadinya,1,0.0095,1
jerbasuki,1,0.0095,1
mawo,1,0.0095,1
beo,1,0.0095,1
viral,1,0.0095,1
tertelan,1,0.0095,1
viral-viral,1,0.0095,1
klarifikasi,1,0.0095,1
bayangin,1,0.0095,1
kebayang,1,0.0095,1
ngurusi,1,0.0095,1
pilah-pilah,1,0.0095,1
vila-vilah,1,0.0095,1
numpuk,1,0.0095,1
komunikasikan,1,0.0095,1
jeblang-jeblung,1,0.0095,1
ruanglah,1,0.0095,1
mengevaluasi,1,0.0095,1
terusmenerus,1,0.0095,1
dievaluasi,1,0.0095,1
evaluasinya,1,0.0095,1
gar,1,0.0095,1
bankar,1,0.0095,1
bocoran,1,0.0095,1
transparansifisienkan,1,0.0095,1
indikatifnya,1,0.0095,1
tai,1,0.0095,1
kapra,1,0.0095,1
hipotesa,1,0.0095,1
indikatif,1,0.0095,1
pagunya,1,0.0095,1
sajalah,1,0.0095,1
apa-apanya,1,0.0095,1
gratisnya,1,0.0095,1
mbg-nya,1,0.0095,1
tupoki,1,0.0095,1
bergeser,1,0.0095,1
topik,1,0.0095,1
bahas,1,0.0095,1
menyebutkan,1,0.0095,1
pkf,1,0.0095,1
nampaknya,1,0.0095,1
defisitnya,1,0.0095,1
manusiawi,1,0.0095,1
legasi,1,0.0095,1
geopolitiknya,1,0.0095,1
hawak,1,0.0095,1
fat,1,0.0095,1
kppkf,1,0.0095,1
mengindikasikan,1,0.0095,1
mempasisi,1,0.0095,1
pompanya,1,0.0095,1
drajat,1,0.0095,1
variabel,1,0.0095,1
dikenjot,1,0.0095,1
menggenjot,1,0.0095,1
menghindar,1,0.0095,1
misalkan,1,0.0095,1
mengejar-ngejar,1,0.0095,1
kecil-kecil,1,0.0095,1
dimata-matai,1,0.0095,1
macam-macamlah,1,0.0095,1
ppn,1,0.0095,1
nomon-nomon,1,0.0095,1
ingkrah,1,0.0095,1
posisinya,1,0.0095,1
dibayarkan,1,0.0095,1
lumayannya,1,0.0095,1
hitung-hitungan,1,0.0095,1
gerah,1,0.0095,1
yaabilitas,1,0.0095,1
kejarnya,1,0.0095,1
transaksi-transaksi,1,0.0095,1
simpelnya,1,0.0095,1
curis,1,0.0095,1
slice,1,0.0095,1
dispendomis,1,0.0095,1
beritukan,1,0.0095,1
pnbp,1,0.0095,1
dse,1,0.0095,1
kepentingannya,1,0.0095,1
pnbb,1,0.0095,1
berbagi,1,0.0095,1
sebab,1,0.0095,1
pnpb,1,0.0095,1
sensitif,1,0.0095,1
statement,1,0.0095,1
nantara,1,0.0095,1
bendahar,1,0.0095,1
mendesain,1,0.0095,1
ekspansi-ekspansi,1,0.0095,1
resilien,1,0.0095,1
dijagalah,1,0.0095,1
pembagiannya,1,0.0095,1
titiknya,1,0.0095,1
binatang,1,0.0095,1
ulat,1,0.0095,1
dikirimin,1,0.0095,1
surat,1,0.0095,1
konsultan,1,0.0095,1
menghindari,1,0.0095,1
ngejar-ngejarlah,1,0.0095,1
toh,1,0.0095,1
setikat,1,0.0095,1
dirijen,1,0.0095,1
asalnya,1,0.0095,1
dilebatkan,1,0.0095,1
mendeteksi,1,0.0095,1
tap,1,0.0095,1
menyanyikan,1,0.0095,1
disilakan,1,0.0095,1
asalam,1,0.0095,1
bahtiar,1,0.0095,1
ismatun,1,0.0095,1
yudisi,1,0.0095,1
rahmadan,1,0.0095,1
kapori,1,0.0095,1
bahlilah,1,0.0095,1
randes,1,0.0095,1
paloh,1,0.0095,1
dres,1,0.0095,1
harudo,1,0.0095,1
rhi,1,0.0095,1
korum,1,0.0095,1
perkenankan,1,0.0095,1
kesatu,1,0.0095,1
saudaraiden,1,0.0095,1
membacakan,1,0.0095,1
anta,1,0.0095,1
maqsudana,1,0.0095,1
warid,1,0.0095,1
matlubana,1,0.0095,1
rabbal,1,0.0095,1
baroya,1,0.0095,1
minal,1,0.0095,1
khataya,1,0.0095,1
menghapus,1,0.0095,1
kepada-mulah,1,0.0095,1
allahuma,1,0.0095,1
anugerahkan,1,0.0095,1
bimbinglah,1,0.0095,1
nikmat-mu,1,0.0095,1
elok,1,0.0095,1
bak,1,0.0095,1
permata,1,0.0095,1
istiadat,1,0.0095,1
beraneka,1,0.0095,1
mengelolanya,1,0.0095,1
semata,1,0.0095,1
baldatan,1,0.0095,1
aminatan,1,0.0095,1
baldatun,1,0.0095,1
thyibatun,1,0.0095,1
warbun,1,0.0095,1
ampunan,1,0.0095,1
arinal,1,0.0095,1
warzuqnibah,1,0.0095,1
warinal,1,0.0095,1
warzuqninabah,1,0.0095,1
tunjukkanlah,1,0.0095,1
menjalankannya,1,0.0095,1
tampakkanlah,1,0.0095,1
menjauhinya,1,0.0095,1
rbanailna,1,0.0095,1
mudidqinjna,1,0.0095,1
mukja,1,0.0095,1
sidqin,1,0.0095,1
madunkaan,1,0.0095,1
amanahkan,1,0.0095,1
sultanan,1,0.0095,1
nasirah,1,0.0095,1
harkat,1,0.0095,1
muqbal,1,0.0095,1
qulubbitbitlubana,1,0.0095,1
alaik,1,0.0095,1
tetapkanlah,1,0.0095,1
satukanlah,1,0.0095,1
ikatlah,1,0.0095,1
hablana,1,0.0095,1
hukmikna,1,0.0095,1
bihin,1,0.0095,1
lisanaid,1,0.0095,1
fil,1,0.0095,1
akirin,1,0.0095,1
hikmah,1,0.0095,1
tutur,1,0.0095,1
fid,1,0.0095,1
dunya,1,0.0095,1
wafil,1,0.0095,1
akirati,1,0.0095,1
waqinaabanar,1,0.0095,1
munisli,1,0.0095,1
mun,1,0.0095,1
munli,1,0.0095,1
mahzun,1,0.0095,1
subhanabbika,1,0.0095,1
izzati,1,0.0095,1
yasifun,1,0.0095,1
wasalamun,1,0.0095,1
alal,1,0.0095,1
walhamdulillahiabbil,1,0.0095,1
alalamualaikum,1,0.0095,1
menandai,1,0.0095,1
memfokuskan,1,0.0095,1
melanjutkan,1,0.0095,1
termaksud,1,0.0095,1
substansi,1,0.0095,1
hadirnya,1,0.0095,1
mengartikulasikan,1,0.0095,1
temu,1,0.0095,1
kemanfaatan,1,0.0095,1
dilandasi,1,0.0095,1
tumpang,1,0.0095,1
tindih,1,0.0095,1
permasalahan,1,0.0095,1
relaksasi,1,0.0095,1
perluasan,1,0.0095,1
kebakaran,1,0.0095,1
kemarau,1,0.0095,1
kondusif,1,0.0095,1
sektoril,1,0.0095,1
aipaku,1,0.0095,1
hibrid,1,0.0095,1
bertepatan,1,0.0095,1
traktat,1,0.0095,1
terciptanya,1,0.0095,1
inklusif,1,0.0095,1
antarnegara,1,0.0095,1
menyuarakan,1,0.0095,1
geoekonomi,1,0.0095,1
rp197,1,0.0095,1
rp11,1,0.0095,1
r42,1,0.0095,1
satuun,1,0.0095,1
pencari,1,0.0095,1
menghidupi,1,0.0095,1
kinerjanya,1,0.0095,1
diubah,1,0.0095,1
mempertemukan,1,0.0095,1
berikut,1,0.0095,1
bebannya,1,0.0095,1
sejauh,1,0.0095,1
fragmentasi,1,0.0095,1
disinformasi,1,0.0095,1
hoak,1,0.0095,1
dilepaskan,1,0.0095,1
memperuncing,1,0.0095,1
mengaburkan,1,0.0095,1
provokasi,1,0.0095,1
ditemukan,1,0.0095,1
kutipan,1,0.0095,1
mengatasnamakan,1,0.0095,1
old,1,0.0095,1
footage,1,0.0095,1
narasi,1,0.0095,1
disikapi,1,0.0095,1
proporsional,1,0.0095,1
diluruskan,1,0.0095,1
semestinya,1,0.0095,1
diposisikan,1,0.0095,1
dipertentangkan,1,0.0095,1
berkewajiban,1,0.0095,1
keterbukaan,1,0.0095,1
kedewasaan,1,0.0095,1
menyebarkan,1,0.0095,1
platform,1,0.0095,1
transparasi,1,0.0095,1
merespon,1,0.0095,1
terpisahkan,1,0.0095,1
yangah,1,0.0095,1
ditugaskan,1,0.0095,1
bergotong-royong,1,0.0095,1
melewati,1,0.0095,1
sili,1,0.0095,1
berganti,1,0.0095,1
warisannya,1,0.0095,1
deretan,1,0.0095,1
jejak,1,0.0095,1
seiring,1,0.0095,1
peneruslah,1,0.0095,1
bergandeng,1,0.0095,1
prasyarat,1,0.0095,1
martabatnya,1,0.0095,1
hak-haknya,1,0.0095,1
menyeragamkan,1,0.0095,1
pastilah,1,0.0095,1
merawatnya,1,0.0095,1
sebaikbaiknya,1,0.0095,1
diwujudkan,1,0.0095,1
tentram,1,0.0095,1
mencerdaskan,1,0.0095,1
tatanan,1,0.0095,1
bimbingannya,1,0.0095,1
tibalah,1,0.0095,1
permusyarawatan,1,0.0095,1
saan,1,0.0095,1
samsu,1,0.0095,1
palo,1,0.0095,1
dukungannya,1,0.0095,1
pelaksanaan,1,0.0095,1
penyimpan,1,0.0095,1
tangkapannya,1,0.0095,1
berkibar,1,0.0095,1
tertekan,1,0.0095,1
kehati-hatian,1,0.0095,1
memantau,1,0.0095,1
keohor,1,0.0095,1
triple,1,0.0095,1
bbb,1,0.0095,1
stabil,1,0.0095,1
kokohnya,1,0.0095,1
prospek,1,0.0095,1
berhati-hati,1,0.0095,1
prudent,1,0.0095,1
penilaian,1,0.0095,1
memusatkan,1,0.0095,1
china,1,0.0095,1
lian,1,0.0095,1
aa,1,0.0095,1
penerbitan,1,0.0095,1
panda,1,0.0095,1
bons,1,0.0095,1
guncangan,1,0.0095,1
penilaian-penilaian,1,0.0095,1
kredibilitas,1,0.0095,1
konsistensi,1,0.0095,1
pijakan,1,0.0095,1
ra,1,0.0095,1
ekspansif,1,0.0095,1
kolaboratif,1,0.0095,1
terarah,1,0.0095,1
andal,1,0.0095,1
digairahkan,1,0.0095,1
harmonisasi,1,0.0095,1
fokuskan,1,0.0095,1
pkpn,1,0.0095,1
percepatan,1,0.0095,1
rp13,1,0.0095,1
usahakan,1,0.0095,1
sekecil-kecilnya,1,0.0095,1
berimbang,1,0.0095,1
sbn,1,0.0095,1
kerentang,1,0.0095,1
kom0,1,0.0095,1
pengangguran,1,0.0095,1
rasio,1,0.0095,1
membaik,1,0.0095,1
holistik,1,0.0095,1
konsisten,1,0.0095,1
diminimalisasi,1,0.0095,1
berkelanjutan,1,0.0095,1
dikembangkan,1,0.0095,1
rebasing,1,0.0095,1
sedengar,1,0.0095,1
formulir,1,0.0095,1
mengasumsikan,1,0.0095,1
dtsen,1,0.0095,1
disahkan,1,0.0095,1
membelinya,1,0.0095,1
spesifikasinya,1,0.0095,1
prosesnya,1,0.0095,1
berulang,1,0.0095,1
tawar,1,0.0095,1
katalog,1,0.0095,1
elektronik,1,0.0095,1
pemda-pemda,1,0.0095,1
terpisah,1,0.0095,1
pembelinya,1,0.0095,1
konsolidasikan,1,0.0095,1
rp26,1,0.0095,1
serupa,1,0.0095,1
spesifikasi,1,0.0095,1
distandardisasi,1,0.0095,1
pengadilangan,1,0.0095,1
akuntabel,1,0.0095,1
mutu,1,0.0095,1
alatalat,1,0.0095,1
sanalah,1,0.0095,1
memeriksa,1,0.0095,1
kandungan,1,0.0095,1
bayi,1,0.0095,1
imunisasi,1,0.0095,1
dideteksi,1,0.0095,1
laboratorium,1,0.0095,1
lapesmas,1,0.0095,1
labkesmas,1,0.0095,1
sedekat,1,0.0095,1
rumput,1,0.0095,1
dievakuasi,1,0.0095,1
merevitalisasi,1,0.0095,1
city,1,0.0095,1
scan,1,0.0095,1
mamografi,1,0.0095,1
usg,1,0.0095,1
merujuk,1,0.0095,1
pasien,1,0.0095,1
gerai,1,0.0095,1
klinik,1,0.0095,1
penyakit-penyakit,1,0.0095,1
penyebab,1,0.0095,1
stroke,1,0.0095,1
ginjal,1,0.0095,1
ayah,1,0.0095,1
hartanya,1,0.0095,1
berobat,1,0.0095,1
kedokteran,1,0.0095,1
subsesialis,1,0.0095,1
waktu-waktu,1,0.0095,1
lulusnya,1,0.0095,1
normatif,1,0.0095,1
retak,1,0.0095,1
toilet,1,0.0095,1
wc,1,0.0095,1
wariskan,1,0.0095,1
memasang,1,0.0095,1
murid,1,0.0095,1
distance,1,0.0095,1
learning,1,0.0095,1
studio,1,0.0095,1
iibuota,1,0.0095,1
lompatan,1,0.0095,1
dipungut,1,0.0095,1
bayaran,1,0.0095,1
lanjutan,1,0.0095,1
kitanya,1,0.0095,1
membatik,1,0.0095,1
batik,1,0.0095,1
ubah,1,0.0095,1
mekanisme,1,0.0095,1
bursanya,1,0.0095,1
ketentuan,1,0.0095,1
dibahas,1,0.0095,1
diterbitkan,1,0.0095,1
nomex,1,0.0095,1
reference,1,0.0095,1
price,1,0.0095,1
referensi,1,0.0095,1
liquid,1,0.0095,1
eksportir,1,0.0095,1
burusan,1,0.0095,1
kredibel,1,0.0095,1
mutualisasi,1,0.0095,1
demutualisasi,1,0.0095,1
menjadikan,1,0.0095,1
startup,1,0.0095,1
ekuitas,1,0.0095,1
memperbesar,1,0.0095,1
skala,1,0.0095,1
usahanya,1,0.0095,1
credibel,1,0.0095,1
digali,1,0.0095,1
ramping,1,0.0095,1
mempermudah,1,0.0095,1
pemanfaatan,1,0.0095,1
akuntable,1,0.0095,1
monetization,1,0.0095,1
pipeline,1,0.0095,1
diputar,1,0.0095,1
airport,1,0.0095,1
integrasi,1,0.0095,1
penerbagan,1,0.0095,1
integratif,1,0.0095,1
potensial,1,0.0095,1
menggantinya,1,0.0095,1
anugerah,1,0.0095,1
sinar,1,0.0095,1
idealnya,1,0.0095,1
mew,1,0.0095,1
setidaknya,1,0.0095,1
rp73,1,0.0095,1
pfei,1,0.0095,1
dana-dana,1,0.0095,1
dfi,1,0.0095,1
pusat-pusat,1,0.0095,1
seketa,1,0.0095,1
berstandar,1,0.0095,1
adopsi,1,0.0095,1
hoc,1,0.0095,1
mencakup,1,0.0095,1
perbankan,1,0.0095,1
fintech,1,0.0095,1
family,1,0.0095,1
office,1,0.0095,1
treasury,1,0.0095,1
repatriasi,1,0.0095,1
perbacakan,1,0.0095,1
golden,1,0.0095,1
visa,1,0.0095,1
pencucian,1,0.0095,1
pemilik,1,0.0095,1
pertukaran,1,0.0095,1
menempukan,1,0.0095,1
pembangun,1,0.0095,1
biayai,1,0.0095,1
ditanamkan,1,0.0095,1
subang,1,0.0095,1
tenggelam,1,0.0095,1
sewall,1,0.0095,1
terobosan-terobosan,1,0.0095,1
seol,1,0.0095,1
segmen,1,0.0095,1
banten,1,0.0095,1
berisik,1,0.0095,1
dipertaruhkan,1,0.0095,1
elektrifikasi,1,0.0095,1
mobilitas,1,0.0095,1
diproduksi,1,0.0095,1
bakar,1,0.0095,1
purna,1,0.0095,1
jualnya,1,0.0095,1
melaju,1,0.0095,1
mla,1,0.0095,1
pengurangan,1,0.0095,1
dwi,1,0.0095,1
seniman,1,0.0095,1
pemain,1,0.0095,1
mengajukan,1,0.0095,1
selektif,1,0.0095,1
bomn,1,0.0095,1
memanggil,1,0.0095,1
melaksanakannya,1,0.0095,1
markup,1,0.0095,1
penggelembungan,1,0.0095,1
tumpeng,1,0.0095,1
tahun-ulang,1,0.0095,1
upacara-upacara,1,0.0095,1
konstruktif,1,0.0095,1
angg,1,0.0095,1
menempati,1,0.0095,1
sebula,1,0.0095,1
konsultasi,1,0.0095,1
pengganti,1,0.0095,1
bamus,1,0.0095,1
fraksi-fraksi,1,0.0095,1
fraksinya,1,0.0095,1
selesailah,1,0.0095,1
pemuli,1,0.0095,1
tanggungan-mu,1,0.0095,1
tanggungan,1,0.0095,1
sui,1,0.0095,1
kedi,1,0.0095,1
beringkah,1,0.0095,1
kuu,1,0.0095,1
selaraskan,1,0.0095,1
kuingin,1,0.0095,1
jemari,1,0.0095,1
menuliskan,1,0.0095,1
karism-mu,1,0.0095,1
kuing,1,0.0095,1
mengambai,1,0.0095,1
wajahku,1,0.0095,1
sehebat,1,0.0095,1
kuoba,1,0.0095,1
menghangatkanmu,1,0.0095,1
seuk,1,0.0095,1
melindungimu,1,0.0095,1
seharum,1,0.0095,1
mawan,1,0.0095,1
mengharumkanmu,1,0.0095,1
terangi,1,0.0095,1
memindahkanu,1,0.0095,1
rakabomi,1,0.0095,1
geraka,1,0.0095,1
selfie,1,0.0095,1
lakabumingraka,1,0.0095,1
ke-11,1,0.0095,1
budo,1,0.0095,1
abdurah,1,0.0095,1
kees9,1,0.0095,1
permisatan,1,0.0095,1
hori,1,0.0095,1
penasehat,1,0.0095,1
diwakilkan,1,0.0095,1
harurti,1,0.0095,1
muzamil,1,0.0095,1
darmapalo,1,0.0095,1
janji-janji,1,0.0095,1
core,1,0.0095,1
interests,1,0.0095,1
hasil-hasilnya,1,0.0095,1
tertunaikan,1,0.0095,1
berpuluh,1,0.0095,1
kerasnya,1,0.0095,1
pingsan,1,0.0095,1
kecapaian,1,0.0095,1
berjanji,1,0.0095,1
kalender,1,0.0095,1
elninonya,1,0.0095,1
penyaluran,1,0.0095,1
swasembadapangan,1,0.0095,1
unannya,1,0.0095,1
rawit,1,0.0095,1
r70,1,0.0095,1
berpuas,1,0.0095,1
rangsangan,1,0.0095,1
perannya,1,0.0095,1
literasi,1,0.0095,1
berpegang,1,0.0095,1
pasal-pasal,1,0.0095,1
mengundangkan,1,0.0095,1
tripartit,1,0.0095,1
insya,1,0.0095,1
dipanjangkan,1,0.0095,1
diputus,1,0.0095,1
mk,1,0.0095,1
daring,1,0.0095,1
penyelamatan,1,0.0095,1
rp112,1,0.0095,1
auditor,1,0.0095,1
supreme,1,0.0095,1
institutions,1,0.0095,1
tosai,1,0.0095,1
board,1,0.0095,1
auditors,1,0.0095,1
pemantauan,1,0.0095,1
judicial,1,0.0095,1
etik,1,0.0095,1
taraf,1,0.0095,1
akuntabilitas,1,0.0095,1
remunerasi,1,0.0095,1
mahkamah-mahkamah,1,0.0095,1
gangguan,1,0.0095,1
pasukan-pasukan,1,0.0095,1
kebanyakan,1,0.0095,1
berbelit,1,0.0095,1
wewenangnya,1,0.0095,1
menghancurkan,1,0.0095,1
mempersulit,1,0.0095,1
purwosari,1,0.0095,1
bertani,1,0.0095,1
disediakan,1,0.0095,1
memangkas,1,0.0095,1
produksinya,1,0.0095,1
del8an,1,0.0095,1
kerbo,1,0.0095,1
swasembah,1,0.0095,1
sektor-sektor,1,0.0095,1
pelelangan,1,0.0095,1
dingin,1,0.0095,1
armada,1,0.0095,1
dipermainkan,1,0.0095,1
saudagar-saudagar,1,0.0095,1
hendak,1,0.0095,1
mempermainkan,1,0.0095,1
didasarkan,1,0.0095,1
bergeraknya,1,0.0095,1
organisir,1,0.0095,1
berdayakan,1,0.0095,1
disalurkan,1,0.0095,1
bagai,1,0.0095,1
penguasa,1,0.0095,1
wethwan,1,0.0095,1
seenaknya,1,0.0095,1
adhok,1,0.0095,1
kisa,1,0.0095,1
pengurus-pengurus,1,0.0095,1
amnesti,1,0.0095,1
tobat,1,0.0095,1
serahkan,1,0.0095,1
laporannya,1,0.0095,1
untungnya,1,0.0095,1
bwan,1,0.0095,1
restrukturisasi,1,0.0095,1
perampingan,1,0.0095,1
jaringannya,1,0.0095,1
mengkerut,1,0.0095,1
menertibkan,1,0.0095,1
bea,1,0.0095,1
bakamlah,1,0.0095,1
tugasmu,1,0.0095,1
gadet-gajet,1,0.0095,1
semu,1,0.0095,1
rp2,1,0.0095,1
tbk,1,0.0095,1
valuasinya,1,0.0095,1
bp,1,0.0095,1
projeksi,1,0.0095,1
borongborong,1,0.0095,1
pti,1,0.0095,1
tima,1,0.0095,1
pelindo,1,0.0095,1
ptpn,1,0.0095,1
dipilotkan,1,0.0095,1
pesawatnya,1,0.0095,1
pesawat-pesawat,1,0.0095,1
bertambah,1,0.0095,1
rp16,1,0.0095,1
rp85,1,0.0095,1
perbaikan-perbaikan,1,0.0095,1
penanaman,1,0.0095,1
rp53,1,0.0095,1
rp138,1,0.0095,1
diproyeksikan,1,0.0095,1
r3,1,0.0095,1
meningkatnya,1,0.0095,1
menyetujui,1,0.0095,1
dme,1,0.0095,1
downstreaming,1,0.0095,1
upstreaming,1,0.0095,1
ip-ip-nya,1,0.0095,1
ditambang,1,0.0095,1
pastinya,1,0.0095,1
export,1,0.0095,1
processing-nya,1,0.0095,1
mengekspor,1,0.0095,1
muat,1,0.0095,1
pembayaran,1,0.0095,1
meliputi,1,0.0095,1
dicurangi,1,0.0095,1
agencies,1,0.0095,1
pengrajin,1,0.0095,1
bangkrut,1,0.0095,1
menyelamat,1,0.0095,1
konektivitas,1,0.0095,1
kepolusian,1,0.0095,1
menyeberang,1,0.0095,1
jambatan,1,0.0095,1
desa-desanya,1,0.0095,1
jerik,1,0.0095,1
wudu,1,0.0095,1
stok,1,0.0095,1
offaker,1,0.0095,1
setempat,1,0.0095,1
diorganisir,1,0.0095,1
rambutan,1,0.0095,1
walter,1,0.0095,1
cantumkan,1,0.0095,1
cita-citamu,1,0.0095,1
pengemudi-pengemudi,1,0.0095,1
ojek,1,0.0095,1
jerih,1,0.0095,1
registrasi,1,0.0095,1
berlakukan,1,0.0095,1
mengadopsi,1,0.0095,1
biadab,1,0.0095,1
christina,1,0.0095,1
beno,1,0.0095,1
siswi,1,0.0095,1
idm,1,0.0095,1
buger,1,0.0095,1
terlihat,1,0.0095,1
smk,1,0.0095,1
mengulang-ulangi,1,0.0095,1
studio-studio,1,0.0095,1
mandarin,1,0.0095,1
mancanegara,1,0.0095,1
perawat,1,0.0095,1
caregiver,1,0.0095,1
ulet,1,0.0095,1
komputer,1,0.0095,1
keterpurukan,1,0.0095,1
permanen,1,0.0095,1
siswanya,1,0.0095,1
mengayuh,1,0.0095,1
haknya,1,0.0095,1
ramadani,1,0.0095,1
pangka,1,0.0095,1
jene,1,0.0095,1
berjualan,1,0.0095,1
kacang,1,0.0095,1
ayahnya,1,0.0095,1
wafat,1,0.0095,1
penyandang,1,0.0095,1
disuabilitas,1,0.0095,1
karate,1,0.0095,1
lagilah,1,0.0095,1
karatemu,1,0.0095,1
aduhnya,1,0.0095,1
kabar,1,0.0095,1
ke-15,1,0.0095,1
matematika,1,0.0095,1
sosiologi,1,0.0095,1
ismi,1,0.0095,1
ulfaidah,1,0.0095,1
poliwari,1,0.0095,1
mandar,1,0.0095,1
paski,1,0.0095,1
braka,1,0.0095,1
pelajar,1,0.0095,1
bimbingan,1,0.0095,1
bakat,1,0.0095,1
belitang,1,0.0095,1
konawe,1,0.0095,1
bulungan,1,0.0095,1
membedakan,1,0.0095,1
menjak,1,0.0095,1
cimahi,1,0.0095,1
pagar,1,0.0095,1
ikn,1,0.0095,1
lpk,1,0.0095,1
tb,1,0.0095,1
kirimkan,1,0.0095,1
pajajaran,1,0.0095,1
ketahuan,1,0.0095,1
sakitnya,1,0.0095,1
gulanya,1,0.0095,1
menanggung,1,0.0095,1
jkn,1,0.0095,1
subspesialis,1,0.0095,1
organ-organ,1,0.0095,1
sembahyang,1,0.0095,1
ngelirik-ngelirik,1,0.0095,1
pendaftar,1,0.0095,1
fotokopi,1,0.0095,1
kelayakan,1,0.0095,1
menyerahkan,1,0.0095,1
perluas,1,0.0095,1
pro,1,0.0095,1
kesra,1,0.0095,1
ketepat,1,0.0095,1
susana,1,0.0095,1
rp700,1,0.0095,1
marga,1,0.0095,1
reita,1,0.0095,1
roi,1,0.0095,1
kupang,1,0.0095,1
mengiam,1,0.0095,1
tantenya,1,0.0095,1
penopang,1,0.0095,1
sia-sia,1,0.0095,1
longs,1,0.0095,1
jumatan,1,0.0095,1
bertumbuh,1,0.0095,1
stipulan,1,0.0095,1
swada,1,0.0095,1
telma,1,0.0095,1
humena,1,0.0095,1
rapuh,1,0.0095,1
bsps,1,0.0095,1
kawaru,1,0.0095,1
samarinda,1,0.0095,1
kelinci,1,0.0095,1
kontrakan,1,0.0095,1
sampingnya,1,0.0095,1
duni,1,0.0095,1
dasinya,1,0.0095,1
gwk,1,0.0095,1
harthartartarto,1,0.0095,1
hivirisasi,1,0.0095,1
roslani,1,0.0095,1
feli,1,0.0095,1
juliantono,1,0.0095,1
lcti,1,0.0095,1
koster,1,0.0095,1
jembrana,1,0.0095,1
imade,1,0.0095,1
kembang,1,0.0095,1
hartawan,1,0.0095,1
rout,1,0.0095,1
panglisir,1,0.0095,1
kehadirannya,1,0.0095,1
hardiawan,1,0.0095,1
falisasi,1,0.0095,1
dermawan,1,0.0095,1
cto,1,0.0095,1
danantaras,1,0.0095,1
buji,1,0.0095,1
irwan,1,0.0095,1
maulid,1,0.0095,1
kerawanan-kerawanan,1,0.0095,1
bnpb,1,0.0095,1
kitan,1,0.0095,1
teratasi,1,0.0095,1
termitigasi,1,0.0095,1
teknik,1,0.0095,1
personel,1,0.0095,1
hadap,1,0.0095,1
jujur-jujurnya,1,0.0095,1
perangi,1,0.0095,1
akar-akarnya,1,0.0095,1
korupsi-korupsi,1,0.0095,1
buemen-bemen,1,0.0095,1
buemen,1,0.0095,1
duga,1,0.0095,1
leadership,1,0.0095,1
mengkoordinasi,1,0.0095,1
pand,1,0.0095,1
begitulah,1,0.0095,1
sebagi,1,0.0095,1
tabung,1,0.0095,1
enggaklah,1,0.0095,1
perisikan,1,0.0095,1
diut,1,0.0095,1
pertaminaut,1,0.0095,1
riau,1,0.0095,1
berkapasitas,1,0.0095,1
gwik,1,0.0095,1
groundbreaking,1,0.0095,1
perusantara,1,0.0095,1
kh,1,0.0095,1
ambnu,1,0.0095,1
zulfah,1,0.0095,1
akil,1,0.0095,1
ktib,1,0.0095,1
gafar,1,0.0095,1
rozin,1,0.0095,1
bendahara,1,0.0095,1
husni,1,0.0095,1
alfalah,1,0.0095,1
ploso,1,0.0095,1
nurul,1,0.0095,1
alkautsar,1,0.0095,1
alakbar,1,0.0095,1
masuri,1,0.0095,1
rejo,1,0.0095,1
mambaul,1,0.0095,1
marif,1,0.0095,1
denayar,1,0.0095,1
shohib,1,0.0095,1
mahfuz,1,0.0095,1
hahaidar,1,0.0095,1
parawansya,1,0.0095,1
meraputi,1,0.0095,1
ansar,1,0.0095,1
dibesar,1,0.0095,1
kedelapan,1,0.0095,1
ke-36,1,0.0095,1
sembilan,1,0.0095,1
jasanya,1,0.0095,1
subanol,1,0.0095,1
waton,1,0.0095,1
diciptakan,1,0.0095,1
khasbullah,1,0.0095,1
bentuknya,1,0.0095,1
pusaka,1,0.0095,1
wahai,1,0.0095,1
airku,1,0.0095,1
cinta-mu,1,0.0095,1
imanku,1,0.0095,1
halangkan,1,0.0095,1
nasibmu,1,0.0095,1
bangsaku,1,0.0095,1
bermuktamar,1,0.0095,1
kejadian-kejadian,1,0.0095,1
krisis-krisis,1,0.0095,1
lali,1,0.0095,1
pandantaris,1,0.0095,1
ketlingsotnya,1,0.0095,1
administrasi,1,0.0095,1
mendikdasmen,1,0.0095,1
terpenuhi,1,0.0095,1
oktobernember,1,0.0095,1
jaz,1,0.0095,1
jas,1,0.0095,1
ijau,1,0.0095,1
sekali-kali,1,0.0095,1
televisi,1,0.0095,1
akhlak,1,0.0095,1
jantungnya,1,0.0095,1
kekurangannya,1,0.0095,1
serendah-rendahnya,1,0.0095,1
gugusan,1,0.0095,1
terap,1,0.0095,1
membendung,1,0.0095,1
penghematan-penghematan,1,0.0095,1
berhikmat,1,0.0095,1
beduk,1,0.0095,1
tha,1,0.0095,1
rasulillah,1,0.0095,1
kentongan,1,0.0095,1
barul,1,0.0095,1
muktamarin,1,0.0095,1
akwa,1,0.0095,1
akhwa,1,0.0095,1
tengku,1,0.0095,1
nuruzzari,1,0.0095,1
sulfah,1,0.0095,1
hikmat,1,0.0095,1
stakuf,1,0.0095,1
nyai-nyai,1,0.0095,1
khudori,1,0.0095,1
bisri,1,0.0095,1
pangling,1,0.0095,1
gudfan,1,0.0095,1
maksum,1,0.0095,1
faqih,1,0.0095,1
yeni,1,0.0095,1
menkoan,1,0.0095,1
ke-64,1,0.0095,1
sugono,1,0.0095,1
nazaruddin,1,0.0095,1
umrah,1,0.0095,1
irfan,1,0.0095,1
sah,1,0.0095,1
nusran,1,0.0095,1
arifatul,1,0.0095,1
redcall,1,0.0095,1
baiklah,1,0.0095,1
gitulah,1,0.0095,1
seumur,1,0.0095,1
nato,1,0.0095,1
uni,1,0.0095,1
memerintah,1,0.0095,1
efisiennya,1,0.0095,1
gemuk,1,0.0095,1
leste,1,0.0095,1
timuleste,1,0.0095,1
timul,1,0.0095,1
alihkan,1,0.0095,1
pinjam-pinjam,1,0.0095,1
sekecil,1,0.0095,1
dc,1,0.0095,1
tolak,1,0.0095,1
rupiah-rupiahnya,1,0.0095,1
warganya,1,0.0095,1
beraspirasi,1,0.0095,1
rentenir-rentenir,1,0.0095,1
tengkulak-tengkulak,1,0.0095,1
guyub,1,0.0095,1
pesantrennya,1,0.0095,1
kiainya,1,0.0095,1
terlaksananya,1,0.0095,1
risam,1,0.0095,1
yaya,1,0.0095,1
khalil,1,0.0095,1
staqf,1,0.0095,1
official,1,0.0095,1
pelepasan,1,0.0095,1
keterampilan,1,0.0095,1
terampil,1,0.0095,1
dikirim,1,0.0095,1
kualifikasi,1,0.0095,1
jeripaya,1,0.0095,1
harimu,1,0.0095,1
olympic,1,0.0095,1
bangsamu,1,0.0095,1
wakili,1,0.0095,1
equestrian,1,0.0095,1
cross,1,0.0095,1
rusuk,1,0.0095,1
rusuknya,1,0.0095,1
fraktur,1,0.0095,1
medelimas,1,0.0095,1
wasit,1,0.0095,1
judge,1,0.0095,1
mukanya,1,0.0095,1
suaminya,1,0.0095,1
kecut,1,0.0095,1
senyumnya,1,0.0095,1
puncak-puncak,1,0.0095,1
karir,1,0.0095,1
olahragawan-olahragawan,1,0.0095,1
tembak,1,0.0095,1
ngalahin,1,0.0095,1
reuni,1,0.0095,1
dihabisin,1,0.0095,1
medalimas,1,0.0095,1
perunggu,1,0.0095,1
karya-karyanya,1,0.0095,1
bisikin,1,0.0095,1
pangkatlah,1,0.0095,1
pelit,1,0.0095,1
pepatah,1,0.0095,1
tontara,1,0.0095,1
lupa-lupa,1,0.0095,1
perjuanganmu,1,0.0095,1
prestasimu,1,0.0095,1
dikumandangkan,1,0.0095,1
kukela,1,0.0095,1
majuan,1,0.0095,1
serang,1,0.0095,1
sera,1,0.0095,1
melay,1,0.0095,1
berar,1,0.0095,1
ser,1,0.0095,1
bakan,1,0.0095,1
merd,1,0.0095,1
kesibukan,1,0.0095,1
diberkahi,1,0.0095,1
panjangin,1,0.0095,1
susilo,1,0.0095,1
membersamai,1,0.0095,1
rakauming,1,0.0095,1
hasanuddin,1,0.0095,1
patrio,1,0.0095,1
p3,1,0.0095,1
psi,1,0.0095,1
grace,1,0.0095,1
natali,1,0.0095,1
kurnia,1,0.0095,1
gelombang,1,0.0095,1
gelora,1,0.0095,1
rido,1,0.0095,1
rahmadi,1,0.0095,1
ihsan,1,0.0095,1
jauhari,1,0.0095,1
prima,1,0.0095,1
kolega,1,0.0095,1
teku,1,0.0095,1
rifki,1,0.0095,1
harsyah,1,0.0095,1
ift,1,0.0095,1
syahn,1,0.0095,1
pasaribu,1,0.0095,1
mauladi,1,0.0095,1
isyana,1,0.0095,1
oka,1,0.0095,1
lemhanas,1,0.0095,1
tubagus,1,0.0095,1
syadili,1,0.0095,1
last,1,0.0095,1
least,1,0.0095,1
legislatif,1,0.0095,1
dpc,1,0.0095,1
se-indonesia,1,0.0095,1
arena,1,0.0095,1
ketabahan,1,0.0095,1
ringankan,1,0.0095,1
genap,1,0.0095,1
seperat,1,0.0095,1
keteguhan,1,0.0095,1
dijawab,1,0.0095,1
refleksi,1,0.0095,1
kontemplasi,1,0.0095,1
menyemangati,1,0.0095,1
mempertegas,1,0.0095,1
isi,1,0.0095,1
tafsir,1,0.0095,1
keluarga-keluarga,1,0.0095,1
menyelesaikannya,1,0.0095,1
sanitasi,1,0.0095,1
huni,1,0.0095,1
kuatnya,1,0.0095,1
membatasi,1,0.0095,1
berakhir,1,0.0095,1
kuning,1,0.0095,1
oran,1,0.0095,1
birunya,1,0.0095,1
indahnya,1,0.0095,1
bertepuk,1,0.0095,1
atasan,1,0.0095,1
resikonya,1,0.0095,1
verbatim,1,0.0095,1
duk,1,0.0095,1
diandalkan,1,0.0095,1
mengandalkan,1,0.0095,1
loyalitas,1,0.0095,1
pedomani,1,0.0095,1
spesial,1,0.0095,1
keteladanan,1,0.0095,1
line,1,0.0095,1
beginning,1,0.0095,1
our,1,0.0095,1
new,1,0.0095,1
chapter,1,0.0095,1
pewaris,1,0.0095,1
pembuat,1,0.0095,1
tetaplah,1,0.0095,1
membimbing,1,0.0095,1
landasannya,1,0.0095,1
nyala,1,0.0095,1
obor,1,0.0095,1
hariurti,1,0.0095,1
grendra,1,0.0095,1
perwatan,1,0.0095,1
mewakilinya,1,0.0095,1
purabirawan,1,0.0095,1
sosi,1,0.0095,1
yuno,1,0.0095,1
masuknya,1,0.0095,1
teksnya,1,0.0095,1
paparan,1,0.0095,1
paparannya,1,0.0095,1
esensinya,1,0.0095,1
rangkum,1,0.0095,1
sistematis,1,0.0095,1
kalangan,1,0.0095,1
ay,1,0.0095,1
dididik,1,0.0095,1
menghayati,1,0.0095,1
nyontek,1,0.0095,1
mak,1,0.0095,1
berkeluarga,1,0.0095,1
perbandingan,1,0.0095,1
ekonomia,1,0.0095,1
one,1,0.0095,1
great,1,0.0095,1
powers,1,0.0095,1
simbolis,1,0.0095,1
harmurti,1,0.0095,1
satuyalah,1,0.0095,1
kesediaannya,1,0.0095,1
seremonial,1,0.0095,1
pembela,1,0.0095,1
bernyata,1,0.0095,1
sentuh,1,0.0095,1
tuan-tuan,1,0.0095,1
diserah,1,0.0095,1
serangus,1,0.0095,1
menyerang,1,0.0095,1
berang,1,0.0095,1
bera,1,0.0095,1
